puzzle_id,task_id,pair_index,grid_id,vote_rank,vote_count,vote_share,correct,raw_d,oriented_structural_score,m1_effective_score,m1_rank,mean_q,height,width,candidate_shape,is_invalid,top_k,eligible_mixed,structural_margin
00576224,00576224#0,0,d54ef9c901ec3073cb26,1,1001,1.0,1,0.0,0.0,0.9999999999999875,1,0.9998067211914253,6,6,6x6,0,5,0,
0607ce86,0607ce86#0,0,9084a3fdb50df8cf671b,1,988,0.987012987012987,1,0.850649356842041,0.850649356842041,0.9876582853075223,1,0.9792001333072601,24,22,24x22,0,5,1,0.00027056251253398944
0607ce86,0607ce86#0,0,f28ada051408d37f18d4,2,4,0.003996003996003996,0,0.8344155975750515,0.8344155975750515,0.00393422800939636,2,0.9961138516664505,24,22,24x22,0,5,1,0.00027056251253398944
0607ce86,0607ce86#0,0,f1d6dfa69ed809d66eed,3,3,0.002997002997002997,0,0.849296544279371,0.849296544279371,0.0029949081137300164,3,0.7990289231141409,24,22,24x22,0,5,1,0.00027056251253398944
0607ce86,0607ce86#0,0,d9baf492058879459e81,4,2,0.001998001998001998,0,0.8452380980764117,0.8452380980764117,0.0019885187143193796,4,0.8028819262981415,24,22,24x22,0,5,1,0.00027056251253398944
0607ce86,0607ce86#0,0,717a34d7720e72fcaf45,5,1,0.000999000999000999,0,0.850378794329507,0.850378794329507,0.0009993837025783108,5,0.9774304032325745,24,22,24x22,0,5,1,0.00027056251253398944
0a2355a6,0a2355a6#0,0,91437534f78b1a3d44ec,1,87,0.08691308691308691,0,0.8221139942005182,0.8221139942005182,0.0901831232588358,1,0.7196681786371374,15,17,15x17,0,5,0,
0a2355a6,0a2355a6#0,0,325ed32e376638a0bdf2,2,79,0.07892107892107893,0,0.8011323543870525,0.8011323543870525,0.08019012679508343,2,0.7690924090109293,15,17,15x17,0,5,0,
0a2355a6,0a2355a6#0,0,044bf6592ae6b17e4d5a,3,44,0.04395604395604396,0,0.7951792303923588,0.7951792303923588,0.044397761764473694,3,0.7452330352230505,15,17,15x17,0,5,0,
0a2355a6,0a2355a6#0,0,1a6f512c013a21e9ec1b,4,38,0.03796203796203796,0,0.7724407945468927,0.7724407945468927,0.037481487612591846,4,0.7985295245521947,15,17,15x17,0,5,0,
0a2355a6,0a2355a6#0,0,37164497a3b352415656,5,37,0.03696303696303696,0,0.7793847181994444,0.7793847181994444,0.03674943399304751,5,0.7945553310014106,15,17,15x17,0,5,0,
0bb8deee,0bb8deee#0,0,c4a1c8e425bb41d823e3,1,120,0.11988011988011989,0,0.581068841740489,0.581068841740489,0.13103602425689514,1,0.8739413648222883,6,6,6x6,0,5,0,
0bb8deee,0bb8deee#0,0,d6f2b14a742134d9801f,2,70,0.06993006993006994,0,0.5618961353826782,0.5618961353826782,0.07498612321625918,2,0.8356544135936669,6,6,6x6,0,5,0,
0bb8deee,0bb8deee#0,0,b76dd28e16abb98e9764,3,41,0.04095904095904096,0,0.5050573652691167,0.5050573652691167,0.04149368002873943,3,0.6764512032997317,6,6,6x6,0,5,0,
0bb8deee,0bb8deee#0,0,73538637377d338db3cc,4,24,0.023976023976023976,0,0.06444099432100421,0.06444099432100421,0.015633351047268224,7,0.47479359650363523,7,7,7x7,0,5,0,
0bb8deee,0bb8deee#0,0,8bdc045b189ae7f72602,5,17,0.016983016983016984,0,0.5782004838566417,0.5782004838566417,0.01851026648167931,4,0.8955266405554378,6,6,6x6,0,5,0,
0becf7df,0becf7df#0,0,881293d7f62c1b7ad293,1,444,0.4435564435564436,1,0.8568907530367875,0.8568907530367875,0.4444616430832462,1,0.9130919535082203,10,10,10x10,0,5,1,-0.0052100840736838405
0becf7df,0becf7df#0,0,a5e6f90ee3628bcfce27,2,334,0.3336663336663337,0,0.8621008371104714,0.8621008371104714,0.3360937952619001,2,0.8922023576109888,10,10,10x10,0,5,1,-0.0052100840736838405
0becf7df,0becf7df#0,0,5293277b3d2f6156a064,3,39,0.03896103896103896,0,0.7859663697851806,0.7859663697851806,0.03636753421218651,3,0.9545771708855262,10,10,10x10,0,5,1,-0.0052100840736838405
0becf7df,0becf7df#0,0,08b48c49f47ff6bdfd09,4,32,0.03196803196803197,0,0.8557983171038267,0.8557983171038267,0.03199829638420502,4,0.6098036889452487,10,10,10x10,0,5,1,-0.0052100840736838405
0becf7df,0becf7df#0,0,82b2d6fe69ca3479333d,5,15,0.014985014985014986,0,0.859495798579785,0.859495798579785,0.015054763355833022,5,0.6880336284637452,10,10,10x10,0,5,1,-0.0052100840736838405
0c9aba6e,0c9aba6e#0,0,d895ed8fd6f53b8bf905,1,1001,1.0,1,0.0,0.0,0.9999999999999875,1,0.9992376273566788,6,4,6x4,0,5,0,
0d87d2a6,0d87d2a6#0,0,7a22412305f8041165f5,1,137,0.2378472222222222,0,0.9481992084329779,0.9481992084329779,0.2363554694911566,1,0.6984699324425989,23,25,23x25,0,5,0,
0d87d2a6,0d87d2a6#0,0,b6275b12f988bce5ae61,2,30,0.052083333333333336,0,0.9662102742628618,0.9662102742628618,0.05269731050189417,2,0.10988957627365986,23,25,23x25,0,5,0,
0d87d2a6,0d87d2a6#0,0,99e0f28bad9252c8350d,3,14,0.024305555555555556,0,0.9467636342482133,0.9467636342482133,0.024118464960509282,3,0.46789095444338663,23,25,23x25,0,5,0,
0d87d2a6,0d87d2a6#0,0,6a31995d980cfa9a402f,4,14,0.024305555555555556,0,0.9466181804917075,0.9466181804917075,0.024114957094301965,4,0.4365663778569017,23,25,23x25,0,5,0,
0d87d2a6,0d87d2a6#0,0,88b124bfc075c38a74ae,5,13,0.022569444444444444,0,0.9672474291107871,0.9672474291107871,0.022859197454489392,5,0.10808435311684242,23,25,23x25,0,5,0,
0f63c0b9,0f63c0b9#0,0,5a931347a566bb997d8f,1,431,0.4305694305694306,0,0.9877777794996897,0.9877777794996897,0.4299052350212227,1,0.8937468798420546,15,15,15x15,0,5,1,0.0018518567085266113
0f63c0b9,0f63c0b9#0,0,beeb381b1249a1794a11,2,426,0.4255744255744256,1,0.9914814879496893,0.9914814879496893,0.42649462545652655,2,0.9225031431292144,15,15,15x15,0,5,1,0.0018518567085266113
0f63c0b9,0f63c0b9#0,0,eb6eb59eef9c5e55f46c,3,59,0.058941058941058944,0,0.9870370378096899,0.9870370378096899,0.05880655997250195,3,0.9120400967234272,15,15,15x15,0,5,1,0.0018518567085266113
0f63c0b9,0f63c0b9#0,0,0734501a06c8bb1ae943,4,41,0.04095904095904096,0,0.9896296312411627,0.9896296312411627,0.04097166085549878,4,0.6510929290841265,15,15,15x15,0,5,1,0.0018518567085266113
0f63c0b9,0f63c0b9#0,0,a3b28731c62fa676007b,5,18,0.017982017982017984,0,0.9855555593967438,0.9855555593967438,0.017914424895819746,5,0.7878107693460252,15,15,15x15,0,5,1,0.0018518567085266113
12eac192,12eac192#0,0,18132dd6329b918a1b87,1,73,0.07292707292707293,0,0.8773421457905544,0.8773421457905544,0.07360566013656185,1,0.6813558034905015,8,8,8x8,0,5,0,
12eac192,12eac192#0,0,598408e68876385ef8d4,2,20,0.01998001998001998,0,0.8858444558521561,0.8858444558521561,0.0203381222705015,2,0.7442158974707127,8,8,8x8,0,5,0,
12eac192,12eac192#0,0,dc23f2ea6a3b08bc6547,3,17,0.016983016983016984,0,0.8694815195071869,0.8694815195071869,0.0170068329822402,3,0.537951293237069,8,8,8x8,0,5,0,
12eac192,12eac192#0,0,c02bd483df52292155d9,4,16,0.015984015984015984,0,0.8885395277207392,0.8885395277207392,0.016314407120141046,4,0.7837490048259497,8,8,8x8,0,5,0,
12eac192,12eac192#0,0,2d9ac8d13d27bc3f27c9,5,16,0.015984015984015984,0,0.8797163757700205,0.8797163757700205,0.016171095785681572,5,0.563425250351429,8,8,8x8,0,5,0,
137f0df0,137f0df0#0,0,3f42351747b4eebfdce1,1,1000,0.999000999000999,1,0.9900000095367432,0.9900000095367432,0.9990009990009865,1,0.9952285753190517,10,10,10x10,0,5,1,0.0
137f0df0,137f0df0#0,0,651b4264b720a3775f47,2,1,0.000999000999000999,0,0.9900000095367432,0.9900000095367432,0.000999000999000999,2,0.7667768001556396,10,10,10x10,0,5,1,0.0
140c817e,140c817e#0,0,fc24c87e8e55119656e9,1,888,0.8871128871128872,1,0.9818239882588387,0.9818239882588387,0.8874129261889304,1,0.9457880376527706,14,14,14x14,0,5,1,-0.0009566321969032288
140c817e,140c817e#0,0,890789a7363a05f45826,2,36,0.03596403596403597,0,0.9779974594712257,0.9779974594712257,0.035838798798430375,2,0.7756906557414267,14,14,14x14,0,5,1,-0.0009566321969032288
140c817e,140c817e#0,0,ba4b54403c5317b80bcd,3,32,0.03196803196803197,0,0.9827806204557419,0.9827806204557419,0.0320094508162676,3,0.404873788356781,14,14,14x14,0,5,1,-0.0009566321969032288
140c817e,140c817e#0,0,9c414e9a231e0400095f,4,20,0.01998001998001998,0,0.9824617430567741,0.9824617430567741,0.019999528345675737,4,0.3690986879169941,14,14,14x14,0,5,1,-0.0009566321969032288
140c817e,140c817e#0,0,037d1a723b6e8782ced6,5,5,0.004995004995004995,0,0.9725765399634838,0.9725765399634838,0.0049507007209335825,5,0.5487566910684109,14,14,14x14,0,5,1,-0.0009566321969032288
14754a24,14754a24#0,0,4746b32c3fa920152ded,1,719,0.7182817182817183,1,0.9852262205547757,0.9852262205547757,0.7185475883890213,1,0.9942485909800205,19,19,19x19,0,5,1,-0.0006155702802869145
14754a24,14754a24#0,0,c6f62eaeaf01885a1d99,2,157,0.15684315684315683,0,0.9858417908350626,0.9858417908350626,0.15699782538531684,2,0.9043638534416818,19,19,19x19,0,5,1,-0.0006155702802869145
14754a24,14754a24#0,0,2b7a4666a35ca74cee45,3,62,0.061938061938061936,0,0.9821483559078641,0.9821483559078641,0.06177057380057776,3,0.9215630845677468,19,19,19x19,0,5,1,-0.0006155702802869145
14754a24,14754a24#0,0,65c4e0dd6d33fc18650a,4,33,0.03296703296703297,0,0.9827639328108894,0.9827639328108894,0.03289813115299008,4,0.9321117744301305,19,19,19x19,0,5,1,-0.0006155702802869145
14754a24,14754a24#0,0,bdbefc205a899dc9632d,5,13,0.012987012987012988,0,0.973838104142083,0.973838104142083,0.012844706996841255,6,0.47790892995320833,19,19,19x19,0,5,1,-0.0006155702802869145
15696249,15696249#0,0,c9c8e1bf162eef944082,1,323,0.3226773226773227,0,0.555645670333918,0.555645670333918,0.30468403058216076,1,0.9413366943436325,9,9,9x9,0,5,1,-0.27304677507520597
15696249,15696249#0,0,be2cdb96d67f02dc28b0,2,258,0.25774225774225773,0,0.6632423194220466,0.6632423194220466,0.27101635919938916,2,0.8849541449616122,9,9,9x9,0,5,1,-0.27304677507520597
15696249,15696249#0,0,d50afb4f8e4a341d5914,3,130,0.12987012987012986,1,0.47310083859810864,0.47310083859810864,0.11291243082318701,3,0.9414295038924767,9,9,9x9,0,5,1,-0.27304677507520597
15696249,15696249#0,0,9c74f3e7c215b87a76c4,4,56,0.055944055944055944,0,0.7461476136733146,0.7461476136733146,0.06391004738990659,4,0.5185885419403868,9,9,9x9,0,5,1,-0.27304677507520597
15696249,15696249#0,0,c1d62fc8ac48a35f3d3d,5,22,0.02197802197802198,0,0.7239794596268313,0.7239794596268313,0.024557055198494156,5,0.5586757964708589,9,9,9x9,0,5,1,-0.27304677507520597
17b80ad2,17b80ad2#0,0,47ac65385056f1356eb1,1,267,0.26673326673326675,1,0.9515811217327913,0.9515811217327913,0.27182244769449765,1,0.6842653175697344,17,17,17x17,0,5,1,0.008578430861234665
17b80ad2,17b80ad2#0,0,23d653de641c5cc9d56e,2,124,0.12387612387612387,0,0.9259179143442048,0.9259179143442048,0.12304114198647105,2,0.9706493139026626,17,17,17x17,0,5,1,0.008578430861234665
17b80ad2,17b80ad2#0,0,1a5473398c3022d28965,3,79,0.07892107892107893,0,0.9430026908715566,0.9430026908715566,0.07973988107385077,3,0.4327738898794485,17,17,17x17,0,5,1,0.008578430861234665
17b80ad2,17b80ad2#0,0,61dfacb4f3997f02a87d,4,50,0.04995004995004995,0,0.910515182548099,0.910515182548099,0.048855037509391595,4,0.8199447994306683,17,17,17x17,0,5,1,0.008578430861234665
17b80ad2,17b80ad2#0,0,26f356336aa838d07eeb,5,45,0.04495504495504495,0,0.8874471332463953,0.8874471332463953,0.042966851807390585,5,0.7856698834233814,17,17,17x17,0,5,1,0.008578430861234665
17cae0c1,17cae0c1#0,0,b87dc1bf62a42e90cd41,1,70,0.06993006993006994,0,0.17597230108383302,0.17597230108383302,0.06661312695002777,1,0.7383900946804456,3,9,3x9,0,5,0,
17cae0c1,17cae0c1#0,0,a5b3e374aa38345dc30a,2,38,0.03796203796203796,0,0.2621653386841035,0.2621653386841035,0.039416543531145765,2,0.5737591577987922,3,9,3x9,0,5,0,
17cae0c1,17cae0c1#0,0,db10d147947628676dff,3,34,0.03396603396603397,0,0.20342546368083095,0.20342546368083095,0.03325549792763722,3,0.6364777991000343,3,9,3x9,0,5,0,
17cae0c1,17cae0c1#0,0,12fab2eba4788d140bee,4,27,0.026973026973026972,0,0.2899894913244924,0.2899894913244924,0.028796690682208022,4,0.5810279730293486,3,9,3x9,0,5,0,
17cae0c1,17cae0c1#0,0,0f507a6dc38a6d056130,5,22,0.02197802197802198,0,0.22092376388174068,0.22092376388174068,0.02189811004061318,5,0.5415259951894934,3,9,3x9,0,5,0,
195ba7dc,195ba7dc#0,0,478022932b0d5172f67c,1,999,0.998001998001998,1,0.9666666388511658,0.9666666388511658,0.9980349571454076,1,0.9984267163085746,5,6,5x6,0,5,1,0.016666650772094727
195ba7dc,195ba7dc#0,0,5caf6f35c3828f6fbb2e,2,1,0.000999000999000999,0,0.949999988079071,0.949999988079071,0.0009825214272970258,2,0.9560948610305786,5,6,5x6,0,5,1,0.016666650772094727
195ba7dc,195ba7dc#0,0,6ebd402921ad7c3b5566,3,1,0.000999000999000999,0,0.949999988079071,0.949999988079071,0.0009825214272970258,3,0.7191400527954102,5,6,5x6,0,5,1,0.016666650772094727
1d0a4b61,1d0a4b61#0,0,1656d084198261da7dca,1,266,0.26573426573426573,1,0.9756906815961273,0.9756906815961273,0.2678413920014194,1,0.905974815774681,25,25,25x25,0,5,1,-0.0005073709846040719
1d0a4b61,1d0a4b61#0,0,40df840826db6e0677f5,2,4,0.003996003996003996,0,0.9761980525807313,0.9761980525807313,0.00402973415688131,2,0.5793465971946716,25,25,25x25,0,5,1,-0.0005073709846040719
1d0a4b61,1d0a4b61#0,0,0909f9719b2390b067c9,3,3,0.002997002997002997,0,0.9747916555371503,0.9747916555371503,0.0030180530505905,3,0.27850161989529926,25,25,25x25,0,5,1,-0.0005073709846040719
1d0a4b61,1d0a4b61#0,0,df3f619804a92fdb4057,4,2,0.001998001998001998,0,0.0,0.0,0.0007590824897136152,720,0.9615149199962616,0,0,0x0,1,5,1,-0.0005073709846040719
1d0a4b61,1d0a4b61#0,0,0a3badef9334c0eecfe3,5,2,0.001998001998001998,0,0.9752990260243581,0.9752990260243581,0.002013056473442515,6,0.5230019278824329,25,25,25x25,0,5,1,-0.0005073709846040719
1d398264,1d398264#0,0,aaeb32fe55748b5bde09,1,997,0.996003996003996,1,0.9791666865348816,0.9791666865348816,0.9960039534299822,1,0.9975041303197024,12,12,12x12,0,5,1,-0.004629611968994141
1d398264,1d398264#0,0,736d4f440cda4c3cd021,2,2,0.001998001998001998,0,0.9745370348294576,0.9745370348294576,0.0019887732388918023,2,0.17560278624296188,12,12,12x12,0,5,1,-0.004629611968994141
1d398264,1d398264#0,0,0ee7b57aa5453e09427b,3,1,0.000999000999000999,0,0.9837962985038757,0.9837962985038757,0.0010036366655708675,3,0.2125203013420105,12,12,12x12,0,5,1,-0.004629611968994141
1d398264,1d398264#0,0,3a1e1c32d6d2b58580dd,4,1,0.000999000999000999,0,0.9837962985038757,0.9837962985038757,0.0010036366655708675,4,0.2022484689950943,12,12,12x12,0,5,1,-0.004629611968994141
1d398264,1d398264#1,1,94727d0c69b2d9676958,1,724,0.7232767232767233,1,0.978515625,0.978515625,0.7212453945081173,1,0.9959751773028742,16,16,16x16,0,5,1,-0.01123046875
1d398264,1d398264#1,1,5cfafc8be64d9e786408,2,136,0.13586413586413587,0,0.9892578125,0.9892578125,0.13694578440322022,2,0.41659112263690024,16,16,16x16,0,5,1,-0.01123046875
1d398264,1d398264#1,1,3356bcc755a19d52e398,3,47,0.04695304695304695,0,0.98974609375,0.98974609375,0.04734996642003131,3,0.40035185091038966,16,16,16x16,0,5,1,-0.01123046875
1d398264,1d398264#1,1,8a33ef74d70b8ce8148f,4,40,0.03996003996003996,0,0.98779296875,0.98779296875,0.04021921384765286,4,0.3579911429435015,16,16,16x16,0,5,1,-0.01123046875
1d398264,1d398264#1,1,c1c57d31425388d48a31,5,15,0.014985014985014986,0,0.9892578125,0.9892578125,0.015104314456237502,5,0.34403952956199646,16,16,16x16,0,5,1,-0.01123046875
20981f0e,20981f0e#0,0,d7a6f6983222fe8f2c9f,1,551,0.9565972222222222,1,0.9936651587486267,0.9936651587486267,0.9567112534686014,1,0.9578394423325135,17,13,17x13,0,5,1,0.0
20981f0e,20981f0e#0,0,734bd43c62f91072296d,2,11,0.019097222222222224,0,0.9900452494621277,0.9900452494621277,0.01903048524194818,2,0.3069295327771794,17,13,17x13,0,5,1,0.0
20981f0e,20981f0e#0,0,af5ae1a75c6a6f00547f,3,6,0.010416666666666666,0,0.9936651587486267,0.9936651587486267,0.010417908386227828,3,0.5442915633320808,17,13,17x13,0,5,1,0.0
20981f0e,20981f0e#0,0,c4e0b02293260ce70762,4,5,0.008680555555555556,0,0.9900452494621277,0.9900452494621277,0.008650220564521898,4,0.45158261954784396,17,13,17x13,0,5,1,0.0
20981f0e,20981f0e#0,0,0d30f4d98332324d3716,5,2,0.003472222222222222,0,0.9900452494621277,0.9900452494621277,0.003460088225808759,5,0.9612880349159241,17,13,17x13,0,5,1,0.0
22a4bbc2,22a4bbc2#0,0,e989d67459be47899adf,1,134,0.13386613386613386,1,0.7395942173470026,0.7395942173470026,0.13970909502543194,1,0.8464933870666063,22,4,22x4,0,5,1,-0.0010449343942591227
22a4bbc2,22a4bbc2#0,0,2a62ee58d1c2261f7f56,2,62,0.061938061938061936,0,0.5779780563951908,0.5779780563951908,0.05499491862136971,2,0.8825431357949011,22,4,22x4,0,5,1,-0.0010449343942591227
22a4bbc2,22a4bbc2#0,0,be0f3e5506dc807a6673,3,51,0.05094905094905095,0,0.579022988391562,0.579022988391562,0.04528505072424129,4,0.9736584202916014,22,4,22x4,0,5,1,-0.0010449343942591227
22a4bbc2,22a4bbc2#0,0,fe9daa2c60de79828fb2,4,49,0.04895104895104895,0,0.7406391517412617,0.7406391517412617,0.05114106529874795,3,0.7961278363149993,22,4,22x4,0,5,1,-0.0010449343942591227
22a4bbc2,22a4bbc2#0,0,e15c3ead5d91eaa3ac25,5,41,0.04095904095904096,0,0.735501567751055,0.735501567751055,0.042572222443465306,5,0.8018866759247896,22,4,22x4,0,5,1,-0.0010449343942591227
25094a63,25094a63#0,0,7f15a902456cd71179ef,1,946,0.945054945054945,1,0.844747478311712,0.844747478311712,0.9460095583747575,1,0.9919155835199621,30,30,30x30,0,5,1,-0.0008080872622403534
25094a63,25094a63#0,0,e9af5acfcf8b00e88e85,2,30,0.029970029970029972,0,0.8416161645542491,0.8416161645542491,0.02990650968279845,2,0.9852936287720998,30,30,30x30,0,5,1,-0.0008080872622403534
25094a63,25094a63#0,0,40afa94a7a1a86a7d231,3,15,0.014985014985014986,0,0.8455555655739524,0.8455555655739524,0.015012277890167635,3,0.9875029762585957,30,30,30x30,0,5,1,-0.0008080872622403534
25094a63,25094a63#0,0,ff27b2e02b9ebb07d40e,4,2,0.001998001998001998,0,0.7757575945420698,0.7757575945420698,0.0018666911045854635,4,0.600570484995842,30,30,30x30,0,5,1,-0.0008080872622403534
25094a63,25094a63#0,0,8d3feddfbb718ed82a11,5,1,0.000999000999000999,0,0.7773737473921343,0.7773737473921343,0.0009348552009500608,9,0.9885225296020508,30,30,30x30,0,5,1,-0.0008080872622403534
256b0a75,256b0a75#0,0,1c2be549294831b9ca0b,1,841,0.8401598401598401,1,0.9862443401533014,0.9862443401533014,0.8411454897102767,1,0.9715231069132207,25,26,25x26,0,5,1,0.004796376999686713
256b0a75,256b0a75#0,0,e319539d368df082ba7f,2,40,0.03996003996003996,0,0.9814479631536147,0.9814479631536147,0.0398154910227519,2,0.9387562490999699,25,26,25x26,0,5,1,0.004796376999686713
256b0a75,256b0a75#0,0,93c96700560e4743b672,3,19,0.01898101898101898,0,0.979185518096475,0.979185518096475,0.018869618430858794,3,0.9515176289959958,25,26,25x26,0,5,1,0.004796376999686713
256b0a75,256b0a75#0,0,519bb600f49f8b6e7013,4,15,0.014985014985014986,0,0.9785067877348732,0.9785067877348732,0.014886959521037822,4,0.6700677454471589,25,26,25x26,0,5,1,0.004796376999686713
256b0a75,256b0a75#0,0,4ddf515f088968c0c282,5,9,0.008991008991008992,0,0.971312214346493,0.971312214346493,0.008868143138670258,5,0.6021001802550422,25,26,25x26,0,5,1,0.004796376999686713
292dd178,292dd178#0,0,2fd749da2fb264bd6691,1,983,0.9820179820179821,1,0.9787878870964051,0.9787878870964051,0.9821355325467362,1,0.9886375520745954,11,15,11x15,0,5,1,-0.0006060659885406272
292dd178,292dd178#0,0,43ccd516169408d4ea7a,2,6,0.005994005994005994,0,0.9757575869560242,0.9757575869560242,0.005976585179392357,2,0.5373752216498057,11,15,11x15,0,5,1,-0.0006060659885406272
292dd178,292dd178#0,0,3353b605e3991037f701,3,3,0.002997002997002997,0,0.9739394009113311,0.9739394009113311,0.0029828642541694997,3,0.048482525472839676,11,15,11x15,0,5,1,-0.0006060659885406272
292dd178,292dd178#0,0,0f57513bb35cb7792d30,4,2,0.001998001998001998,0,0.9793939530849457,0.9793939530849457,0.0019994525979708045,4,0.09649941138923168,11,15,11x15,0,5,1,-0.0006060659885406272
292dd178,292dd178#0,0,8f3ad13de29c69ca0c5b,5,1,0.000999000999000999,0,0.964242422580719,0.964242422580719,0.000984693091119512,10,0.7582895755767822,11,15,11x15,0,5,1,-0.0006060659885406272
29700607,29700607#0,0,6a5d39ef0771260401be,1,290,0.2897102897102897,0,0.9439923754105202,0.9439923754105202,0.2886365646145008,1,0.7803510936940539,11,11,11x11,0,5,0,
29700607,29700607#0,0,720d09b74704338ce0bf,2,174,0.17382617382617382,0,0.9366179305773515,0.9366179305773515,0.1719095155888721,2,0.8750806421726599,11,11,11x11,0,5,0,
29700607,29700607#0,0,daf9c5186421ec1a4d5a,3,42,0.04195804195804196,0,0.957215515925334,0.957215515925334,0.04235896854295073,3,0.11218300359767108,11,11,11x11,0,5,0,
29700607,29700607#0,0,ac3ea777a25da9a94c06,4,30,0.029970029970029972,0,0.9391608426204094,0.9391608426204094,0.029715038388930914,5,0.45424201115965845,11,11,11x11,0,5,0,
29700607,29700607#0,0,929241d70ea32043dc7c,5,30,0.029970029970029972,0,0.9479974618324867,0.9479974618324867,0.029978782454764895,4,0.11868597989281018,11,11,11x11,0,5,0,
2a5f8217,2a5f8217#0,0,8f5521bb70edc65c898b,1,155,0.15484515484515485,0,0.9430945437427953,0.9430945437427953,0.1564862212152503,1,0.8048987429468862,13,13,13x13,0,5,1,-0.005455540427079408
2a5f8217,2a5f8217#0,0,6394326edfbd6f8214da,2,71,0.07092907092907093,1,0.9376390033157159,0.9376390033157159,0.0712907925579049,2,0.7115538048912102,13,13,13x13,0,5,1,-0.005455540427079408
2a5f8217,2a5f8217#0,0,2b586b0c743e8a24c9bf,3,49,0.04895104895104895,0,0.9396323749782346,0.9396323749782346,0.0492988608937349,3,0.597160206157334,13,13,13x13,0,5,1,-0.005455540427079408
2a5f8217,2a5f8217#0,0,453644a825a90408fb65,4,35,0.03496503496503497,0,0.9348482867927416,0.9348482867927416,0.03504541004358117,4,0.8425641242946897,13,13,13x13,0,5,1,-0.005455540427079408
2a5f8217,2a5f8217#0,0,3578fc377f03a12ba6d6,5,25,0.024975024975024976,0,0.9430106113143001,0.9430106113143001,0.02523759475771903,5,0.7107263845205307,13,13,13x13,0,5,1,-0.005455540427079408
310f3251,310f3251#0,0,bc8cc356832e0e34a3a4,1,315,0.3146853146853147,1,0.887152781089147,0.887152781089147,0.3180015639712424,1,0.9848019610321711,12,12,12x12,0,5,1,-0.013117288549741035
310f3251,310f3251#0,0,72cec34a912ad41829df,2,211,0.21078921078921078,0,0.8859953681627909,0.8859953681627909,0.2127641728531418,2,0.9426320856922611,12,12,12x12,0,5,1,-0.013117288549741035
310f3251,310f3251#0,0,39a45db480abf2d0ef2e,3,196,0.1958041958041958,0,0.900270069638888,0.900270069638888,0.20048022428181483,3,0.9409904504308895,12,12,12x12,0,5,1,-0.013117288549741035
310f3251,310f3251#0,0,204da7c322bcb79337cb,4,126,0.1258741258741259,0,0.8252314792739021,0.8252314792739021,0.11956310020845703,4,0.9895686871475644,12,12,12x12,0,5,1,-0.013117288549741035
310f3251,310f3251#0,0,31902947b017a730c6ec,5,64,0.06393606393606394,0,0.8364197512467703,0.8364197512467703,0.06141374779882413,5,0.9415979328332469,12,12,12x12,0,5,1,-0.013117288549741035
31adaf00,31adaf00#0,0,7aedd3ff57821e410429,1,154,0.2673611111111111,0,0.9295454576159968,0.9295454576159968,0.26591735291113816,2,0.9074370529647772,10,10,10x10,0,5,1,0.0007575804536993358
31adaf00,31adaf00#0,0,30dc54271591b788c515,2,152,0.2638888888888889,1,0.9498484884247635,0.9498484884247635,0.26784715653992314,1,0.822400304096702,10,10,10x10,0,5,1,0.0007575804536993358
31adaf00,31adaf00#0,0,3d4917a7d01b8ce72510,3,41,0.07118055555555555,0,0.9366666719768987,0.9366666719768987,0.07130213250032215,3,0.832411973578174,10,10,10x10,0,5,1,0.0007575804536993358
31adaf00,31adaf00#0,0,96d86c40b6b179dc6151,4,38,0.06597222222222222,0,0.9490909079710642,0.9490909079710642,0.0669110794031637,4,0.549147608444879,10,10,10x10,0,5,1,0.0007575804536993358
31adaf00,31adaf00#0,0,45180ec56a98dea0c54e,5,20,0.034722222222222224,0,0.9287878798715996,0.9287878798715996,0.03450856832878426,5,0.8458947658538818,10,10,10x10,0,5,1,0.0007575804536993358
32e9702f,32e9702f#0,0,9a0ff168ffc75c177afd,1,118,0.11788211788211789,0,0.9522435924945734,0.9522435924945734,0.11861211850690329,1,0.7297507359693616,10,10,10x10,0,5,1,-0.0026923077992904165
32e9702f,32e9702f#0,0,554b4cd19f7048bca0b0,2,93,0.09290709290709291,0,0.9346153888946924,0.9346153888946924,0.09184894505587485,2,0.4995324036446951,10,10,10x10,0,5,1,-0.0026923077992904165
32e9702f,32e9702f#0,0,7ddec8bb64f3986553de,3,80,0.07992007992007992,0,0.9548076960520867,0.9548076960520867,0.08062145254957775,3,0.5379051615018398,10,10,10x10,0,5,1,-0.0026923077992904165
32e9702f,32e9702f#0,0,f4ec284bb528f63d776a,4,74,0.07392607392607392,1,0.9521153882527963,0.9521153882527963,0.07437433521155773,4,0.7308027233827759,10,10,10x10,0,5,1,-0.0026923077992904165
32e9702f,32e9702f#0,0,6da308578e2c64987aaf,5,57,0.056943056943056944,0,0.9508974395501308,0.9508974395501308,0.057218607499557435,5,0.6414653551029531,10,10,10x10,0,5,1,-0.0026923077992904165
332efdb3,332efdb3#0,0,8dd26c8c65ef9fb83447,1,6,0.6666666666666666,1,0.8787878751754761,0.8787878751754761,0.6801813023788531,1,0.9838503301143646,11,11,11x11,0,5,1,0.0
332efdb3,332efdb3#0,0,d9812fe7bf7bfc121ade,2,1,0.1111111111111111,0,0.8787878751754761,0.8787878751754761,0.11336355039647553,2,0.8810802102088928,11,11,11x11,0,5,1,0.0
332efdb3,332efdb3#0,0,cf923ea72ce8a5f601b4,3,1,0.1111111111111111,0,0.7851239641507467,0.7851239641507467,0.10322757361233571,3,0.19725336134433746,11,11,11x11,0,5,1,0.0
332efdb3,332efdb3#0,0,f51147d56472eb6792fc,4,1,0.1111111111111111,0,0.7851239641507467,0.7851239641507467,0.10322757361233571,4,0.07604766637086868,11,11,11x11,0,5,1,0.0
3391f8c0,3391f8c0#0,0,214ec93b523321606c0d,1,94,0.0939060939060939,0,0.9451475691795349,0.9451475691795349,0.09487253143292668,1,0.9003789881442456,11,14,11x14,0,5,0,
3391f8c0,3391f8c0#0,0,85bcd945f81d576e88cb,2,73,0.07292707292707293,0,0.9343093224005266,0.9343093224005266,0.0728833799155327,2,0.7025459896109693,11,14,11x14,0,5,0,
3391f8c0,3391f8c0#0,0,39b8ce84ba3d99ca19fb,3,65,0.06493506493506493,0,0.9300354153459722,0.9300354153459722,0.0646193919041523,3,0.7407920747995377,11,14,11x14,0,5,0,
3391f8c0,3391f8c0#0,0,a48681a4447403f10ff3,4,35,0.03496503496503497,0,0.9323022402416576,0.9323022402416576,0.034874020945722506,4,0.19647963973028318,11,14,11x14,0,5,0,
3391f8c0,3391f8c0#0,0,6bd8cda4c70b7b3c78de,5,26,0.025974025974025976,0,0.9420070724053816,0.9420070724053816,0.02615905691272462,5,0.23477742018607947,11,14,11x14,0,5,0,
358ba94e,358ba94e#0,0,f95a811b753da6d2823e,1,242,0.24175824175824176,0,0.8894736798186051,0.8894736798186051,0.24570296307818482,1,0.8813431047457309,5,5,5x5,0,5,1,-0.03684210463574056
358ba94e,358ba94e#0,0,f2516f6c3934be51ee24,2,126,0.1258741258741259,0,0.8747368392191435,0.8747368392191435,0.1260565580171459,2,0.8250481501103394,5,5,5x5,0,5,1,-0.03684210463574056
358ba94e,358ba94e#0,0,3c06d875123b4c226bab,3,118,0.11788211788211789,0,0.8610526276262183,0.8610526276262183,0.1164485081663844,3,0.920413081676273,5,5,5x5,0,5,1,-0.03684210463574056
358ba94e,358ba94e#0,0,c71a2bc92003eee8130e,4,112,0.11188811188811189,1,0.8526315751828646,0.8526315751828646,0.10960054856947699,4,0.9602134130629045,5,5,5x5,0,5,1,-0.03684210463574056
358ba94e,358ba94e#0,0,44d0033cd2f84118d5c4,5,83,0.08291708291708291,0,0.8799999936630851,0.8799999936630851,0.08347544649639399,5,0.7359368127871708,5,5,5x5,0,5,1,-0.03684210463574056
37d3e8b2,37d3e8b2#0,0,e5f40430108829bb63ca,1,147,0.14685314685314685,0,0.7939925534588298,0.7939925534588298,0.1506132006970323,1,0.7841731436601301,17,18,17x18,0,5,0,
37d3e8b2,37d3e8b2#0,0,49956cddf02fe7e5a8f8,2,72,0.07192807192807193,0,0.797362162736044,0.797362162736044,0.07401872539484128,2,0.8531035013082955,17,18,17x18,0,5,0,
37d3e8b2,37d3e8b2#0,0,754a5e83ef6cf1d0e9dc,3,62,0.061938061938061936,0,0.7959627199686315,0.7959627199686315,0.06364921108401025,3,0.7739334816653882,17,18,17x18,0,5,0,
37d3e8b2,37d3e8b2#0,0,b0f678b19ad3d33cedb7,4,43,0.04295704295704296,0,0.7953607246065825,0.7953607246065825,0.04411724131702465,4,0.7612669384756754,17,18,17x18,0,5,0,
37d3e8b2,37d3e8b2#0,0,5a4b30efbae39d6c33ca,5,34,0.03396603396603397,0,0.7925931105488225,0.7925931105488225,0.03478698979741492,5,0.8530248896602322,17,18,17x18,0,5,0,
3979b1a8,3979b1a8#0,0,015294631710124b5f4d,1,995,0.994005994005994,1,0.7920000076293945,0.7920000076293945,0.995113514644156,1,0.996058333818637,10,10,10x10,0,5,1,0.003999996185302668
3979b1a8,3979b1a8#0,0,045c14cd8cde80830d92,2,2,0.001998001998001998,0,0.0,0.0,0.0009059793655703805,6,0.9974672794342041,10,7,10x7,0,5,1,0.003999996185302668
3979b1a8,3979b1a8#0,0,a7c8b6c847cea9039497,3,1,0.000999000999000999,0,0.7880000114440918,0.7880000114440918,0.000996121622784587,2,0.9969802498817444,10,10,10x10,0,5,1,0.003999996185302668
3979b1a8,3979b1a8#0,0,ce3e40cc4212e2d9d8bc,4,1,0.000999000999000999,0,0.7860000133514404,0.7860000133514404,0.00099413137235092,4,0.9930069446563721,10,10,10x10,0,5,1,0.003999996185302668
3979b1a8,3979b1a8#0,0,9b309bc669a217a26a00,5,1,0.000999000999000999,0,0.7860000133514404,0.7860000133514404,0.00099413137235092,5,0.7331204414367676,10,10,10x10,0,5,1,0.003999996185302668
3b4c2228,3b4c2228#0,0,3b8f9e09723a6fef2408,1,458,0.45754245754245754,0,0.6761904886790684,0.6761904886790684,0.4780756118063548,1,0.965681985411061,3,3,3x3,0,5,1,-0.04444444349833898
3b4c2228,3b4c2228#0,0,be2da3425cadd7541312,2,327,0.32667332667332666,1,0.6317460451807294,0.6317460451807294,0.3264952652114135,2,0.9037249519372934,3,3,3x3,0,5,1,-0.04444444349833898
3b4c2228,3b4c2228#0,0,a9959396f1f93e7cf9b9,3,72,0.07192807192807193,0,0.5619047769478389,0.5619047769478389,0.06703937456489194,3,0.8593735020193789,3,3,3x3,0,5,1,-0.04444444349833898
3b4c2228,3b4c2228#0,0,4caff84fe55678ec6eee,4,27,0.026973026973026972,0,0.6063492212976728,0.6063492212976728,0.02628228973342761,4,0.7511063758973722,3,3,3x3,0,5,1,-0.04444444349833898
3b4c2228,3b4c2228#0,0,d38198ce24e822c74c61,5,10,0.00999000999000999,0,0.06666666609900339,0.06666666609900339,0.005674378205074834,11,0.9145056575536727,4,3,4x3,0,5,1,-0.04444444349833898
3b4c2228,3b4c2228#1,1,a9959396f1f93e7cf9b9,1,301,0.3006993006993007,1,0.5763889027759432,0.5763889027759432,0.303274636807702,1,0.8893464408641638,3,3,3x3,0,5,1,-0.0319444449618459
3b4c2228,3b4c2228#1,1,be2da3425cadd7541312,2,190,0.18981018981018982,0,0.6083333477377891,0.6083333477377891,0.19764985170711052,2,0.818749436343971,3,3,3x3,0,5,1,-0.0319444449618459
3b4c2228,3b4c2228#1,1,a9dd7a911f75479a4cc3,3,93,0.09290709290709291,0,0.5805555703118443,0.5805555703118443,0.09409403767768337,3,0.6763007272315281,3,3,3x3,0,5,1,-0.0319444449618459
3b4c2228,3b4c2228#1,1,be333de81103cfabeaaf,4,79,0.07892107892107893,0,0.561111124791205,0.561111124791205,0.07839017470183375,4,0.7017451645452765,3,3,3x3,0,5,1,-0.0319444449618459
3b4c2228,3b4c2228#1,1,2c9be4d403b2f9bd5abc,5,53,0.052947052947052944,0,0.5486111246980727,0.5486111246980727,0.051937582331308574,5,0.787021852326843,3,3,3x3,0,5,1,-0.0319444449618459
40f6cd08,40f6cd08#0,0,9debd85ae0dd0b617e4b,1,4,0.003996003996003996,1,0.8550981053430305,0.8550981053430305,0.0038729482641865452,1,0.510913047939539,30,30,30x30,0,5,1,-0.025376161941967124
40f6cd08,40f6cd08#0,0,2b3af284e29c2a6a7a02,2,2,0.001998001998001998,0,0.8535351500020378,0.8535351500020378,0.00193344987351202,7,0.4704081118106842,30,30,30x30,0,5,1,-0.025376161941967124
40f6cd08,40f6cd08#0,0,c6f5a8acf59eddc6b0e2,3,2,0.001998001998001998,0,0.8551037113673752,0.8551037113673752,0.0019364849880448294,6,0.08817467465996742,30,30,30x30,0,5,1,-0.025376161941967124
40f6cd08,40f6cd08#0,0,3307e0c1dfd6bf91cef6,4,2,0.001998001998001998,0,0.8782206525355126,0.8782206525355126,0.0019817720297878403,5,0.020084902178496122,30,30,30x30,0,5,1,-0.025376161941967124
40f6cd08,40f6cd08#0,0,c5c1ff01fdc62b9fb734,5,2,0.001998001998001998,0,0.8804742672849977,0.8804742672849977,0.001986243216738369,4,0.015364586375653744,30,30,30x30,0,5,1,-0.025376161941967124
4364c1c4,4364c1c4#0,0,e482d8da95a7e7acddef,1,81,0.08091908091908091,0,0.9291901695835698,0.9291901695835698,0.08165864390420076,1,0.39867773967116704,14,13,14x13,0,5,0,
4364c1c4,4364c1c4#0,0,1e39729e2c1266078d6b,2,66,0.06593406593406594,0,0.9255766664539371,0.9255766664539371,0.06629667621076986,2,0.7231067236174237,14,13,14x13,0,5,0,
4364c1c4,4364c1c4#0,0,37f0105dced7227223bb,3,57,0.056943056943056944,0,0.9328779231857609,0.9328779231857609,0.057675792566511494,3,0.7309808765717766,14,13,14x13,0,5,0,
4364c1c4,4364c1c4#0,0,693d65a37d0935b28c7f,4,52,0.05194805194805195,0,0.9118899031802341,0.9118899031802341,0.05152370415596769,4,0.4335042524796266,14,13,14x13,0,5,0,
4364c1c4,4364c1c4#0,0,0536dd38a85a7801bf20,5,38,0.03796203796203796,0,0.9287694193221427,0.9287694193221427,0.03829287830799514,5,0.478488689190463,14,13,14x13,0,5,0,
456873bc,456873bc#0,0,24a0a4e6cacb1dbba465,1,51,0.05094905094905095,0,0.9664668243748663,0.9664668243748663,0.05158728400925253,1,0.385343740383784,19,19,19x19,0,5,0,
456873bc,456873bc#0,0,748c49fab6db69e3736a,2,47,0.04695304695304695,0,0.9614548285399199,0.9614548285399199,0.04730354223292675,2,0.6605166520210023,19,19,19x19,0,5,0,
456873bc,456873bc#0,0,bf9b2352cea2010629b3,3,37,0.03696303696303696,0,0.9630505747292153,0.9630505747292153,0.037298430143659474,3,0.18496302263559522,19,19,19x19,0,5,0,
456873bc,456873bc#0,0,63837a83eb965173b13c,4,30,0.029970029970029972,0,0.9597804166724184,0.9597804166724184,0.0301432358903301,4,0.5408942890663941,19,19,19x19,0,5,0,
456873bc,456873bc#0,0,55c25826ba125e70fb1a,5,24,0.023976023976023976,0,0.9635562704494468,0.9635562704494468,0.024205813991408417,5,0.1693061402377983,19,19,19x19,0,5,0,
45737921,45737921#0,0,9ef934db40c46fa25b14,1,1001,1.0,1,0.0,0.0,0.9999999999999875,1,0.9999368604008373,8,9,8x9,0,5,0,
48f8583b,48f8583b#0,0,3e346a4d45bdced5d004,1,405,0.4045954045954046,1,0.5471604959666729,0.5471604959666729,0.4097669631345455,1,0.9631540734090923,9,9,9x9,0,5,1,-0.083086420148611
48f8583b,48f8583b#0,0,fc6bb35523f800d660be,2,214,0.2137862137862138,0,0.44753086552023885,0.44753086552023885,0.19598692209081794,2,0.9713007440076811,9,9,9x9,0,5,1,-0.083086420148611
48f8583b,48f8583b#0,0,b59d6c276f5d7b6e13d4,3,55,0.054945054945054944,0,0.5929012370482087,0.5929012370482087,0.05825182804595311,3,0.7482574399222027,9,9,9x9,0,5,1,-0.083086420148611
48f8583b,48f8583b#0,0,2463fb1433d5aa33c416,4,21,0.02097902097902098,0,0.5806172861531377,0.5806172861531377,0.021970063491543772,4,0.5746540847633567,9,9,9x9,0,5,1,-0.083086420148611
48f8583b,48f8583b#0,0,e3ca86007b9c7bf02e12,5,17,0.016983016983016984,0,0.6302469161152839,0.6302469161152839,0.018690237198909387,5,0.49324653779759126,9,9,9x9,0,5,1,-0.083086420148611
4cd1b7b2,4cd1b7b2#0,0,1efc5b53c681ae0e6b1b,1,382,0.38161838161838163,1,0.8541666666666666,0.8541666666666666,0.38810823121172194,1,0.9630524392059336,4,4,4x4,0,5,1,0.01041666666666663
4cd1b7b2,4cd1b7b2#0,0,1fdcf16b3b5f7640dd4c,2,130,0.12987012987012986,0,0.83203125,0.83203125,0.1291872202948009,2,0.9665051098053272,4,4,4x4,0,5,1,0.01041666666666663
4cd1b7b2,4cd1b7b2#0,0,498e94e6a689b1261f00,3,121,0.12087912087912088,0,0.84375,0.84375,0.12166088186517765,3,0.9731211307620214,4,4,4x4,0,5,1,0.01041666666666663
4cd1b7b2,4cd1b7b2#0,0,ced4e1793d37470bd051,4,94,0.0939060939060939,0,0.8059895833333334,0.8059895833333334,0.09101108729274823,4,0.9372858436817818,4,4,4x4,0,5,1,0.01041666666666663
4cd1b7b2,4cd1b7b2#0,0,ae8b51ef4839963efb50,5,58,0.057942057942057944,0,0.8333333333333334,0.8333333333333334,0.05771247275510761,5,0.980918249179577,4,4,4x4,0,5,1,0.01041666666666663
4f537728,4f537728#0,0,5ceed314e7754591581b,1,1001,1.0,1,0.0,0.0,0.9999999999999875,1,0.9976801771026749,20,20,20x20,0,5,0,
506d28a5,506d28a5#0,0,809f343d1afbb586937b,1,995,0.994005994005994,1,0.7583333253860474,0.7583333253860474,0.9948020643090767,1,0.9946003421467153,4,5,4x5,0,5,1,0.033333341280619266
506d28a5,506d28a5#0,0,bc686b87d3a8b8b3b28b,2,1,0.000999000999000999,0,0.7249999841054281,0.7249999841054281,0.0009670236841665333,3,0.9984793066978455,4,5,4x5,0,5,1,0.033333341280619266
506d28a5,506d28a5#0,0,df3f619804a92fdb4057,3,1,0.000999000999000999,0,0.0,0.0,0.0004683533364478586,7,0.9947123527526855,0,0,0x0,1,5,1,0.033333341280619266
506d28a5,506d28a5#0,0,f1bf2f4b49ecac076ecb,4,1,0.000999000999000999,0,0.7249999841054281,0.7249999841054281,0.0009670236841665333,4,0.9877912998199463,4,5,4x5,0,5,1,0.033333341280619266
506d28a5,506d28a5#0,0,08c8cc71a2f75dc36ee8,5,1,0.000999000999000999,0,0.7249999841054281,0.7249999841054281,0.0009670236841665333,5,0.980926513671875,4,5,4x5,0,5,1,0.033333341280619266
516b51b7,516b51b7#0,0,470ca17feea1549eea61,1,797,0.7962037962037962,1,0.9835934383528573,0.9835934383528573,0.7971276106146035,1,0.9538369274685344,15,17,15x17,0,5,1,0.0024009602410451913
516b51b7,516b51b7#0,0,3c93c05b96f9df1d2339,2,51,0.05094905094905095,0,0.9806322540555682,0.9806322540555682,0.050857344633668915,2,0.7980447312196096,15,17,15x17,0,5,1,0.0024009602410451913
516b51b7,516b51b7#0,0,5c2fa40cfb271eeea344,3,32,0.03196803196803197,0,0.9786314538546971,0.9786314538546971,0.03184670806371795,3,0.8923478610813618,15,17,15x17,0,5,1,0.0024009602410451913
516b51b7,516b51b7#0,0,78ef5195bbc527351feb,4,22,0.02197802197802198,0,0.9707082850592477,0.9707082850592477,0.021721822512101512,4,0.7754849127747796,15,17,15x17,0,5,1,0.0024009602410451913
516b51b7,516b51b7#0,0,8333f7974b9730d4cf2b,5,19,0.01898101898101898,0,0.9811924781118121,0.9811924781118121,0.01895747134026676,5,0.7618774034475025,15,17,15x17,0,5,1,0.0024009602410451913
54db823b,54db823b#0,0,5456e239a2926dfe2814,1,490,0.8506944444444444,1,0.8577777855098248,0.8577777855098248,0.8463075286156068,1,0.9944232720501569,15,15,15x15,0,5,1,-0.05249999091029167
54db823b,54db823b#0,0,fd57a2993314144ff9d1,2,43,0.07465277777777778,0,0.9041666723787785,0.9041666723787785,0.07779416388294452,2,0.9288098464698292,15,15,15x15,0,5,1,-0.05249999091029167
54db823b,54db823b#0,0,d6ef2443e19e305ac706,3,19,0.03298611111111111,0,0.8747222237288952,0.8747222237288952,0.03337679268998796,3,0.9371362110893977,15,15,15x15,0,5,1,-0.05249999091029167
54db823b,54db823b#0,0,d99e52b2d918792a7f73,4,7,0.012152777777777778,0,0.9102777764201164,0.9102777764201164,0.012741795208671573,4,0.3657553366252354,15,15,15x15,0,5,1,-0.05249999091029167
54db823b,54db823b#0,0,950f37dbda5f2e7b4815,5,4,0.006944444444444444,0,0.8038888871669769,0.8038888871669769,0.0065461878607732515,5,0.9880503714084625,15,15,15x15,0,5,1,-0.05249999091029167
551d5bf1,551d5bf1#0,0,dd7b2be9f221e5eb28a1,1,480,0.8333333333333334,1,0.9745233412142154,0.9745233412142154,0.8344723027549764,1,0.7401623566557343,26,26,26x26,0,5,1,0.00021915744852141206
551d5bf1,551d5bf1#0,0,52cb8fb1a5721b96b4a7,2,31,0.05381944444444445,0,0.9736467268731859,0.9736467268731859,0.05384578020811079,2,0.6906026882990715,26,26,26x26,0,5,1,0.00021915744852141206
551d5bf1,551d5bf1#0,0,86f0b14d4dbde0244ab0,3,24,0.041666666666666664,0,0.9743041837656939,0.9743041837656939,0.04171447209863177,3,0.3577003392080466,26,26,26x26,0,5,1,0.00021915744852141206
551d5bf1,551d5bf1#0,0,7bacb3ca44538cb9c822,4,6,0.010416666666666666,0,0.9704689913325839,0.9704689913325839,0.010388698865480495,4,0.9757478336493174,26,26,26x26,0,5,1,0.00021915744852141206
551d5bf1,551d5bf1#0,0,67ef5d9a60d7aca5f69e,5,3,0.005208333333333333,0,0.9428555788817229,0.9428555788817229,0.005052877963677863,7,0.8355099956194559,26,26,26x26,0,5,1,0.00021915744852141206
55783887,55783887#0,0,3e16f3acb2e817753294,1,218,0.2177822177822178,1,0.9294530249331608,0.9294530249331608,0.2188966660789095,1,0.8089856976694471,19,16,19x16,0,5,1,-0.0013321002652821878
55783887,55783887#0,0,028bb4ba35a158b7cf50,2,217,0.21678321678321677,0,0.930785125198443,0.930785125198443,0.21818300106939317,2,0.8525195663434363,19,16,19x16,0,5,1,-0.0013321002652821878
55783887,55783887#0,0,0464cb462957ce8ed486,3,61,0.060939060939060936,0,0.9296841042593491,0.9296841042593491,0.0612650574288193,3,0.8748424986346823,19,16,19x16,0,5,1,-0.0013321002652821878
55783887,55783887#0,0,c8d9b40097daf5e18572,4,47,0.04695304695304695,0,0.9291539827654184,0.9291539827654184,0.04717920723395237,4,0.6022722595074075,19,16,19x16,0,5,1,-0.0013321002652821878
55783887,55783887#0,0,3ff0567d86db6f3e3643,5,39,0.03896103896103896,0,0.9008944108466471,0.9008944108466471,0.03805786418831315,5,0.4929206623003269,19,16,19x16,0,5,1,-0.0013321002652821878
575b1a71,575b1a71#0,0,37745e1006d54982e331,1,40,0.03996003996003996,0,0.9439344286081104,0.9439344286081104,0.0400747348529725,1,0.803483410179615,10,10,10x10,0,5,0,
575b1a71,575b1a71#0,0,10f23fb1634134ea9317,2,37,0.03696303696303696,0,0.9454098375954728,0.9454098375954728,0.03712386223264807,2,0.862122039134438,10,10,10x10,0,5,0,
575b1a71,575b1a71#0,0,9c511fdf3497b07b4516,3,33,0.03296703296703297,0,0.9384777557096101,0.9384777557096101,0.032881740926008395,3,0.8206903374556339,10,10,10x10,0,5,0,
575b1a71,575b1a71#0,0,3110b010aa9c4dd39ac4,4,26,0.025974025974025976,0,0.9403044535348789,0.9403044535348789,0.02595419337678058,4,0.8123876888018388,10,10,10x10,0,5,0,
575b1a71,575b1a71#0,0,832d02750e34d42e4aba,5,24,0.023976023976023976,0,0.9427868877417589,0.9427868877417589,0.02401726429988305,5,0.917581203704079,10,10,10x10,0,5,0,
58743b76,58743b76#0,0,a072f21cc93a58c14a3c,1,36,0.03596403596403597,0,0.9529794858760589,0.9529794858760589,0.03627829541548084,1,0.5259456233017974,14,14,14x14,0,5,0,
58743b76,58743b76#0,0,25700fc4ad6203213855,2,24,0.023976023976023976,0,0.949527028463088,0.949527028463088,0.024102174737217492,2,0.6523127034306526,14,14,14x14,0,5,0,
58743b76,58743b76#0,0,568afc844b5b49adb4ae,3,19,0.01898101898101898,0,0.9473227103892314,0.9473227103892314,0.019038874309759778,3,0.4026634093177946,14,14,14x14,0,5,0,
58743b76,58743b76#0,0,cfba35d5936b71b3b3d7,4,16,0.015984015984015984,0,0.9486073464453647,0.9486073464453647,0.01605334572692682,4,0.47921900171786547,14,14,14x14,0,5,0,
58743b76,58743b76#0,0,0db7d7a719b104cf2d09,5,14,0.013986013986013986,0,0.9520452060071866,0.9520452060071866,0.014095051118845759,5,0.25208420359662603,14,14,14x14,0,5,0,
5b6cbef5,5b6cbef5#0,0,89c963f76af358d0b638,1,1001,1.0,1,0.0,0.0,0.9999999999999875,1,0.9985105888945954,16,16,16x16,0,5,0,
60c09cac,60c09cac#0,0,04f95e942839a8eb2d46,1,909,0.9080919080919081,1,0.9225531943300938,0.9225531943300938,0.9162742754823335,1,0.9188854492159829,10,10,10x10,0,5,1,0.030638297821613092
60c09cac,60c09cac#0,0,8ad6642adbeea72a2065,2,10,0.00999000999000999,0,0.01796690327055911,0.01796690327055911,0.004079479696817381,6,0.6119901150465011,9,10,9x10,0,5,1,0.030638297821613092
60c09cac,60c09cac#0,0,346d6fc9a321e2898ceb,3,9,0.008991008991008992,0,0.8919148965084807,0.8919148965084807,0.008798286024530061,2,0.7026410102844238,10,10,10x10,0,5,1,0.030638297821613092
60c09cac,60c09cac#0,0,99e28c158eafaffe0cdc,4,7,0.006993006993006993,0,0.8902127679358137,0.8902127679358137,0.006831473404505046,3,0.4561805214200701,10,10,10x10,0,5,1,0.030638297821613092
60c09cac,60c09cac#0,0,878025d6decca389bad9,5,5,0.004995004995004995,0,0.8889361734085894,0.8889361734085894,0.004873398533700118,5,0.7032906889915467,10,10,10x10,0,5,1,0.030638297821613092
626c0bcc,626c0bcc#0,0,3cc6623adf572b89674a,1,44,0.04395604395604396,0,0.8257684841195577,0.8257684841195577,0.04477920359832823,1,0.5839545171369206,7,7,7x7,0,5,0,
626c0bcc,626c0bcc#0,0,ed8025518441bda1798d,2,39,0.03896103896103896,0,0.8356338420349533,0.8356338420349533,0.04008415809884292,2,0.5834105312824249,7,7,7x7,0,5,0,
626c0bcc,626c0bcc#0,0,33a4461174833315b731,3,28,0.027972027972027972,0,0.789567280854427,0.789567280854427,0.027482721531024466,3,0.6545776261815003,7,7,7x7,0,5,0,
626c0bcc,626c0bcc#0,0,a7d59d0d26622a5354e4,4,22,0.02197802197802198,0,0.8196714416579092,0.8196714416579092,0.02225350675652078,4,0.5503857399929654,7,7,7x7,0,5,0,
626c0bcc,626c0bcc#0,0,86f929afaf9601075245,5,19,0.01898101898101898,0,0.8142095052355058,0.8142095052355058,0.019114251193441196,5,0.817898156611543,7,7,7x7,0,5,0,
62ab2642,62ab2642#0,0,794514ad4468b42cffb1,1,264,0.26373626373626374,0,0.7696209583792798,0.7696209583792798,0.26884941083273034,1,0.8799686199618559,5,12,5x12,0,5,0,
62ab2642,62ab2642#0,0,090e249a840e1d440882,2,73,0.07292707292707293,0,0.758416945918348,0.758416945918348,0.07351266743031014,2,0.659386371300645,5,12,5x12,0,5,0,
62ab2642,62ab2642#0,0,c7ba8f190af631f5848f,3,43,0.04295704295704296,0,0.767502786323777,0.767502786323777,0.04369720985319178,3,0.7541316562267237,5,12,5x12,0,5,0,
62ab2642,62ab2642#0,0,28eb38845050b189e8a9,4,42,0.04195804195804196,0,0.7130992179331572,0.7130992179331572,0.04042102969377375,5,0.7218968093040443,5,12,5x12,0,5,0,
62ab2642,62ab2642#0,0,692a798038e20341db3c,5,42,0.04195804195804196,0,0.758974357193529,0.758974357193529,0.042318541602585434,4,0.6182014247668641,5,12,5x12,0,5,0,
62b74c02,62b74c02#0,0,2c4e87157c13026bc25f,1,837,0.8361638361638362,1,0.9685374271301996,0.9685374271301996,0.838240460878494,1,0.8468678758046818,4,14,4x14,0,5,1,0.006802717844645256
62b74c02,62b74c02#0,0,77faf66e2b557e1359d6,2,27,0.026973026973026972,0,0.9549319857642764,0.9549319857642764,0.02667461488080669,2,0.5031420696112845,4,14,4x14,0,5,1,0.006802717844645256
62b74c02,62b74c02#0,0,49a0ebf1c54fc16fc4e0,3,24,0.023976023976023976,0,0.9413265330450875,0.9413265330450875,0.023390357651128905,3,0.7204646971076727,4,14,4x14,0,5,1,0.006802717844645256
62b74c02,62b74c02#0,0,3792dc12b8f0dd582393,4,19,0.01898101898101898,0,0.9617347092855544,0.9617347092855544,0.01889915470210267,4,0.29783261175218384,4,14,4x14,0,5,1,0.006802717844645256
62b74c02,62b74c02#0,0,ebb01355e0256cd30e3b,5,16,0.015984015984015984,0,0.9498299331892104,0.9498299331892104,0.015726735517763327,5,0.19024981441907585,4,14,4x14,0,5,1,0.006802717844645256
642248e4,642248e4#0,0,5b00b956e6e4b2569faa,1,50,0.04995004995004995,0,0.9736548664608622,0.9736548664608622,0.04998654839387488,1,0.47326053217053415,16,18,16x18,0,5,0,
642248e4,642248e4#0,0,7561c9f6cd1f7d38d902,2,37,0.03696303696303696,0,0.9718975829399699,0.9718975829399699,0.036925100893555614,2,0.5013447499557121,16,18,16x18,0,5,0,
642248e4,642248e4#0,0,680ba71c21b384557cda,3,28,0.027972027972027972,0,0.9719893297528833,0.9719893297528833,0.027945883423247986,3,0.3495044545935733,16,18,16x18,0,5,0,
642248e4,642248e4#0,0,abc93c8473afa86ff3e3,4,24,0.023976023976023976,0,0.9730549911415673,0.9730549911415673,0.023979154410834362,4,0.15113531704992056,16,18,16x18,0,5,0,
642248e4,642248e4#0,0,5f738716e83be98b3efc,5,21,0.02097902097902098,0,0.9774023265373416,0.9774023265373416,0.021073173416050507,5,0.16167050999190127,16,18,16x18,0,5,0,
642d658d,642d658d#0,0,3b6840f7b45e5a9baa39,1,535,0.5344655344655345,1,0.0,0.0,0.5344655344655377,1,0.9622115640996772,1,1,1x1,0,5,1,0.0
642d658d,642d658d#0,0,cd4985b14be1e76b4b29,2,434,0.43356643356643354,0,0.0,0.0,0.4335664335664365,2,0.9440774667647577,1,1,1x1,0,5,1,0.0
642d658d,642d658d#0,0,e27b12d65e769f7bcc0c,3,11,0.01098901098901099,0,0.0,0.0,0.010989010989010992,3,0.8470797051082958,1,1,1x1,0,5,1,0.0
642d658d,642d658d#0,0,1fdfc70d6c3cd17aa0e5,4,8,0.007992007992007992,0,0.0,0.0,0.007992007992007992,4,0.8534252569079399,1,1,1x1,0,5,1,0.0
642d658d,642d658d#0,0,87f6c6d4f35e8489d2f9,5,4,0.003996003996003996,0,0.0,0.0,0.003996003996003996,5,0.9008159637451172,1,1,1x1,0,5,1,0.0
66f2d22f,66f2d22f#0,0,be2942f2bb5122886d9e,1,997,0.996003996003996,1,0.6875,0.6875,0.9965515031231389,1,0.9945555825231068,4,7,4x7,0,5,1,1.4901161193847656e-08
66f2d22f,66f2d22f#0,0,612de506e0289613c9af,2,1,0.000999000999000999,0,0.0,0.0,0.0005026053809876941,5,0.9943732023239136,1,7,1x7,0,5,1,1.4901161193847656e-08
66f2d22f,66f2d22f#0,0,b75aeee815c38d19405a,3,1,0.000999000999000999,0,0.6696428656578064,0.6696428656578064,0.0009818594747179094,3,0.9151109457015991,4,7,4x7,0,5,1,1.4901161193847656e-08
66f2d22f,66f2d22f#0,0,09283d7ae1fec94e1051,4,1,0.000999000999000999,0,0.6874999850988388,0.6874999850988388,0.0009995501386894528,2,0.278014600276947,4,7,4x7,0,5,1,1.4901161193847656e-08
66f2d22f,66f2d22f#0,0,2c01186d37e42c5f932a,5,1,0.000999000999000999,0,0.6517857164144516,0.6517857164144516,0.0009644818824460953,4,0.2664077877998352,4,7,4x7,0,5,1,1.4901161193847656e-08
68b67ca3,68b67ca3#0,0,36e7581efe049d807765,1,634,0.6333666333666333,1,0.7650273344555839,0.7650273344555839,0.653937663961177,1,0.9163407904774609,3,3,3x3,0,5,1,0.043715844388868
68b67ca3,68b67ca3#0,0,c8dd5a035fb2f6358a88,2,82,0.08191808191808192,0,0.7213114900667159,0.7213114900667159,0.0809609128104741,2,0.8021824657917023,3,3,3x3,0,5,1,0.043715844388868
68b67ca3,68b67ca3#0,0,8b48e93a7bbecea451a1,3,68,0.06793206793206794,0,0.7176685020571849,0.7176685020571849,0.0668941788211032,3,0.7324168811387876,3,3,3x3,0,5,1,0.043715844388868
68b67ca3,68b67ca3#0,0,b69b68464544dc799246,4,35,0.03496503496503497,0,0.644808759454821,0.644808759454821,0.03201141519146257,4,0.7545189389160701,3,3,3x3,0,5,1,0.043715844388868
68b67ca3,68b67ca3#0,0,6c7211cb8e340e0b5bb2,5,22,0.02197802197802198,0,0.6848816192540966,0.6848816192540966,0.020944159309517173,5,0.6294952637769959,3,3,3x3,0,5,1,0.043715844388868
696d4842,696d4842#0,0,cc338788e6452fddd8c7,1,187,0.18681318681318682,0,0.9648077050289074,0.9648077050289074,0.18708429766975682,1,0.7706936323905692,20,20,20x20,0,5,0,
696d4842,696d4842#0,0,94c573998c7d2009fc03,2,76,0.07592407592407592,0,0.9674475668193577,0.9674475668193577,0.07623524512302934,2,0.7516339748705688,20,20,20x20,0,5,0,
696d4842,696d4842#0,0,293b555c9ace8649ebc8,3,66,0.06593406593406594,0,0.9635489645537797,0.9635489645537797,0.06594669008492232,3,0.8323895938017152,20,20,20x20,0,5,0,
696d4842,696d4842#0,0,bba87ef971d0c8ede7d5,4,62,0.061938061938061936,0,0.9658216904926967,0.9658216904926967,0.062090876296931254,4,0.8604960282964091,20,20,20x20,0,5,0,
696d4842,696d4842#0,0,11db7e895d44c2cd9d1b,5,52,0.05194805194805195,0,0.9628846274389253,0.9628846274389253,0.051923492085208155,5,0.737274140262833,20,20,20x20,0,5,0,
6a11f6da,6a11f6da#0,0,0def05601d10a9e450ac,1,997,0.996003996003996,1,0.8999999910593033,0.8999999910593033,0.9962688048100339,1,0.996610774738021,5,5,5x5,0,5,1,0.019999995827674866
6a11f6da,6a11f6da#0,0,41ffec436fd4361e66bd,2,1,0.000999000999000999,0,0.8699999898672104,0.8699999898672104,0.0009697338121254455,3,0.9232307076454163,5,5,5x5,0,5,1,0.019999995827674866
6a11f6da,6a11f6da#0,0,5590d0b9baa3d3f4fe6c,3,1,0.000999000999000999,0,0.760000005364418,0.760000005364418,0.0008687206645159488,5,0.8599891662597656,5,5,5x5,0,5,1,0.019999995827674866
6a11f6da,6a11f6da#0,0,ea2b64404b4692e73081,4,1,0.000999000999000999,0,0.8799999952316284,0.8799999952316284,0.0009794798042188125,2,0.857143223285675,5,5,5x5,0,5,1,0.019999995827674866
6a11f6da,6a11f6da#0,0,40fe227e82a12bd5546d,5,1,0.000999000999000999,0,0.8099999874830246,0.8099999874830246,0.0009132609090998119,4,0.5613986849784851,5,5,5x5,0,5,1,0.019999995827674866
6f473927,6f473927#0,0,9119d6da3a054533451e,1,15,0.026041666666666668,0,0.8038740921540064,0.8038740921540064,0.027702690610060234,1,0.25692393630743027,12,12,12x12,0,5,0,
6f473927,6f473927#0,0,2083ece924eda4d647ee,2,10,0.017361111111111112,0,0.8041431261609888,0.8041431261609888,0.018473429719039872,4,0.5853475943207741,12,12,12x12,0,5,0,
6f473927,6f473927#0,0,0cd456af520e089f8ad3,3,10,0.017361111111111112,0,0.8080441220043358,0.8080441220043358,0.018545635236731188,3,0.3064088311046362,12,12,12x12,0,5,0,
6f473927,6f473927#0,0,8741796cc75a721576f0,4,10,0.017361111111111112,0,0.8170567647019541,0.8170567647019541,0.01871353589854276,2,0.19238458015024662,12,12,12x12,0,5,0,
6f473927,6f473927#0,0,b07a34f897c1ab1c4a2f,5,9,0.015625,0,0.808548560298384,0.808548560298384,0.016699493452744258,5,0.6493845383326212,12,12,12x12,0,5,0,
72207abc,72207abc#0,0,43e4bd258e9bfd9440eb,1,366,0.36563436563436563,1,0.7804083010153984,0.7804083010153984,0.3730475060669864,1,0.8087591019158806,3,29,3x29,0,5,1,-0.0012008934768278356
72207abc,72207abc#0,0,af47580a904d8174ee30,2,189,0.1888111888111888,0,0.7816091944922262,0.7816091944922262,0.19287076414420423,2,0.7619298943293789,3,29,3x29,0,5,1,-0.0012008934768278356
72207abc,72207abc#0,0,ec392f12f809b330f9ea,3,103,0.1028971028971029,0,0.7814376380906176,0.7814376380906176,0.10509143340267631,3,0.7613307419911172,3,29,3x29,0,5,1,-0.0012008934768278356
72207abc,72207abc#0,0,07570363098e4af05fe7,4,26,0.025974025974025976,0,0.7719162804866905,0.7719162804866905,0.026276551347341203,4,0.6684910110556163,3,29,3x29,0,5,1,-0.0012008934768278356
72207abc,72207abc#0,0,acc81184877a7422f4d7,5,18,0.017982017982017984,0,0.7687424950635255,0.7687424950635255,0.018133814362519245,5,0.9333390990893046,3,29,3x29,0,5,1,-0.0012008934768278356
72a961c9,72a961c9#0,0,3cddfe0eccd3039eb035,1,204,0.2037962037962038,1,0.9327443755906204,0.9327443755906204,0.20535702199679004,1,0.7550846877160902,9,11,9x11,0,5,1,-0.005319653820468284
72a961c9,72a961c9#0,0,c847b3210847a18e0934,2,132,0.13186813186813187,0,0.9380640294110887,0.9380640294110887,0.1335868218835515,2,0.904088734564456,9,11,9x11,0,5,1,-0.005319653820468284
72a961c9,72a961c9#0,0,0b540eca49359b518a29,3,56,0.055944055944055944,0,0.9279946830579106,0.9279946830579106,0.05610539858929158,3,0.696722738311759,9,11,9x11,0,5,1,-0.005319653820468284
72a961c9,72a961c9#0,0,dfe456007bd824741ded,4,51,0.05094905094905095,0,0.9358791710814712,0.9358791710814712,0.051500446083597495,4,0.6466388562146355,9,11,9x11,0,5,1,-0.005319653820468284
72a961c9,72a961c9#0,0,ec62334775f6d29c6aed,5,29,0.028971028971028972,0,0.9349292354150252,0.9349292354150252,0.02925676213452617,5,0.504245517582729,9,11,9x11,0,5,1,-0.005319653820468284
73c3b0d8,73c3b0d8#0,0,777e79fe2463091abba7,1,127,0.2204861111111111,0,0.9421514688797716,0.9421514688797716,0.22426343433186435,1,0.5863236223794813,12,8,12x8,0,5,0,
73c3b0d8,73c3b0d8#0,0,e324ea234b553194cb01,2,62,0.1076388888888889,0,0.9328485314951003,0.9328485314951003,0.10846914646687841,2,0.7788815712255817,12,8,12x8,0,5,0,
73c3b0d8,73c3b0d8#0,0,86068047693f9f44f7d6,3,45,0.078125,0,0.9424135235120665,0.9424135235120665,0.07948424810010428,3,0.31603774767782955,12,8,12x8,0,5,0,
73c3b0d8,73c3b0d8#0,0,8fbd7a9e73df339cef85,4,30,0.052083333333333336,0,0.9155529347605675,0.9155529347605675,0.05158511531896003,4,0.12850673819581668,12,8,12x8,0,5,0,
73c3b0d8,73c3b0d8#0,0,2754d74d5acf151591a8,5,29,0.050347222222222224,0,0.9331105868771391,0.9331105868771391,0.05074886577972428,5,0.24957922820387216,12,8,12x8,0,5,0,
770cc55f,770cc55f#0,0,bcf9a3b977f84458b410,1,941,0.9400599400599401,1,0.8863636404275894,0.8863636404275894,0.9443253777781018,1,0.9838475965984823,11,5,11x5,0,5,1,0.05584415154797695
770cc55f,770cc55f#0,0,1139f19fe63cc902c10e,2,9,0.008991008991008992,0,0.8305194888796125,0.8305194888796125,0.008541256027534302,2,0.5930770792894893,11,5,11x5,0,5,1,0.05584415154797695
770cc55f,770cc55f#0,0,393cbf148a45d68a80b3,3,8,0.007992007992007992,0,0.7642857155629567,0.7642857155629567,0.0071056572591510336,3,0.7524063549935818,11,5,11x5,0,5,1,0.05584415154797695
770cc55f,770cc55f#0,0,812a5b170d131265b97b,4,7,0.006993006993006993,0,0.8090909123420715,0.8090909123420715,0.006502359220126103,4,0.4963885630880083,11,5,11x5,0,5,1,0.05584415154797695
770cc55f,770cc55f#0,0,8924ac8feba048ae97e2,5,5,0.004995004995004995,0,0.7311688320977348,0.7311688320977348,0.004296371164309042,6,0.9547824859619141,11,5,11x5,0,5,1,0.05584415154797695
7953d61e,7953d61e#0,0,99f062328d30a9736f1e,1,686,0.6853146853146853,1,0.9689180107526881,0.9689180107526881,0.6895391398540643,1,0.9279131107792562,8,8,8x8,0,5,1,0.012264784946236507
7953d61e,7953d61e#0,0,6846b71cde68e8dd4d01,2,46,0.04595404595404595,0,0.9551411290322581,0.9551411290322581,0.04560468024592943,2,0.9461048491623091,8,8,8x8,0,5,1,0.012264784946236507
7953d61e,7953d61e#0,0,03aaf3b251fa93e56c10,3,33,0.03296703296703297,0,0.9566532258064516,0.9566532258064516,0.03276590883132597,3,0.8378165626164639,8,8,8x8,0,5,1,0.012264784946236507
7953d61e,7953d61e#0,0,e4f7d2e152d0ecf4b979,4,30,0.029970029970029972,0,0.9554771505376344,0.9554771505376344,0.02975217846140142,4,0.8076374749342601,8,8,8x8,0,5,1,0.012264784946236507
7953d61e,7953d61e#0,0,d3de3af712f2e7b98794,5,16,0.015984015984015984,0,0.9432123655913979,0.9432123655913979,0.015674401602880996,5,0.8841310497373343,8,8,8x8,0,5,1,0.012264784946236507
7d1f7ee8,7d1f7ee8#0,0,fe7f2f798e8fae19fbf5,1,785,0.7842157842157842,1,0.9618898315863176,0.9618898315863176,0.7856983168657599,1,0.8089688782242074,29,28,29x28,0,5,1,0.0018360939892855255
7d1f7ee8,7d1f7ee8#0,0,ffd30415394864639ab8,2,73,0.07292707292707293,0,0.9599193898114291,0.9599193898114291,0.07292111056185047,2,0.6646391419719343,29,28,29x28,0,5,1,0.0018360939892855255
7d1f7ee8,7d1f7ee8#0,0,f29acc0d9b77273dfb69,3,44,0.04395604395604396,0,0.9558889378200878,0.9558889378200878,0.04377565847583037,3,0.7697136781432412,29,28,29x28,0,5,1,0.0018360939892855255
7d1f7ee8,7d1f7ee8#0,0,e1e78d57b85798e91e61,4,12,0.011988011988011988,0,0.960053737597032,0.960053737597032,0.011988642412552796,4,0.20648735451201597,29,28,29x28,0,5,1,0.0018360939892855255
7d1f7ee8,7d1f7ee8#0,0,622aefb3acd4b889deef,5,6,0.005994005994005994,0,0.9434841025959362,0.9434841025959362,0.005895815844487609,6,0.2957761002083619,29,28,29x28,0,5,1,0.0018360939892855255
7e02026e,7e02026e#0,0,3191f6e14875c8541b14,1,267,0.4635416666666667,0,0.9634433996002629,0.9634433996002629,0.4662341248337684,1,0.8904150502846928,12,12,12x12,0,5,1,0.0007861571491889485
7e02026e,7e02026e#0,0,82b8cbb484b48958f044,2,84,0.14583333333333334,1,0.9642295567494519,0.9642295567494519,0.14679575800756953,2,0.4516909654429626,12,12,12x12,0,5,1,0.0007861571491889485
7e02026e,7e02026e#0,0,7787f796750037c0a22e,3,40,0.06944444444444445,0,0.9450995787134711,0.9450995787134711,0.06857821348385953,3,0.7271402880083769,12,12,12x12,0,5,1,0.0007861571491889485
7e02026e,7e02026e#0,0,cd185324e583a322a3be,4,33,0.057291666666666664,0,0.9498165620947784,0.9498165620947784,0.05684452942449267,4,0.885821794018601,12,12,12x12,0,5,1,0.0007861571491889485
7e02026e,7e02026e#0,0,fd8899a2dc2f4f0f1be4,5,29,0.050347222222222224,0,0.9589884719758663,0.9589884719758663,0.05041456723350313,5,0.4601490230395876,12,12,12x12,0,5,1,0.0007861571491889485
817e6c09,817e6c09#0,0,7162a8f0191438831942,1,214,0.3715277777777778,1,0.8850436017546855,0.8850436017546855,0.3731669388619441,1,0.9547545494006895,7,15,7x15,0,5,1,-0.010999328653577334
817e6c09,817e6c09#0,0,5752aac2aeeaca28afaf,2,85,0.14756944444444445,0,0.8896042990012908,0.8896042990012908,0.14889804582177577,2,0.8034031555056572,7,15,7x15,0,5,1,-0.010999328653577334
817e6c09,817e6c09#0,0,bc69cd7ce37f9b01fca4,3,52,0.09027777777777778,0,0.8678739180027599,0.8678739180027599,0.08913248840668196,4,0.9003716363356664,7,15,7x15,0,5,1,-0.010999328653577334
817e6c09,817e6c09#0,0,9686d23cb087f67ccfe1,4,51,0.08854166666666667,0,0.8960429304082629,0.8960429304082629,0.08991590306848513,3,0.45764162322031515,7,15,7x15,0,5,1,-0.010999328653577334
817e6c09,817e6c09#0,0,c1f52d1dd5876d220808,5,19,0.03298611111111111,0,0.8815560097425756,0.8815560097425756,0.0330162957082287,5,0.460145818559747,7,15,7x15,0,5,1,-0.010999328653577334
84db8fc4,84db8fc4#0,0,b061d64c043ccd1a433a,1,844,0.8431568431568431,1,0.878571439357031,0.878571439357031,0.8451863346968723,1,0.9497756820648767,10,10,10x10,0,5,1,0.0019047600882393656
84db8fc4,84db8fc4#0,0,c6b6e72bf8e338441aec,2,67,0.06693306693306693,0,0.8766666792687916,0.8766666792687916,0.06696649918562621,2,0.525034735229478,10,10,10x10,0,5,1,0.0019047600882393656
84db8fc4,84db8fc4#0,0,9f770921509760a5b710,3,48,0.04795204795204795,0,0.8652380988711402,0.8652380988711402,0.04743082307976463,3,0.7657741870110234,10,10,10x10,0,5,1,0.0019047600882393656
84db8fc4,84db8fc4#0,0,cf030ce120737f003007,4,13,0.012987012987012988,0,0.8738095362981161,0.8738095362981161,0.012956428539473422,4,0.41472990581622493,10,10,10x10,0,5,1,0.0019047600882393656
84db8fc4,84db8fc4#0,0,44bb83e263998ea98b1c,5,7,0.006993006993006993,0,0.8700000019300551,0.8700000019300551,0.0069500116408238435,5,0.5201327204704285,10,10,10x10,0,5,1,0.0019047600882393656
8b28cd80,8b28cd80#0,0,8dde9589f95fb1b71e4f,1,866,0.8651348651348651,0,0.9165042293699164,0.9165042293699164,0.8670093852821548,1,0.9628657980824178,9,9,9x9,0,5,1,-0.02729044462505137
8b28cd80,8b28cd80#0,0,0e268a8ed57c5b4906f5,2,38,0.03796203796203796,1,0.9002599135825509,0.9002599135825509,0.037431280696488795,2,0.7030855970163095,9,9,9x9,0,5,1,-0.02729044462505137
8b28cd80,8b28cd80#0,0,4e70ca8d8356540a6e3c,3,15,0.014985014985014986,0,0.890188433622059,0.890188433622059,0.014627441195255397,3,0.9342690289020539,9,9,9x9,0,5,1,-0.02729044462505137
8b28cd80,8b28cd80#0,0,e0fb1c0cbf5bb3cd3e25,4,8,0.007992007992007992,0,0.9275503582076022,0.9275503582076022,0.008098287047405424,4,0.1500186836346984,9,9,9x9,0,5,1,-0.02729044462505137
8b28cd80,8b28cd80#0,0,507f318247e861d128aa,5,8,0.007992007992007992,0,0.9106562765021073,0.9106562765021073,0.007962623109813409,5,0.1314760111272335,9,9,9x9,0,5,1,-0.02729044462505137
8b28cd80,8b28cd80#1,1,c0e7d29031e3ab829325,1,901,0.9000999000999002,0,0.9124579140634248,0.9124579140634248,0.9027144551519721,1,0.9088686158287274,9,9,9x9,0,5,1,-0.005985785614360473
8b28cd80,8b28cd80#1,1,2398a2d40ff5de8c7188,2,22,0.02197802197802198,1,0.9064721284490643,0.9064721284490643,0.021910318616318647,2,0.277192046019164,9,9,9x9,0,5,1,-0.005985785614360473
8b28cd80,8b28cd80#1,1,c49e151380f3601d3b32,3,15,0.014985014985014986,0,0.8855218941515143,0.8855218941515143,0.014629136767192205,3,0.4319692075252533,9,9,9x9,0,5,1,-0.005985785614360473
8b28cd80,8b28cd80#1,1,22603dc2a1aa934e6f08,4,11,0.01098901098901099,0,0.8795361031185497,0.8795361031185497,0.010664009669958736,4,0.30257623913613235,9,9,9x9,0,5,1,-0.005985785614360473
8b28cd80,8b28cd80#1,1,2656535c4f7a888ddc55,5,7,0.006993006993006993,0,0.8436214038819978,0.8436214038819978,0.006546788779004722,5,0.9006760290690831,9,9,9x9,0,5,1,-0.005985785614360473
8ba14f53,8ba14f53#0,0,c115cd9777f06cd65e9c,1,90,0.0899100899100899,0,0.3888888980807929,0.3888888980807929,0.08742971795577917,1,0.8062699380848143,3,3,3x3,0,5,0,
8ba14f53,8ba14f53#0,0,62ee328e41ac915e190f,2,84,0.08391608391608392,0,0.41954024004396695,0.41954024004396695,0.08414097935812359,2,0.8146837335966882,3,3,3x3,0,5,0,
8ba14f53,8ba14f53#0,0,ca8fd9cd7a366baec143,3,59,0.058941058941058944,0,0.438697329112168,0.438697329112168,0.06024210050659712,4,0.7890347707069526,3,3,3x3,0,5,0,
8ba14f53,8ba14f53#0,0,286416bd79a23248c667,4,55,0.054945054945054944,0,0.5114942661261764,0.5114942661261764,0.060398491544005437,3,0.5876794573935595,3,3,3x3,0,5,0,
8ba14f53,8ba14f53#0,0,6de89c7588d58668b968,5,54,0.053946053946053944,0,0.5110153387268556,0.5110153387268556,0.05927194339586166,5,0.6994174431871485,3,3,3x3,0,5,0,
94414823,94414823#0,0,4d5a4a0de770b402575d,1,712,0.7112887112887113,1,0.7383116912016104,0.7383116912016104,0.7433835720095335,1,0.9938427125302594,10,10,10x10,0,5,1,0.06532467121169672
94414823,94414823#0,0,df60dc68e899e879c7e4,2,15,0.014985014985014986,0,0.026839826272163556,0.026839826272163556,0.007688399111799568,2,0.4177975128094355,10,1,10x1,0,5,1,0.06532467121169672
94414823,94414823#0,0,03176b622890cef8fb1c,3,6,0.005994005994005994,0,0.01168831137867717,0.01168831137867717,0.0030291145138529223,6,0.506778342028459,1,10,1x10,0,5,1,0.06532467121169672
94414823,94414823#0,0,718067b3bded98a15d66,4,4,0.003996003996003996,0,0.6729870199899137,0.6729870199899137,0.003912215891589757,3,0.5512093640863895,10,10,10x10,0,5,1,0.06532467121169672
94414823,94414823#0,0,55fe422c4ede713880fc,5,3,0.002997002997002997,0,0.607272724310557,0.607272724310557,0.002747544406098807,8,0.9992643992106119,10,10,10x10,0,5,1,0.06532467121169672
9772c176,9772c176#0,0,1f84ff83405fcd09e49f,1,575,0.9982638888888888,1,0.9950000047683716,0.9950000047683716,0.9982638888889015,1,0.9845648936085079,20,20,20x20,0,5,1,0.0
9772c176,9772c176#0,0,95eee14473efb0d4b807,2,1,0.001736111111111111,0,0.9950000047683716,0.9950000047683716,0.001736111111111111,2,0.6475229263305664,20,20,20x20,0,5,1,0.0
9b4c17c4,9b4c17c4#1,1,09adaec969158c30b70e,1,92,0.0919080919080919,0,0.9017839859293394,0.9017839859293394,0.09290798373108274,1,0.5070988326940847,9,9,9x9,0,5,1,-0.014155518322090832
9b4c17c4,9b4c17c4#1,1,72a96da71421a0348f54,2,74,0.07392607392607392,0,0.910833175113688,0.910833175113688,0.07540965267971868,2,0.5823753479163389,9,9,9x9,0,5,1,-0.014155518322090832
9b4c17c4,9b4c17c4#1,1,eabe82748126d5383375,3,63,0.06293706293706294,0,0.8668476527273967,0.8668476527273967,0.06143743852190219,3,0.8254661227739046,9,9,9x9,0,5,1,-0.014155518322090832
9b4c17c4,9b4c17c4#1,1,dc7404e11e347aa5d116,4,41,0.04095904095904096,0,0.9019778970024348,0.9019778970024348,0.04141267452125176,4,0.6846338811262351,9,9,9x9,0,5,1,-0.014155518322090832
9b4c17c4,9b4c17c4#1,1,b728c2e1bca0844f42a5,5,37,0.03696303696303696,1,0.8966776567915972,0.8966776567915972,0.0371748548399664,5,0.5761077016390659,9,9,9x9,0,5,1,-0.014155518322090832
9c1e755f,9c1e755f#0,0,3e37a283965b7f4aeb73,1,953,0.952047952047952,1,0.9556250050663948,0.9556250050663948,0.9524736444659744,1,0.9710651907878307,10,10,10x10,0,5,1,-0.0018750019371509552
9c1e755f,9c1e755f#0,0,f9108fb9bdfe85203aa0,2,21,0.02097902097902098,0,0.9543750062584877,0.9543750062584877,0.020962182313162638,2,0.3090047889522144,10,10,10x10,0,5,1,-0.0018750019371509552
9c1e755f,9c1e755f#0,0,5251fa39563d5ee6187b,3,4,0.003996003996003996,0,0.9575000070035458,0.9575000070035458,0.004005293639936484,3,0.15394510235637426,10,10,10x10,0,5,1,-0.0018750019371509552
9c1e755f,9c1e755f#0,0,70f0435f3c28e2c88d30,4,3,0.002997002997002997,0,0.94437500461936,0.94437500461936,0.0029648007257355156,5,0.7250750760237376,10,10,10x10,0,5,1,-0.0018750019371509552
9c1e755f,9c1e755f#0,0,d749d0805ea8c6befce7,5,3,0.002997002997002997,0,0.9512500017881393,0.9512500017881393,0.002985253949698289,4,0.6864463090896606,10,10,10x10,0,5,1,-0.0018750019371509552
9c56f360,9c56f360#0,0,6d885f7fda7415616085,1,32,0.05565217391304348,0,0.9360698347638368,0.9360698347638368,0.05689945320764632,1,0.3412702291388996,9,9,9x9,0,5,0,
9c56f360,9c56f360#0,0,f268d5c56a96fd798c55,2,21,0.036521739130434785,0,0.9119289147246415,0.9119289147246415,0.03644963141248341,2,0.4534727219669592,9,9,9x9,0,5,0,
9c56f360,9c56f360#0,0,4a3e1c3e120972dd7301,3,17,0.029565217391304348,0,0.9292679131031036,0.9292679131031036,0.030022924834041866,3,0.24080003425478935,9,9,9x9,0,5,0,
9c56f360,9c56f360#0,0,4e551f573a8183aa5c63,4,14,0.02434782608695652,0,0.9264763730346777,0.9264763730346777,0.024655837711962822,5,0.17438362139676297,9,9,9x9,0,5,0,
9c56f360,9c56f360#0,0,38644117dc48ffb099f2,5,14,0.02434782608695652,0,0.9275379456152582,0.9275379456152582,0.02468202557092627,4,0.15380861357386624,9,9,9x9,0,5,0,
9caba7c3,9caba7c3#0,0,02384d8292df187cb922,1,998,0.997002997002997,1,0.9870729446411133,0.9870729446411133,0.997026786468619,1,0.9990167888945234,19,19,19x19,0,5,1,0.0036934614181518555
9caba7c3,9caba7c3#0,0,8062e0e130d86bf3d33d,2,1,0.000999000999000999,0,0.9833794832229614,0.9833794832229614,0.000995341782248497,2,0.9996495246887207,19,19,19x19,0,5,1,0.0036934614181518555
9caba7c3,9caba7c3#0,0,8efb8557d4d709d41c90,3,1,0.000999000999000999,0,0.9806094169616699,0.9806094169616699,0.0009925884347970742,3,0.9991855025291443,19,19,19x19,0,5,1,0.0036934614181518555
9caba7c3,9caba7c3#0,0,dc495a9fbe0309ff4ae5,4,1,0.000999000999000999,0,0.973222533861796,0.973222533861796,0.000985283314316049,4,0.963874101638794,19,19,19x19,0,5,1,0.0036934614181518555
9def23fe,9def23fe#0,0,d853278834ab5b6e5243,1,934,0.9330669330669331,1,0.9846250116825104,0.9846250116825104,0.9331060442183144,1,0.9491049813972168,20,20,20x20,0,5,1,-0.0008749991655350176
9def23fe,9def23fe#0,0,5bb8a2865b257f87579f,2,33,0.03296703296703297,0,0.9850000083446503,0.9850000083446503,0.0329807802024096,2,0.2947169593112035,20,20,20x20,0,5,1,-0.0008749991655350176
9def23fe,9def23fe#0,0,a27223d9c42c693d4547,3,11,0.01098901098901099,0,0.983375009894371,0.983375009894371,0.010975743335655928,3,0.38517373089085927,20,20,20x20,0,5,1,-0.0008749991655350176
9def23fe,9def23fe#0,0,d391f9651fecdda49772,4,5,0.004995004995004995,0,0.9761250048875809,0.9761250048875809,0.004952934955604429,4,0.940630841255188,20,20,20x20,0,5,1,-0.0008749991655350176
9def23fe,9def23fe#0,0,da8e40165cd0426325fe,5,2,0.001998001998001998,0,0.9855000108480454,0.9855000108480454,0.00199983483626671,5,0.12973694130778313,20,20,20x20,0,5,1,-0.0008749991655350176
a04b2602,a04b2602#0,0,93691246fc764048b640,1,472,0.47152847152847155,1,0.9873931683026828,0.9873931683026828,0.4718425856284957,1,0.6954804085968536,16,27,16x27,0,5,1,0.0008190888624924897
a04b2602,a04b2602#0,0,d84e7c16ab6e2a52bbef,2,166,0.16583416583416583,0,0.9865740794401903,0.9865740794401903,0.16580877041252076,2,0.6590064984847264,16,27,16x27,0,5,1,0.0008190888624924897
a04b2602,a04b2602#0,0,e43cc565158f6e4e3b18,3,74,0.07392607392607392,0,0.9834401726722717,0.9834401726722717,0.07368347372380134,3,0.7299382493554337,16,27,16x27,0,5,1,0.0008190888624924897
a04b2602,a04b2602#0,0,16f4645d819b49ff009f,4,58,0.057942057942057944,0,0.9850071283487173,0.9850071283487173,0.057842477461281655,4,0.15627538356608872,16,27,16x27,0,5,1,0.0008190888624924897
a04b2602,a04b2602#0,0,2ee2cece4fefc414d983,5,49,0.04895104895104895,0,0.9846153882833627,0.9846153882833627,0.048847781232242614,5,0.6155657569820784,16,27,16x27,0,5,1,0.0008190888624924897
a934301b,a934301b#0,0,d9545ca77c5bbd092f0a,1,159,0.2770034843205575,0,0.8836568421292528,0.8836568421292528,0.28117382927441426,1,0.8305728225588048,13,12,13x12,0,5,1,-0.05164150044182747
a934301b,a934301b#0,0,cdec3384bc9295a94331,2,135,0.23519163763066203,0,0.8876108293221375,0.8876108293221375,0.23967831042337157,2,0.7832008920334004,13,12,13x12,0,5,1,-0.05164150044182747
a934301b,a934301b#0,0,fbd407b89c743bad3211,3,102,0.17770034843205576,1,0.8359693288803101,0.8359693288803101,0.17197587157052133,3,0.7028040734722334,13,12,13x12,0,5,1,-0.05164150044182747
a934301b,a934301b#0,0,d70523dda00b329f8da6,4,19,0.033101045296167246,0,0.8320153389021615,0.8320153389021615,0.03190830629470527,4,0.3525343774572799,13,12,13x12,0,5,1,-0.05164150044182747
a934301b,a934301b#0,0,4503cc908bcdfb943c2b,5,9,0.0156794425087108,0,0.881739755100179,0.881739755100179,0.015885017599901546,5,0.15572572333945167,13,12,13x12,0,5,1,-0.05164150044182747
aa18de87,aa18de87#0,0,02711ab08fa17b2892aa,1,979,0.978021978021978,1,0.733796293536822,0.733796293536822,0.9795894015985667,1,0.9867111380545915,4,9,4x9,0,5,1,-4.967053768289986e-09
aa18de87,aa18de87#0,0,55ca8c82f2485b8aa30c,2,10,0.00999000999000999,0,0.7199074029922485,0.7199074029922485,0.00986800855713877,2,0.6059232540428638,4,9,4x9,0,5,1,-4.967053768289986e-09
aa18de87,aa18de87#0,0,03352e818f193cf86065,3,2,0.001998001998001998,0,0.7337962985038757,0.7337962985038757,0.0020012040990076093,3,0.46753211319446564,4,9,4x9,0,5,1,-4.967053768289986e-09
aa18de87,aa18de87#0,0,d9a6578482456b34848d,4,1,0.000999000999000999,0,0.6574074079593023,0.6574074079593023,0.0009270136188576581,9,0.8072730302810669,4,9,4x9,0,5,1,-4.967053768289986e-09
aa18de87,aa18de87#0,0,16bb2c955098f6e135ad,5,1,0.000999000999000999,0,0.7129629651705424,0.7129629651705424,0.0009799718178875457,7,0.4193541705608368,4,9,4x9,0,5,1,-4.967053768289986e-09
aa300dc3,aa300dc3#0,0,f629ea06420f1d105a29,1,449,0.7795138888888888,1,0.8971428573131561,0.8971428573131561,0.7752376374094959,1,0.9925847869275142,10,10,10x10,0,5,1,-0.03214286054883686
aa300dc3,aa300dc3#0,0,f5fadf2cf3cd4d7f06b4,2,94,0.16319444444444445,0,0.9242857141154153,0.9242857141154153,0.16676478767915284,2,0.828411339286794,10,10,10x10,0,5,1,-0.03214286054883686
aa300dc3,aa300dc3#0,0,6d1c4d48825650dbb4eb,3,9,0.015625,0,0.929285717861993,0.929285717861993,0.01604687555910038,3,0.6194974548286862,10,10,10x10,0,5,1,-0.03214286054883686
aa300dc3,aa300dc3#0,0,b62387801fdbdcc8f77d,4,5,0.008680555555555556,0,0.915000000170299,0.915000000170299,0.008788480051410369,4,0.663335257768631,10,10,10x10,0,5,1,-0.03214286054883686
aa300dc3,aa300dc3#0,0,fd096b0b735f0515f12f,5,4,0.006944444444444444,0,0.8928571385996682,0.8928571385996682,0.00687681333045506,5,0.9423258900642395,10,10,10x10,0,5,1,-0.03214286054883686
ac3e2b04,ac3e2b04#0,0,652e3987fdacf28777bd,1,984,0.983016983016983,1,0.9591346245545608,0.9591346245545608,0.9838320565962939,1,0.9973153842052793,16,18,16x18,0,5,1,0.0010683857477629122
ac3e2b04,ac3e2b04#0,0,6d20a15ae16f99464ae7,2,5,0.004995004995004995,0,0.8373397359481225,0.8373397359481225,0.0044258941908370975,2,0.9896366953849792,16,18,16x18,0,5,1,0.0010683857477629122
ac3e2b04,ac3e2b04#0,0,b05e09a796c5f5dc42ad,3,1,0.000999000999000999,0,0.9569978576440078,0.9569978576440078,0.0009976952044615912,5,0.7709419131278992,16,18,16x18,0,5,1,0.0010683857477629122
ac3e2b04,ac3e2b04#0,0,4ac53e55cc8e7900e4b1,4,1,0.000999000999000999,0,0.9569978576440078,0.9569978576440078,0.0009976952044615912,6,0.6340369582176208,16,18,16x18,0,5,1,0.0010683857477629122
ac3e2b04,ac3e2b04#0,0,120864cbfeefde36f280,5,1,0.000999000999000999,0,0.9580662388067979,0.9580662388067979,0.0009987616928308417,3,0.6069096326828003,16,18,16x18,0,5,1,0.0010683857477629122
af22c60d,af22c60d#0,0,a8487a238448ac7b35de,1,19,0.01898101898101898,0,0.9913421473824061,0.9913421473824061,0.01904053738788549,1,0.14411032278286784,30,30,30x30,0,5,0,
af22c60d,af22c60d#0,0,bb9c4251bfabc40ba5f3,2,15,0.014985014985014986,0,0.9916826922159928,0.9916826922159928,0.015037123143726313,2,0.14156411178410053,30,30,30x30,0,5,0,
af22c60d,af22c60d#0,0,c8995b9fdc5760584b8a,3,14,0.013986013986013986,0,0.9906797535860767,0.9906797535860767,0.014020579432841332,3,0.11024176861558642,30,30,30x30,0,5,0,
af22c60d,af22c60d#0,0,6df6f5a18a2d28610a33,4,13,0.012987012987012988,0,0.9907598824311907,0.9907598824311907,0.013020152721355743,4,0.24727579177572176,30,30,30x30,0,5,0,
af22c60d,af22c60d#0,0,bbafa52bdfe4d85b3ed1,5,9,0.008991008991008992,0,0.9908213138293761,0.9908213138293761,0.009014505640691775,5,0.2784398676206668,30,30,30x30,0,5,0,
b1fc8b8e,b1fc8b8e#0,0,6cc2694e9fa9b9922543,1,44,0.6111111111111112,0,0.8399999936421713,0.8399999936421713,0.5921656626824553,1,0.9965145791118796,5,5,5x5,0,5,1,-1.986821485111534e-08
b1fc8b8e,b1fc8b8e#0,0,19f7387c47366629fa7e,2,26,0.3611111111111111,1,0.9199999769528707,0.9199999769528707,0.3790595507631239,2,0.9870424774976877,5,5,5x5,0,5,1,-1.986821485111534e-08
b1fc8b8e,b1fc8b8e#0,0,a1b575ba27bcbe0b849a,3,1,0.013888888888888888,0,0.9199999968210856,0.9199999968210856,0.014579213780552337,3,0.5355271100997925,5,5,5x5,0,5,1,-1.986821485111534e-08
b1fc8b8e,b1fc8b8e#0,0,b50c06155360304f62af,4,1,0.013888888888888888,0,0.8933333357175192,0.8933333357175192,0.014195572773868194,4,0.36994418501853943,5,5,5x5,0,5,1,-1.986821485111534e-08
b1fc8b8e,b1fc8b8e#1,1,6cc2694e9fa9b9922543,1,38,0.5277777777777778,1,0.8114285639354161,0.8114285639354161,0.5079791593693845,1,0.9845240633738669,5,5,5x5,0,5,1,-0.09142856938498367
b1fc8b8e,b1fc8b8e#1,1,19f7387c47366629fa7e,2,25,0.3472222222222222,0,0.9028571333203997,0.9028571333203997,0.3661923187279204,2,0.9008689171075821,5,5,5x5,0,5,1,-0.09142856938498367
b1fc8b8e,b1fc8b8e#1,1,3d09b71b61f6ca3f2fb6,3,2,0.027777777777777776,0,0.8114285809653146,0.8114285809653146,0.02673574568527465,5,0.9938526749610901,5,5,5x5,0,5,1,-0.09142856938498367
b1fc8b8e,b1fc8b8e#1,1,0e231da474a1180e74dd,4,2,0.027777777777777776,0,0.8457142880984715,0.8457142880984715,0.027668294835425544,4,0.3790977969765663,5,5,5x5,0,5,1,-0.09142856938498367
b1fc8b8e,b1fc8b8e#1,1,a1b575ba27bcbe0b849a,5,2,0.027777777777777776,0,0.8914285727909633,0.8914285727909633,0.02896248730875506,3,0.28915607929229736,5,5,5x5,0,5,1,-0.09142856938498367
b7fb29bc,b7fb29bc#0,0,7c07a42dddb471a1990b,1,403,0.4025974025974026,1,0.9443418805415814,0.9443418805415814,0.4084725252606335,1,0.834221166172631,15,15,15x15,0,5,1,0.0014017073007730474
b7fb29bc,b7fb29bc#0,0,0426d6a0e248958e3e1c,2,81,0.08091908091908091,0,0.8803076904553634,0.8803076904553634,0.07700751827742698,2,0.6135082025954752,15,15,15x15,0,5,1,0.0014017073007730474
b7fb29bc,b7fb29bc#0,0,fa1e5a7bc1c447810255,3,57,0.056943056943056944,0,0.8814358935906337,0.8814358935906337,0.054251648190522084,3,0.7599583385806334,15,15,15x15,0,5,1,0.0014017073007730474
b7fb29bc,b7fb29bc#0,0,73aa3cdec7f21bfc502a,4,51,0.05094905094905095,0,0.9429401732408084,0.9429401732408084,0.05162014575447184,4,0.6344658326284558,15,15,15x15,0,5,1,0.0014017073007730474
b7fb29bc,b7fb29bc#0,0,b375b7288ebe295149e7,5,48,0.04795204795204795,0,0.9418119650620681,0.9418119650620681,0.04852888501076625,5,0.5588010334564993,15,15,15x15,0,5,1,0.0014017073007730474
b9630600,b9630600#0,0,b1c439f470298c4ff120,1,21,0.2916666666666667,1,0.9855555485595356,0.9855555485595356,0.29217195066880736,1,0.9227130097292718,30,30,30x30,0,5,1,-0.001010106368498409
b9630600,b9630600#0,0,0fe1820e376cd2944ac5,2,18,0.25,0,0.983131311156533,0.983131311156533,0.2498267265781314,2,0.8730669799778197,30,30,30x30,0,5,1,-0.001010106368498409
b9630600,b9630600#0,0,890b062c42ccd0e80125,3,5,0.06944444444444445,0,0.9830808043479919,0.9830808043479919,0.06939280804059016,3,0.9183048605918884,30,30,30x30,0,5,1,-0.001010106368498409
b9630600,b9630600#0,0,22f3991ee998f21e570b,4,4,0.05555555555555555,0,0.986565654928034,0.986565654928034,0.05570804276586051,4,0.1541575137525797,30,30,30x30,0,5,1,-0.001010106368498409
b9630600,b9630600#0,0,3003df193b8ed02e4afd,5,3,0.041666666666666664,0,0.9816666706041857,0.9816666706041857,0.041576848008865595,6,0.5501145422458649,30,30,30x30,0,5,1,-0.001010106368498409
bbb1b8b6,bbb1b8b6#0,0,307ec3c0cce2b3073d4b,1,998,0.997002997002997,1,0.6041666666666666,0.6041666666666666,0.9966053053305128,1,0.9972184338048847,4,4,4x4,0,5,1,-0.125
bbb1b8b6,bbb1b8b6#0,0,820e898b763bdbc928e9,2,1,0.000999000999000999,0,0.7291666666666666,0.7291666666666666,0.0011315648898331152,2,0.9345604181289673,4,4,4x4,0,5,1,-0.125
bbb1b8b6,bbb1b8b6#0,0,7e594abbd7ed48f94be8,3,1,0.000999000999000999,0,0.7291666666666666,0.7291666666666666,0.0011315648898331152,3,0.49604400992393494,4,4,4x4,0,5,1,-0.125
bbb1b8b6,bbb1b8b6#0,0,ccb40d33add5edd0b8a8,4,1,0.000999000999000999,0,0.7291666666666666,0.7291666666666666,0.0011315648898331152,4,0.2528938055038452,4,4,4x4,0,5,1,-0.125
bbb1b8b6,bbb1b8b6#1,1,ff3dd32dcfb5283b38c1,1,858,0.8571428571428571,1,0.75,0.75,0.8529243303836531,1,0.9580935433437496,4,4,4x4,0,5,1,-0.08806818181818177
bbb1b8b6,bbb1b8b6#1,1,e9c34787d85175806462,2,52,0.05194805194805195,0,0.7272727272727273,0.7272727272727273,0.05053080649732783,2,0.6329501397334613,4,4,4x4,0,5,1,-0.08806818181818177
bbb1b8b6,bbb1b8b6#1,1,8ec071b30f3b79d2146d,3,29,0.028971028971028972,0,0.8380681818181818,0.8380681818181818,0.0314824656838279,3,0.5316597937509931,4,4,4x4,0,5,1,-0.08806818181818177
bbb1b8b6,bbb1b8b6#1,1,1b64425bab4b9ad9bc9b,4,20,0.01998001998001998,0,0.8181818181818182,0.8181818181818182,0.02128453655695905,4,0.2414594642817974,4,4,4x4,0,5,1,-0.08806818181818177
bbb1b8b6,bbb1b8b6#1,1,2b0b97ba236ac075e57b,5,6,0.005994005994005994,0,0.8011363636363636,0.8011363636363636,0.006277441964150391,5,0.23070213943719864,4,4,4x4,0,5,1,-0.08806818181818177
be03b35f,be03b35f#0,0,db5865eed5b2381d9327,1,209,0.3628472222222222,0,0.4642857142857143,0.4642857142857143,0.33824136565596014,1,0.9847758295433373,2,2,2x2,0,5,0,
be03b35f,be03b35f#0,0,2fb4e1f9738a63fc5362,2,181,0.3142361111111111,0,0.6071428571428571,0.6071428571428571,0.3379100251845347,2,0.9810495773402367,2,2,2x2,0,5,0,
be03b35f,be03b35f#0,0,dd590c08b0c9edbe5639,3,154,0.2673611111111111,0,0.5357142857142857,0.5357142857142857,0.2676838612711498,3,0.9800159791847328,2,2,2x2,0,5,0,
be03b35f,be03b35f#0,0,06eb3688a0fac5800103,4,15,0.026041666666666668,0,0.6071428571428571,0.6071428571428571,0.028003593247337106,4,0.7349929372469585,2,2,2x2,0,5,0,
be03b35f,be03b35f#0,0,be12530414e8a37bd022,5,6,0.010416666666666666,0,0.5357142857142857,0.5357142857142857,0.010429241348226594,5,0.7989844878514608,2,2,2x2,0,5,0,
bf89d739,bf89d739#0,0,20eca757637625aaefcf,1,208,0.3617391304347826,0,0.9759663677215576,0.9759663677215576,0.3618961946424152,1,0.770540779384856,14,17,14x17,0,5,1,-0.0013445472717285023
bf89d739,bf89d739#0,0,c030537b884ca4622cdf,2,164,0.2852173913043478,0,0.9766386365890503,0.9766386365890503,0.2855331209107241,2,0.7158417860727485,14,17,14x17,0,5,1,-0.0013445472717285023
bf89d739,bf89d739#0,0,c989a432071e3bb6f3d9,3,99,0.17217391304347826,1,0.9752940988540649,0.9752940988540649,0.17213291106214296,3,0.7585097060661123,14,17,14x17,0,5,1,-0.0013445472717285023
bf89d739,bf89d739#0,0,70288831977ef73d39df,4,29,0.050434782608695654,0,0.9766386461257934,0.9766386461257934,0.05049061332548542,4,0.2983996117937154,14,17,14x17,0,5,1,-0.0013445472717285023
bf89d739,bf89d739#0,0,abb00458b099a888df98,5,29,0.050434782608695654,0,0.9752941083908081,0.9752941083908081,0.050422772408163515,5,0.24940226175661745,14,17,14x17,0,5,1,-0.0013445472717285023
c3202e5a,c3202e5a#0,0,9bed21401bdaa696c910,1,21,0.02097902097902098,0,0.6445576438315752,0.6445576438315752,0.022206366263169016,1,0.7119108112085433,5,5,5x5,0,5,1,-0.033083111846734625
c3202e5a,c3202e5a#0,0,58a32c078a17e1541474,2,16,0.015984015984015984,0,0.6282573758197534,0.6282573758197534,0.016645585279395133,2,0.8021971825510263,5,5,5x5,0,5,1,-0.033083111846734625
c3202e5a,c3202e5a#0,0,99f313a0f377876f27dd,3,14,0.013986013986013986,0,0.6122788221602785,0.6122788221602785,0.014334010736571416,3,0.8485599798815591,5,5,5x5,0,5,1,-0.033083111846734625
c3202e5a,c3202e5a#0,0,7f049471008cae54e8b7,4,14,0.013986013986013986,1,0.6114745319848406,0.6114745319848406,0.014322486667530358,4,0.8205867580005101,5,5,5x5,0,5,1,-0.033083111846734625
c3202e5a,c3202e5a#0,0,5c809602ed850a6da381,5,11,0.01098901098901099,0,0.6198391445760113,0.6198391445760113,0.011347907346817607,7,0.7468667775392532,5,5,5x5,0,5,1,-0.033083111846734625
c7d4e6ad,c7d4e6ad#0,0,4426b9ee12be7e72fc72,1,987,0.986013986013986,1,0.9900000095367432,0.9900000095367432,0.98610562470529,1,0.9793074001928955,10,10,10x10,0,5,1,0.006666660308837891
c7d4e6ad,c7d4e6ad#0,0,d1c50fc626fba087cc21,2,12,0.011988011988011988,0,0.9833333492279053,0.9833333492279053,0.011909464538332913,2,0.9401948899030685,10,10,10x10,0,5,1,0.006666660308837891
c7d4e6ad,c7d4e6ad#0,0,a7d6f8ea167c83706907,3,1,0.000999000999000999,0,0.9833333492279053,0.9833333492279053,0.0009924553781944091,3,0.7436829805374146,10,10,10x10,0,5,1,0.006666660308837891
c7d4e6ad,c7d4e6ad#0,0,9de865fb406d88015b77,4,1,0.000999000999000999,0,0.9833333492279053,0.9833333492279053,0.0009924553781944091,4,0.2341902107000351,10,10,10x10,0,5,1,0.006666660308837891
c87289bb,c87289bb#0,0,99e27f5b7e5dca5ba000,1,537,0.9322916666666666,1,0.9487499985843897,0.9487499985843897,0.9343443413324317,1,0.9329578044548548,10,15,10x15,0,5,1,0.005416667088866234
c87289bb,c87289bb#0,0,2a954c8935e51f386e48,2,3,0.005208333333333333,0,0.9150000009685755,0.9150000009685755,0.005046572200466271,3,0.5309060961008072,10,15,10x15,0,5,1,0.005416667088866234
c87289bb,c87289bb#0,0,50e9a706c1d2fca75c73,3,3,0.005208333333333333,0,0.9433333314955235,0.9433333314955235,0.005191603303560024,2,0.34622228269775707,10,15,10x15,0,5,1,0.005416667088866234
c87289bb,c87289bb#0,0,5b1e3356f019eb3cac70,4,2,0.003472222222222222,0,0.9235416706651449,0.9235416706651449,0.0033932419852367884,4,0.17777450382709503,10,15,10x15,0,5,1,0.005416667088866234
c87289bb,c87289bb#0,0,63b694f91bb49cbdd050,5,2,0.003472222222222222,0,0.9206250011920929,0.9206250011920929,0.003383359438990115,5,0.09030691720545292,10,15,10x15,0,5,1,0.005416667088866234
c8b7cc0f,c8b7cc0f#0,0,4f194de8695bcd24e5b1,1,368,0.3676323676323676,0,0.7288889026641846,0.7288889026641846,0.37817549811446155,1,0.8679122977849582,3,3,3x3,0,5,1,-0.031111111640930167
c8b7cc0f,c8b7cc0f#0,0,4e0ef9d3dba60bb8c6a5,2,317,0.3166833166833167,1,0.6977777910232544,0.6977777910232544,0.31578641800143253,2,0.8746042259578073,3,3,3x3,0,5,1,-0.031111111640930167
c8b7cc0f,c8b7cc0f#0,0,8bf65003d53c45b3be74,3,161,0.16083916083916083,0,0.6844444608688355,0.6844444608688355,0.15825938333159292,3,0.8826386064105893,3,3,3x3,0,5,1,-0.031111111640930167
c8b7cc0f,c8b7cc0f#0,0,f0e98a5f74b99c8338c6,4,26,0.025974025974025976,0,0.6888889026641846,0.6888889026641846,0.025671257182331708,4,0.7325113392793215,3,3,3x3,0,5,1,-0.031111111640930167
c8b7cc0f,c8b7cc0f#0,0,b7bfde0f27a47376fb79,5,25,0.024975024975024976,0,0.6888889038562774,0.6888889038562774,0.02468390116628292,5,0.6735859537124633,3,3,3x3,0,5,1,-0.031111111640930167
ca8de6ea,ca8de6ea#0,0,44f8ada0161506e55d75,1,948,0.9470529470529471,1,0.7342995314494424,0.7342995314494424,0.9500022929696647,1,0.987361944032998,3,3,3x3,0,5,1,0.024154587932255
ca8de6ea,ca8de6ea#0,0,81e48515b260b53eb779,2,7,0.006993006993006993,0,0.6280193432517673,0.6280193432517673,0.006307502871890426,2,0.818030372262001,3,3,3x3,0,5,1,0.024154587932255
ca8de6ea,ca8de6ea#0,0,0dbcdc62300ba65a28fa,3,5,0.004995004995004995,0,0.6908212718756302,0.6908212718756302,0.004797378144805237,3,0.5381328999996186,3,3,3x3,0,5,1,0.024154587932255
ca8de6ea,ca8de6ea#0,0,8829f6e52cda40547d65,4,4,0.003996003996003996,0,0.7004831083442854,0.7004831083442854,0.003875163416839287,6,0.6953254640102386,3,3,3x3,0,5,1,0.024154587932255
ca8de6ea,ca8de6ea#0,0,b138c8f7631229e56999,5,4,0.003996003996003996,0,0.7101449435171874,0.7101449435171874,0.0039127860662839745,5,0.6797744333744049,3,3,3x3,0,5,1,0.024154587932255
cd3c21df,cd3c21df#0,0,31fa6fa178c5c42a238d,1,591,0.5904095904095904,1,0.18604651162790697,0.18604651162790697,0.6160872841189206,1,0.8931410536422141,3,2,3x2,0,5,1,0.0
cd3c21df,cd3c21df#0,0,f6488140126ac3b594b5,2,129,0.12887112887112886,0,0.046511627906976744,0.046511627906976744,0.1169621235131249,2,0.7861799843782602,2,2,2x2,0,5,1,0.0
cd3c21df,cd3c21df#0,0,f288cdf658391e78a1ec,3,44,0.04395604395604396,0,0.046511627906976744,0.046511627906976744,0.03989405763238369,3,0.7416927902535959,2,2,2x2,0,5,1,0.0
cd3c21df,cd3c21df#0,0,90c97d163bcb2d504e05,4,39,0.03896103896103896,0,0.046511627906976744,0.046511627906976744,0.03536064199234009,4,0.6217783876718619,2,2,2x2,0,5,1,0.0
cd3c21df,cd3c21df#0,0,ee312da88aac72a9a46e,5,24,0.023976023976023976,0,0.18604651162790697,0.18604651162790697,0.025018772959143978,5,0.4812253812948863,3,2,3x2,0,5,1,0.0
ce8d95cc,ce8d95cc#0,0,06c0e8d933d10e40b654,1,119,0.11888111888111888,1,0.051452530779928535,0.051452530779928535,0.10628370535423963,1,0.7906736081638256,7,9,7x9,0,5,1,-0.12313353115657591
ce8d95cc,ce8d95cc#0,0,3661fdcf5838022b8c28,2,110,0.10989010989010989,0,0.05109314176271547,0.05109314176271547,0.0982101399352222,2,0.9541179638017308,7,9,7x9,0,5,1,-0.12313353115657591
ce8d95cc,ce8d95cc#0,0,dd547740380f16cdc4c2,3,40,0.03996003996003996,0,0.17458606193650444,0.17458606193650444,0.04040693693427247,3,0.6972689602524043,7,7,7x7,0,5,1,-0.12313353115657591
ce8d95cc,ce8d95cc#0,0,99b6440280b4802c4ab1,4,33,0.03296703296703297,0,0.15102725546315032,0.15102725546315032,0.03255955185590474,4,0.5493582466786558,5,9,5x9,0,5,1,-0.12313353115657591
ce8d95cc,ce8d95cc#0,0,c390dc40ed044b69b06b,5,30,0.029970029970029972,0,0.051272836271322,0.051272836271322,0.026789397093753057,7,0.6146975631515185,7,9,7x9,0,5,1,-0.12313353115657591
cf133acc,cf133acc#0,0,f35fd93d71151aac90ad,1,875,0.8741258741258742,1,0.9853262835078769,0.9853262835078769,0.8750826505221494,1,0.9674075939485005,15,15,15x15,0,5,1,0.001622582238817949
cf133acc,cf133acc#0,0,c410822709e612f863e3,2,29,0.028971028971028972,0,0.9759435682069688,0.9759435682069688,0.02873188747857522,2,0.733512477628116,15,15,15x15,0,5,1,0.001622582238817949
cf133acc,cf133acc#0,0,fc4c64825715f4509446,3,8,0.007992007992007992,0,0.965643740835644,0.965643740835644,0.007844820085628033,3,0.5666919518262148,15,15,15x15,0,5,1,0.001622582238817949
cf133acc,cf133acc#0,0,b4ea8377dac387dd4beb,4,6,0.005994005994005994,0,0.982645501220037,0.982645501220037,0.005984502075949519,4,0.39707720279693604,15,15,15x15,0,5,1,0.001622582238817949
cf133acc,cf133acc#0,0,8d04610cdd9835cc042a,5,5,0.004995004995004995,0,0.9837037012690589,0.9837037012690589,0.00499236519017226,5,0.7885562300682067,15,15,15x15,0,5,1,0.001622582238817949
d19f7514,d19f7514#0,0,ee2b77e47d5e136e0c21,1,998,0.997002997002997,1,0.875,0.875,0.9972152507224847,1,0.9997811670413237,6,4,6x4,0,5,1,0.04166666666666663
d19f7514,d19f7514#0,0,6dc7019d96e9fb1cb519,2,1,0.000999000999000999,0,0.8333333333333334,0.8333333333333334,0.0009584352254122663,2,0.9888717532157898,6,4,6x4,0,5,1,0.04166666666666663
d19f7514,d19f7514#0,0,496796d93738616286d0,3,1,0.000999000999000999,0,0.805555542310079,0.805555542310079,0.0009321783789148397,3,0.9326232075691223,6,4,6x4,0,5,1,0.04166666666666663
d19f7514,d19f7514#0,0,3017d829636176383873,4,1,0.000999000999000999,0,0.7638888756434122,0.7638888756434122,0.0008941356732002015,4,0.5107440948486328,6,4,6x4,0,5,1,0.04166666666666663
d5c634a2,d5c634a2#0,0,7314ddbb697482b333a7,1,223,0.22277722277722278,1,0.7633181108187322,0.7633181108187322,0.22568335045710095,1,0.9362579353588044,3,6,3x6,0,5,1,0.006088278881490994
d5c634a2,d5c634a2#0,0,9aee1ff617cde0d12428,2,181,0.18081918081918083,0,0.7572298319372412,0.7572298319372412,0.18206611558604696,2,0.8172446430882038,3,6,3x6,0,5,1,0.006088278881490994
d5c634a2,d5c634a2#0,0,544e2257ba14538e95af,3,86,0.08591408591408592,0,0.7336377468827653,0.7336377468827653,0.08448956820047591,3,0.7295998688354048,3,6,3x6,0,5,1,0.006088278881490994
d5c634a2,d5c634a2#0,0,b38f0ec60e6197eb191d,4,66,0.06593406593406594,0,0.7572298303042373,0.7572298303042373,0.06638874922130542,4,0.6466295294689409,3,6,3x6,0,5,1,0.006088278881490994
d5c634a2,d5c634a2#0,0,cfccc808cab714cfd3e8,5,54,0.053946053946053944,0,0.7564687957502392,0.7564687957502392,0.054276745344202106,5,0.45850635789058825,3,6,3x6,0,5,1,0.006088278881490994
d5c634a2,d5c634a2#1,1,9aee1ff617cde0d12428,1,438,0.43756243756243757,0,0.6716269818799836,0.6716269818799836,0.440300859872555,1,0.8766954449349886,3,6,3x6,0,5,0,
d5c634a2,d5c634a2#1,1,495e847a4542e5c74b90,2,107,0.1068931068931069,0,0.7023809477686882,0.7023809477686882,0.11092143474956842,2,0.6606252956613202,3,6,3x6,0,5,0,
d5c634a2,d5c634a2#1,1,79468a573d533645a57a,3,97,0.0969030969030969,0,0.6617063454219273,0.6617063454219273,0.09654697691992004,3,0.8349950310495711,3,6,3x6,0,5,0,
d5c634a2,d5c634a2#1,1,b6c0a1e61dbad6fa1c0c,4,95,0.09490509490509491,0,0.6636904744165284,0.6636904744165284,0.09474411577965547,4,0.6566811054944992,3,6,3x6,0,5,0,
d5c634a2,d5c634a2#1,1,7314ddbb697482b333a7,5,57,0.056943056943056944,0,0.6825396780456815,0.6825396780456815,0.05792814245794922,5,0.5797803556187111,3,6,3x6,0,5,0,
dd2401ed,dd2401ed#0,0,41a0a78ee6c188555daf,1,249,0.24875124875124874,0,0.9142095289230346,0.9142095289230346,0.25286362314341876,1,0.7683752761428136,7,15,7x15,0,5,0,
dd2401ed,dd2401ed#0,0,7f0b5c2b18ec6ac14b0e,2,153,0.15284715284715283,0,0.8836571497917175,0.8836571497917175,0.15069877098607107,2,0.4773800844947497,7,15,7x15,0,5,0,
dd2401ed,dd2401ed#0,0,f246ef8488e6ae0c0209,3,92,0.0919080919080919,0,0.8867809591293335,0.8867809591293335,0.09089976493673754,3,0.5559809382842935,7,15,7x15,0,5,0,
dd2401ed,dd2401ed#0,0,9635434fb0a260c7d934,4,72,0.07192807192807193,0,0.9186285762786865,0.9186285762786865,0.07344101553752555,4,0.5442213910735316,7,15,7x15,0,5,0,
dd2401ed,dd2401ed#0,0,3f184e7c25296c9b1935,5,45,0.04495504495504495,0,0.9218285760879517,0.9218285760879517,0.04604775199537458,5,0.40375751786761815,7,15,7x15,0,5,0,
df8cc377,df8cc377#0,0,2c7ff59eedbaa6f40fa6,1,118,0.11788211788211789,1,0.9005701117283476,0.9005701117283476,0.11773770639011852,1,0.8452544859531572,22,26,22x26,0,5,1,0.0004602668032182011
df8cc377,df8cc377#0,0,e1bc18a7681bc4c50c96,2,83,0.08291708291708291,0,0.8982958388803279,0.8982958388803279,0.08262737429875872,2,0.8648275741970682,22,26,22x26,0,5,1,0.0004602668032182011
df8cc377,df8cc377#0,0,c66ecceea1996b0a8038,3,83,0.08291708291708291,0,0.8980366956871167,0.8980366956871167,0.08260596475132533,3,0.8139467614601894,22,26,22x26,0,5,1,0.0004602668032182011
df8cc377,df8cc377#0,0,945f24b10415b1e2201f,4,41,0.04095904095904096,0,0.8929698584617767,0.8929698584617767,0.04059912489592722,4,0.6671904600793268,22,26,22x26,0,5,1,0.0004602668032182011
df8cc377,df8cc377#0,0,462adb08d40a7a5b63ff,5,35,0.03496503496503497,0,0.9001098449251294,0.9001098449251294,0.03490613121656747,5,0.9345535108021328,22,26,22x26,0,5,1,0.0004602668032182011
e133d23d,e133d23d#0,0,a5e895ac74772928576d,1,1001,1.0,1,0.0,0.0,0.9999999999999875,1,0.9983779463496479,3,3,3x3,0,5,0,
e1d2900e,e1d2900e#0,0,92c8b77705770eb10921,1,52,0.09027777777777778,0,0.8177495341179735,0.8177495341179735,0.09315366461131092,1,0.24795804917812347,30,30,30x30,0,5,0,
e1d2900e,e1d2900e#0,0,13204ad5b2d8c5a9fd7d,2,39,0.06770833333333333,0,0.8176365378549544,0.8176365378549544,0.06985735439250089,2,0.13122726661654618,30,30,30x30,0,5,0,
e1d2900e,e1d2900e#0,0,103291f9eab75a40bb81,3,28,0.04861111111111111,0,0.818163845498683,0.818163845498683,0.050180451585877,3,0.534210752961891,30,30,30x30,0,5,0,
e1d2900e,e1d2900e#0,0,7afc2a7f2a4aeae0fa9d,4,26,0.04513888888888889,0,0.8178625263399997,0.8178625263399997,0.0465820954227727,4,0.6720307647035673,30,30,30x30,0,5,0,
e1d2900e,e1d2900e#0,0,4b575d4d1b2eec5d0dca,5,26,0.04513888888888889,0,0.8175800412388171,0.8175800412388171,0.04656893853323403,5,0.08806902506890205,30,30,30x30,0,5,0,
e345f17b,e345f17b#0,0,1530d8d6baff009aab0e,1,997,0.996003996003996,1,0.9375,0.9375,0.9961264638934868,1,0.9980270928042823,4,4,4x4,0,5,1,0.03125
e345f17b,e345f17b#0,0,2c5f0dd4fe9b472ac8bf,2,2,0.001998001998001998,0,0.90625,0.90625,0.0019367680532537072,2,0.9169886112213135,4,4,4x4,0,5,1,0.03125
e345f17b,e345f17b#0,0,640f1e2b440ba9044b57,3,2,0.001998001998001998,0,0.90625,0.90625,0.0019367680532537072,3,0.8446849882602692,4,4,4x4,0,5,1,0.03125
e345f17b,e345f17b#1,1,165c801918627f4336f9,1,952,0.951048951048951,1,0.81875,0.81875,0.9539955137970835,1,0.9847189054644409,4,4,4x4,0,5,1,0.03125
e345f17b,e345f17b#1,1,b329ecc1a5dfb34a0364,2,16,0.015984015984015984,0,0.7875,0.7875,0.01554023794140292,2,0.6769315237179399,4,4,4x4,0,5,1,0.03125
e345f17b,e345f17b#1,1,d1ca417a2937cdf00511,3,5,0.004995004995004995,0,0.7625,0.7625,0.004736421281102825,3,0.7312760829925538,4,4,4x4,0,5,1,0.03125
e345f17b,e345f17b#1,1,921056502be51fa22781,4,4,0.003996003996003996,0,0.7875,0.7875,0.003885059485350731,4,0.5239761844277382,4,4,4x4,0,5,1,0.03125
e345f17b,e345f17b#1,1,da8f5ecd49d620cc0d25,5,3,0.002997002997002997,0,0.78125,0.78125,0.002895640189348938,5,0.7857006986935934,4,4,4x4,0,5,1,0.03125
e4075551,e4075551#0,0,8ead185a2f5e044f3423,1,786,0.7852147852147852,1,0.9536764726919287,0.9536764726919287,0.7873684086613302,1,0.761065735858474,16,15,16x15,0,5,1,0.002941175418741615
e4075551,e4075551#0,0,cb00e45237f4259734f5,2,98,0.0979020979020979,0,0.9507352972731871,0.9507352972731871,0.09788230303314122,2,0.8893551528453827,16,15,16x15,0,5,1,0.002941175418741615
e4075551,e4075551#0,0,d2ba61b2a8c14d75d901,3,49,0.04895104895104895,0,0.9374999982469222,0.9374999982469222,0.04829766848014648,3,0.7509601943346919,16,15,16x15,0,5,1,0.002941175418741615
e4075551,e4075551#0,0,4ba02f1b38d970c7615f,4,22,0.02197802197802198,0,0.9321078377611497,0.9321078377611497,0.021568054953023108,4,0.6893308812921698,16,15,16x15,0,5,1,0.002941175418741615
e4075551,e4075551#0,0,ccde884bc12a759484c6,5,9,0.008991008991008992,0,0.928799017387278,0.928799017387278,0.008794148755885184,5,0.44727225104967755,16,15,16x15,0,5,1,0.002941175418741615
e41c6fd3,e41c6fd3#0,0,5eee388c53ea4dbec0d7,1,36,0.03596403596403597,0,0.8023978987317176,0.8023978987317176,0.03308508032010083,1,0.7342863683071401,17,30,17x30,0,5,0,
e41c6fd3,e41c6fd3#0,0,d59de5d40ac32356799c,2,15,0.014985014985014986,0,0.8200299695039251,0.8200299695039251,0.014030671694672538,3,0.505682767679294,17,30,17x30,0,5,0,
e41c6fd3,e41c6fd3#0,0,def7a1ba35e3f4aeb505,3,15,0.014985014985014986,0,0.9165580017551495,0.9165580017551495,0.015452546330815409,2,0.1326633798579375,17,30,17x30,0,5,0,
e41c6fd3,e41c6fd3#0,0,906de690e4f3f411ab80,4,12,0.011988011988011988,0,0.9167878007433217,0.9167878007433217,0.012364878174691127,4,0.21973183595885834,17,30,17x30,0,5,0,
e41c6fd3,e41c6fd3#0,0,c35f8fd00cd93d825977,5,10,0.00999000999000999,0,0.9079705163931391,0.9079705163931391,0.010213610640796912,7,0.11453803852200509,17,30,17x30,0,5,0,
e633a9e5,e633a9e5#0,0,d5a1ddccdf45093d1c19,1,1001,1.0,1,0.0,0.0,0.9999999999999875,1,0.9999291151910872,5,5,5x5,0,5,0,
e681b708,e681b708#0,0,6a2235f469bdc912edc1,1,39,0.03896103896103896,0,0.9864471346668943,0.9864471346668943,0.039073809731787694,1,0.3339027263797246,26,26,26x26,0,5,0,
e681b708,e681b708#0,0,3995de0fa13ad8483c2e,2,24,0.023976023976023976,0,0.986948984967181,0.986948984967181,0.024057491603815626,2,0.4610401475802064,26,26,26x26,0,5,0,
e681b708,e681b708#0,0,ae5393c033d28aec732f,3,17,0.016983016983016984,0,0.986400453061512,0.986400453061512,0.017031378402187394,3,0.29778369538047733,26,26,26x26,0,5,0,
e681b708,e681b708#0,0,633a672a050d51fcecf9,4,17,0.016983016983016984,0,0.983345587107792,0.983345587107792,0.016979429213465642,4,0.2728503714589512,26,26,26x26,0,5,0,
e681b708,e681b708#0,0,3dcf103934f411148689,5,15,0.014985014985014986,0,0.9810143182498698,0.9810143182498698,0.014946963267445493,6,0.6881038933992386,26,26,26x26,0,5,0,
e69241bd,e69241bd#0,0,80a35acb9fe16b6d7fd5,1,889,0.8881118881118881,1,0.9244735065628501,0.9244735065628501,0.8929874747560311,1,0.9723614815987135,9,9,9x9,0,5,1,0.022512716405531985
e69241bd,e69241bd#0,0,93e548416377422a44d8,2,55,0.054945054945054944,0,0.866376189624562,0.866376189624562,0.052128466814047876,2,0.9473367019133134,9,9,9x9,0,5,1,0.022512716405531985
e69241bd,e69241bd#0,0,5e4fe8f222ab0714c038,3,16,0.015984015984015984,0,0.866376189624562,0.866376189624562,0.015164644891359382,3,0.9176563327200711,9,9,9x9,0,5,1,0.022512716405531985
e69241bd,e69241bd#0,0,1bffd7ec48082fb9d2dc,4,11,0.01098901098901099,0,0.8678286110653597,0.8678286110653597,0.010440846865357015,4,0.9368837340311571,9,9,9x9,0,5,1,0.022512716405531985
e69241bd,e69241bd#0,0,38a61c1a120a472ecf91,5,8,0.007992007992007992,0,0.9019607901573181,0.9019607901573181,0.007856994424012885,5,0.5294271474704146,9,9,9x9,0,5,1,0.022512716405531985
e760a62e,e760a62e#0,0,5c1df21481bcb3f517b9,1,234,0.23376623376623376,1,0.922718168036338,0.922718168036338,0.236419264351008,1,0.9059715307054993,28,28,28x28,0,5,1,0.0013694119599698684
e760a62e,e760a62e#0,0,fd8b31dd362c34905fcb,2,139,0.13886113886113885,0,0.9147520990459466,0.9147520990459466,0.1393227970140371,2,0.8537890274988876,28,28,28x28,0,5,1,0.0013694119599698684
e760a62e,e760a62e#0,0,b282d8935b8ba954a057,3,128,0.12787212787212787,0,0.9213487560763681,0.9213487560763681,0.12914638252795632,3,0.7521735478658229,28,28,28x28,0,5,1,0.0013694119599698684
e760a62e,e760a62e#0,0,06deb5be78929ebdce75,4,111,0.1108891108891109,0,0.9139617509637142,0.9139617509637142,0.11116987552688401,4,0.5699628710679643,28,28,28x28,0,5,1,0.0013694119599698684
e760a62e,e760a62e#0,0,ce8f1cbfa6485bf04893,5,71,0.07092907092907093,0,0.9119506730623772,0.9119506730623772,0.07096579776865174,5,0.7251041299125678,28,28,28x28,0,5,1,0.0013694119599698684
e7639916,e7639916#0,0,2a36eb0ad31508b08a0d,1,453,0.7864583333333334,1,0.8590925143611047,0.8590925143611047,0.7982674247103446,1,0.9799667417871505,14,13,14x13,0,5,1,0.041651900737516345
e7639916,e7639916#0,0,76b67c9efe57c6223366,2,72,0.125,0,0.7943991461107808,0.7943991461107808,0.11892871562695283,2,0.9818394887778494,14,13,14x13,0,5,1,0.041651900737516345
e7639916,e7639916#0,0,26fa1e6d39f796cd07ee,3,15,0.026041666666666668,0,0.7997164091756267,0.7997164091756267,0.02490891148553829,3,0.9969154993693033,14,13,14x13,0,5,1,0.041651900737516345
e7639916,e7639916#0,0,cd9483f47a9b17f070c0,4,3,0.005208333333333333,0,0.8174406136235883,0.8174406136235883,0.0050708675757558455,4,0.7197184065977732,14,13,14x13,0,5,1,0.041651900737516345
e7639916,e7639916#0,0,a741457b56b3ca3c28e7,5,2,0.003472222222222222,0,0.7929812092934886,0.7929812092934886,0.003298894492269472,7,0.998903900384903,14,13,14x13,0,5,1,0.041651900737516345
e7dd8335,e7dd8335#0,0,71d7454d3a2a240adac5,1,105,0.18229166666666666,0,0.9208380107526426,0.9208380107526426,0.18510403872471445,1,0.7151048996618816,9,11,9x11,0,5,0,
e7dd8335,e7dd8335#0,0,675e14db4955aa5a3bc3,2,54,0.09375,0,0.907220353462078,0.907220353462078,0.09390879803400773,2,0.671025313436985,9,11,9x11,0,5,0,
e7dd8335,e7dd8335#0,0,eb03a0f89d75a1afeb3b,3,52,0.09027777777777778,0,0.9194912098072193,0.9194912098072193,0.09154719264852917,3,0.42775483458087993,9,11,9x11,0,5,0,
e7dd8335,e7dd8335#0,0,21a9e7a29062b834460a,4,34,0.059027777777777776,0,0.9187429882861949,0.9187429882861949,0.05981300968067542,4,0.5511145289329922,9,11,9x11,0,5,0,
e7dd8335,e7dd8335#0,0,a26960627ed9007d8e33,5,25,0.043402777777777776,0,0.908567155290533,0.908567155290533,0.04353488878822889,5,0.5980912950634957,9,11,9x11,0,5,0,
e95e3d8e,e95e3d8e#0,0,b30afa8c604f766e9417,1,808,0.8071928071928072,1,0.9848944001727634,0.9848944001727634,0.8075344505974804,1,0.977862779401464,22,22,22x22,0,5,1,-0.0011937525537278892
e95e3d8e,e95e3d8e#0,0,482cc6f2743556943b9f,2,38,0.03796203796203796,0,0.9835169871648153,0.9835169871648153,0.03792582982431545,2,0.9925024054552379,22,22,22x22,0,5,1,-0.0011937525537278892
e95e3d8e,e95e3d8e#0,0,e328054194bace2d0750,3,37,0.03696303696303696,0,0.9837465590900845,0.9837465590900845,0.03693626022615999,3,0.9809603401132532,22,22,22x22,0,5,1,-0.0011937525537278892
e95e3d8e,e95e3d8e#0,0,7a1d8e97bd67541a0804,4,25,0.024975024975024976,0,0.9837465590900845,0.9837465590900845,0.024956932585243247,4,0.9511013984680176,22,22,22x22,0,5,1,-0.0011937525537278892
e95e3d8e,e95e3d8e#0,0,4623f631877d6692467e,5,16,0.015984015984015984,0,0.9860881527264913,0.9860881527264913,0.016009881634171712,5,0.8357403138652444,22,22,22x22,0,5,1,-0.0011937525537278892
e99362f0,e99362f0#0,0,7c4768c214a24ea10451,1,936,0.935064935064935,1,0.8599999904632568,0.8599999904632568,0.934863809854035,1,0.9563099050050617,5,4,5x4,0,5,1,-0.010000002384185858
e99362f0,e99362f0#0,0,45e5b822da410a523388,2,58,0.057942057942057944,0,0.8699999928474427,0.8699999928474427,0.05851179730398121,2,0.5919115754037068,5,4,5x4,0,5,1,-0.010000002384185858
e99362f0,e99362f0#0,0,10d005b75b396926159e,3,3,0.002997002997002997,0,0.8199999928474426,0.8199999928474426,0.0028788694797914744,3,0.5681103666623434,5,4,5x4,0,5,1,-0.010000002384185858
e99362f0,e99362f0#0,0,3b899c347a5bf7190170,4,2,0.001998001998001998,0,0.8599999904632568,0.8599999904632568,0.001997572243277818,4,0.6991897970438004,5,4,5x4,0,5,1,-0.010000002384185858
e99362f0,e99362f0#0,0,ddf19b3083ad6ea62e44,5,1,0.000999000999000999,0,0.7800000071525574,0.7800000071525574,0.0009219958108164527,5,0.7844453454017639,5,4,5x4,0,5,1,-0.010000002384185858
e9bb6954,e9bb6954#0,0,502192c0ed5b068196ea,1,816,0.8151848151848152,1,0.9578716518978277,0.9578716518978277,0.8217059707516504,1,0.9981392881303441,19,19,19x19,0,5,1,0.0015581771731376648
e9bb6954,e9bb6954#0,0,9f6a8915a87cb0715ca0,2,105,0.1048951048951049,0,0.9035664809246858,0.9035664809246858,0.10014543259908351,2,0.9973580456915356,19,19,19x19,0,5,1,0.0015581771731376648
e9bb6954,e9bb6954#0,0,5a7c0b9bf596cafdac76,3,15,0.014985014985014986,0,0.9563134747246901,0.9563134747246901,0.01508137140190559,3,0.9633923053741456,19,19,19x19,0,5,1,0.0015581771731376648
e9bb6954,e9bb6954#0,0,14d421b5528e3ecb52d2,4,13,0.012987012987012988,0,0.8999884588023027,0.8999884588023027,0.012354673847281172,4,0.9992824242665217,19,19,19x19,0,5,1,0.0015581771731376648
e9bb6954,e9bb6954#0,0,1eedd5a2a4994d2c3414,5,5,0.004995004995004995,0,0.8456832841038704,0.8456832841038704,0.004500631953047318,5,0.9994935035705567,19,19,19x19,0,5,1,0.0015581771731376648
e9c9d9a1,e9c9d9a1#0,0,32f3c93672ac43799a02,1,412,0.4115884115884116,1,0.8797037058406406,0.8797037058406406,0.4204585879735433,1,0.9603907748044116,15,15,15x15,0,5,1,0.017382720443937516
e9c9d9a1,e9c9d9a1#0,0,cd60c912eddb77cf6d25,2,153,0.15284715284715283,0,0.834074072043101,0.834074072043101,0.1491766135718898,2,0.9414556162809234,15,15,15x15,0,5,1,0.017382720443937516
e9c9d9a1,e9c9d9a1#0,0,9855d4ae7212235ea824,3,116,0.11588411588411589,0,0.8623209853967031,0.8623209853967031,0.11634153273980287,3,0.9638580968924637,15,15,15x15,0,5,1,0.017382720443937516
e9c9d9a1,e9c9d9a1#0,0,7eb412283c83fef3e47b,4,87,0.08691308691308691,0,0.857580245203442,0.857580245203442,0.08684346979620931,4,0.9626440727847746,15,15,15x15,0,5,1,0.017382720443937516
e9c9d9a1,e9c9d9a1#0,0,9d595f25e8de474001a5,5,60,0.059940059940059943,0,0.8343703713681963,0.8343703713681963,0.058517969039533636,5,0.936895273377498,15,15,15x15,0,5,1,0.017382720443937516
ecaa0ec1,ecaa0ec1#0,0,0954547a1c40d0b3e512,1,515,0.5144855144855145,0,0.9811097979545593,0.9811097979545593,0.5139563687192615,1,0.8505528553596978,11,11,11x11,0,5,1,-0.0023612763200487885
ecaa0ec1,ecaa0ec1#0,0,fe682d554c029d045e08,2,218,0.2177822177822178,0,0.9846517145633698,0.9846517145633698,0.21833016923880602,2,0.4439673940864725,11,11,11x11,0,5,1,-0.0023612763200487885
ecaa0ec1,ecaa0ec1#0,0,5ad10c5ac6a9b5a0c0b7,3,114,0.11388611388611389,0,0.9840613986764636,0.9840613986764636,0.11410527926402943,3,0.3240480038680528,11,11,11x11,0,5,1,-0.0023612763200487885
ecaa0ec1,ecaa0ec1#0,0,f583ad95593ad65a3300,4,40,0.03996003996003996,1,0.982290438243321,0.982290438243321,0.039966099002772176,4,0.41706737261265514,11,11,11x11,0,5,1,-0.0023612763200487885
ecaa0ec1,ecaa0ec1#0,0,b709e020666cfb156f65,5,35,0.03496503496503497,0,0.9817001223564148,0.9817001223564148,0.03494969917405163,5,0.2910054174917085,11,11,11x11,0,5,1,-0.0023612763200487885
ef26cbf6,ef26cbf6#0,0,74ba3918fad922674b93,1,928,0.9270729270729271,1,0.9512986938158671,0.9512986938158671,0.9289143677206314,1,0.9659744210155874,11,7,11x7,0,5,1,0.00595237935582793
ef26cbf6,ef26cbf6#0,0,f2ef4404242cf0883644,2,12,0.011988011988011988,0,0.9453463144600391,0.9453463144600391,0.011940537161784233,2,0.7261535103122393,11,7,11x7,0,5,1,0.00595237935582793
ef26cbf6,ef26cbf6#0,0,459b49cc6d056d2ca843,3,4,0.003996003996003996,0,0.919642853240172,0.919642853240172,0.0038791782714190115,3,0.5826486870646477,11,7,11x7,0,5,1,0.00595237935582793
ef26cbf6,ef26cbf6#0,0,12cfaf35e74a441c84b9,4,4,0.003996003996003996,0,0.897456714262565,0.897456714262565,0.00379406197548951,4,0.5818111374974251,11,7,11x7,0,5,1,0.00595237935582793
ef26cbf6,ef26cbf6#0,0,4e0d1166dd9b61213dda,5,3,0.002997002997002997,0,0.9158549743394057,0.9158549743394057,0.0028983841560480846,5,0.9947853684425354,11,7,11x7,0,5,1,0.00595237935582793
f0df5ff0,f0df5ff0#0,0,a3f647e1e1173e6c0be2,1,746,0.7452547452547452,1,0.4809708760201352,0.4809708760201352,0.7865037322251761,1,0.9764138997080498,15,15,15x15,0,5,1,0.0011650509047276825
f0df5ff0,f0df5ff0#0,0,df3f619804a92fdb4057,2,9,0.008991008991008992,0,0.0,0.0,0.005865721948825386,3,0.9408397807015313,0,0,0x0,1,5,1,0.0011650509047276825
f0df5ff0,f0df5ff0#0,0,5a358451fa482f1e7fc0,3,6,0.005994005994005994,0,0.47980582511540754,0.47980582511540754,0.006318401733869139,2,0.844597061475118,15,15,15x15,0,5,1,0.0011650509047276825
f0df5ff0,f0df5ff0#0,0,a8e5e8736cc786e904a8,4,5,0.004995004995004995,0,0.0009708738008749138,0.0009708738008749138,0.003261899772214686,4,0.9721344709396362,1,15,1x15,0,5,1,0.0011650509047276825
f0df5ff0,f0df5ff0#0,0,61906ce85bea86b4b5b7,5,3,0.002997002997002997,0,0.0,0.0,0.001955240649608462,18,0.9759592413902283,14,6,14x6,0,5,1,0.0011650509047276825
f3b10344,f3b10344#0,0,d81218aadd9a94f22d62,1,160,0.15984015984015984,0,0.9753043966473274,0.9753043966473274,0.1613831554232981,1,0.66315163068939,30,29,30x29,0,5,1,-0.001480931862987922
f3b10344,f3b10344#0,0,9a437d895939c27bbcf5,2,66,0.06593406593406594,1,0.9738234647843395,0.9738234647843395,0.06647203812497718,2,0.6358695465394042,30,29,30x29,0,5,1,-0.001480931862987922
f3b10344,f3b10344#0,0,f98ecf7d24ff4a989aea,3,48,0.04795204795204795,0,0.9698206152556077,0.9698206152556077,0.048150176278461514,3,0.5990806246797243,30,29,30x29,0,5,1,-0.001480931862987922
f3b10344,f3b10344#0,0,dc6a9eef8b1637939c75,4,27,0.026973026973026972,0,0.9748334712737975,0.9748334712737975,0.02722058559440469,4,0.5247181549116418,30,29,30x29,0,5,1,-0.001480931862987922
f3b10344,f3b10344#0,0,43819f0a811ca7f3fab9,5,24,0.023976023976023976,0,0.9721070703149163,0.9721070703149163,0.024130197725096843,5,0.4285915895209958,30,29,30x29,0,5,1,-0.001480931862987922
f5aa3634,f5aa3634#0,0,33785f7f6d558ca7d2fa,1,486,0.4855144855144855,0,0.14121864039090373,0.14121864039090373,0.4732531136014051,1,0.8297753180741283,3,3,3x3,0,5,0,
f5aa3634,f5aa3634#0,0,ecb1f3cdb7075f216252,2,150,0.14985014985014986,0,0.1390681025962676,0.1390681025962676,0.1457519933529758,2,0.8366560962299506,3,3,3x3,0,5,0,
f5aa3634,f5aa3634#0,0,ce4ca6d9a75fcc0d1f75,3,25,0.024975024975024976,0,0.28709677453002624,0.28709677453002624,0.028167693604564885,3,0.6609562367200852,3,4,3x4,0,5,0,
f5aa3634,f5aa3634#0,0,6784d65e07f66021648c,4,23,0.022977022977022976,0,0.14265233225399448,0.14265233225399448,0.022428885360252587,5,0.5433789375035659,3,3,3x3,0,5,0,
f5aa3634,f5aa3634#0,0,92c3cf48073e1b456835,5,21,0.02097902097902098,0,0.2876344105409038,0.2876344105409038,0.023673586979860085,4,0.5496521698577064,3,4,3x4,0,5,0,
f823c43c,f823c43c#0,0,2184f7e504f6cd8c0fcf,1,991,0.99000999000999,1,0.517578125,0.517578125,0.9903814444255774,1,0.9987782153003031,16,16,16x16,0,5,1,0.0
f823c43c,f823c43c#0,0,6c197093f9eb76382b26,2,9,0.008991008991008992,0,0.517578125,0.517578125,0.008994382441806616,2,0.8618732856379615,16,16,16x16,0,5,1,0.0
f823c43c,f823c43c#0,0,bc6b74fa8a33dafd9996,3,1,0.000999000999000999,0,0.046875,0.046875,0.0006241731325981554,3,0.02038620039820671,16,16,16x16,0,5,1,0.0
fc754716,fc754716#0,0,fffec0f4651ba070576c,1,961,0.9600399600399601,1,0.920634925365448,0.920634925365448,0.9600399600399488,1,0.9784475040237316,9,7,9x7,0,5,1,0.0
fc754716,fc754716#0,0,3633f7f14a9dae5e9e96,2,40,0.03996003996003996,0,0.920634925365448,0.920634925365448,0.03996003996003999,2,0.8889507204294205,9,7,9x7,0,5,1,0.0
