dataset,statistic,confidence_orientation,confidence_rank,retained_puzzles,total_puzzles,coverage,b1_correct_count,accuracy,risk,threshold_value,mean_statistic_retained
arc1_normal_test,structural_defect,lower_is_more_confident,1,1,200,0.005,1.0,1.0,0.0,0.0,0.0
arc1_normal_test,structural_defect,lower_is_more_confident,2,2,200,0.01,2.0,1.0,0.0,0.0,0.0
arc1_normal_test,structural_defect,lower_is_more_confident,3,3,200,0.015,3.0,1.0,0.0,0.0,0.0
arc1_normal_test,structural_defect,lower_is_more_confident,4,4,200,0.02,4.0,1.0,0.0,0.0,0.0
arc1_normal_test,structural_defect,lower_is_more_confident,5,5,200,0.025,5.0,1.0,0.0,0.0,0.0
arc1_normal_test,structural_defect,lower_is_more_confident,6,6,200,0.03,6.0,1.0,0.0,8.871089624995498e-06,1.4785149374992497e-06
arc1_normal_test,structural_defect,lower_is_more_confident,7,7,200,0.035,7.0,1.0,0.0,1.3578305236960908e-05,3.2070564088509153e-06
arc1_normal_test,structural_defect,lower_is_more_confident,8,8,200,0.04,8.0,1.0,0.0,2.016169711638316e-05,5.326386497292446e-06
arc1_normal_test,structural_defect,lower_is_more_confident,9,9,200,0.045,9.0,1.0,0.0,9.48003331531222e-05,1.5267936125717974e-05
arc1_normal_test,structural_defect,lower_is_more_confident,10,10,200,0.05,10.0,1.0,0.0,0.00023480856540947226,3.72219990540934e-05
arc1_normal_test,structural_defect,lower_is_more_confident,11,11,200,0.055,11.0,1.0,0.0,0.00026600104934698665,5.802009453526552e-05
arc1_normal_test,structural_defect,lower_is_more_confident,12,12,200,0.06,12.0,1.0,0.0,0.00026894693709056394,7.559733141487372e-05
arc1_normal_test,structural_defect,lower_is_more_confident,13,13,200,0.065,13.0,1.0,0.0,0.00028037514539569486,9.134947095185996e-05
arc1_normal_test,structural_defect,lower_is_more_confident,14,14,200,0.07,14.0,1.0,0.0,0.00031840304665009533,0.00010756758350173392
arc1_normal_test,structural_defect,lower_is_more_confident,15,15,200,0.075,15.0,1.0,0.0,0.0004050020908162866,0.00012739655065603742
arc1_normal_test,structural_defect,lower_is_more_confident,16,16,200,0.08,16.0,1.0,0.0,0.0006400523261695934,0.00015943753662563467
arc1_normal_test,structural_defect,lower_is_more_confident,17,17,200,0.085,17.0,1.0,0.0,0.0008722546185083724,0.0002013679532069722
arc1_normal_test,structural_defect,lower_is_more_confident,18,18,200,0.09,18.0,1.0,0.0,0.0014516457507134373,0.00027082783084622023
arc1_normal_test,structural_defect,lower_is_more_confident,19,19,200,0.095,19.0,1.0,0.0,0.001538213838601421,0.0003375323575701782
arc1_normal_test,structural_defect,lower_is_more_confident,20,20,200,0.1,20.0,1.0,0.0,0.0017800918071714245,0.0004096603300502405
arc1_normal_test,structural_defect,lower_is_more_confident,21,21,200,0.105,21.0,1.0,0.0,0.001868012107772321,0.000479105652798911
arc1_normal_test,structural_defect,lower_is_more_confident,22,22,200,0.11,22.0,1.0,0.0,0.002491414796865654,0.0005705742502564902
arc1_normal_test,structural_defect,lower_is_more_confident,23,23,200,0.115,23.0,1.0,0.0,0.0028419789454481315,0.0006693309761343877
arc1_normal_test,structural_defect,lower_is_more_confident,24,24,200,0.12,24.0,1.0,0.0,0.0033969594382048385,0.0007829821620539898
arc1_normal_test,structural_defect,lower_is_more_confident,25,25,200,0.125,25.0,1.0,0.0,0.003614339507711506,0.0008962364558802905
arc1_normal_test,structural_defect,lower_is_more_confident,26,26,200,0.13,26.0,1.0,0.0,0.00399001597802795,0.0010152279759628928
arc1_normal_test,structural_defect,lower_is_more_confident,27,27,200,0.135,27.0,1.0,0.0,0.003990591205096039,0.0011254266140789352
arc1_normal_test,structural_defect,lower_is_more_confident,28,28,200,0.14,28.0,1.0,0.0,0.004213148094288632,0.0012357023812292814
arc1_normal_test,structural_defect,lower_is_more_confident,29,29,200,0.145,29.0,1.0,0.0,0.006336709551388542,0.0014115991802002904
arc1_normal_test,structural_defect,lower_is_more_confident,30,30,200,0.15,29.0,0.9666666666666667,0.033333333333333326,0.00644883382228334,0.0015795070016030588
arc1_normal_test,structural_defect,lower_is_more_confident,31,31,200,0.155,30.0,0.967741935483871,0.032258064516129004,0.006731334906670217,0.001745694998540709
arc1_normal_test,structural_defect,lower_is_more_confident,32,32,200,0.16,31.0,0.96875,0.03125,0.006968170756440295,0.001908897365975071
arc1_normal_test,structural_defect,lower_is_more_confident,33,33,200,0.165,32.0,0.9696969696969697,0.030303030303030276,0.007358760814376475,0.002074044743199356
arc1_normal_test,structural_defect,lower_is_more_confident,34,34,200,0.17,33.0,0.9705882352941176,0.02941176470588236,0.0073683756609324025,0.0022297603584267986
arc1_normal_test,structural_defect,lower_is_more_confident,35,35,200,0.175,34.0,0.9714285714285714,0.02857142857142858,0.008005835598817623,0.0023947910795808222
arc1_normal_test,structural_defect,lower_is_more_confident,36,36,200,0.18,35.0,0.9722222222222222,0.02777777777777779,0.008254530142208005,0.002557561609098244
arc1_normal_test,structural_defect,lower_is_more_confident,37,37,200,0.185,36.0,0.972972972972973,0.027027027027026973,0.009309620290012477,0.0027400496815553855
arc1_normal_test,structural_defect,lower_is_more_confident,38,38,200,0.19,36.0,0.9473684210526315,0.052631578947368474,0.010896320495900391,0.0029546883871960435
arc1_normal_test,structural_defect,lower_is_more_confident,39,39,200,0.195,36.0,0.9230769230769231,0.07692307692307687,0.011627049206169526,0.0031770566133235687
arc1_normal_test,structural_defect,lower_is_more_confident,40,40,200,0.2,37.0,0.925,0.07499999999999996,0.012925542742036389,0.003420768766541389
arc1_normal_test,structural_defect,lower_is_more_confident,41,41,200,0.205,38.0,0.926829268292683,0.07317073170731703,0.012943005567800925,0.00365301844462089
arc1_normal_test,structural_defect,lower_is_more_confident,42,42,200,0.21,39.0,0.9285714285714286,0.0714285714285714,0.01376229663340689,0.00389371554435389
arc1_normal_test,structural_defect,lower_is_more_confident,43,43,200,0.215,40.0,0.9302325581395349,0.06976744186046513,0.014270470782741462,0.004135035433618717
arc1_normal_test,structural_defect,lower_is_more_confident,44,44,200,0.22,40.0,0.9090909090909091,0.09090909090909094,0.01611413193089073,0.004407287626738535
arc1_normal_test,structural_defect,lower_is_more_confident,45,45,200,0.225,40.0,0.8888888888888888,0.11111111111111116,0.017382205735838818,0.004695619140274098
arc1_normal_test,structural_defect,lower_is_more_confident,46,46,200,0.23,41.0,0.8913043478260869,0.10869565217391308,0.017443349350424353,0.004972743710059973
arc1_normal_test,structural_defect,lower_is_more_confident,47,47,200,0.235,42.0,0.8936170212765957,0.1063829787234043,0.01853467019154109,0.005261295337325529
arc1_normal_test,structural_defect,lower_is_more_confident,48,48,200,0.24,42.0,0.875,0.125,0.01894602136522161,0.00554639379624003
arc1_normal_test,structural_defect,lower_is_more_confident,49,49,200,0.245,43.0,0.8775510204081632,0.12244897959183676,0.019146914339474908,0.005823955439979518
arc1_normal_test,structural_defect,lower_is_more_confident,50,50,200,0.25,44.0,0.88,0.12,0.019280723877600936,0.006093090808731946
arc1_normal_test,structural_defect,lower_is_more_confident,51,51,200,0.255,45.0,0.8823529411764706,0.11764705882352944,0.01988620784984585,0.0063635440840479045
arc1_normal_test,structural_defect,lower_is_more_confident,52,52,200,0.26,46.0,0.8846153846153846,0.11538461538461542,0.020749296328655853,0.006640193165674981
arc1_normal_test,structural_defect,lower_is_more_confident,53,53,200,0.265,47.0,0.8867924528301887,0.1132075471698113,0.020763818786109,0.00690667666794732
arc1_normal_test,structural_defect,lower_is_more_confident,54,54,200,0.27,48.0,0.8888888888888888,0.11111111111111116,0.021494319348585145,0.0071768181990702435
arc1_normal_test,structural_defect,lower_is_more_confident,55,55,200,0.275,48.0,0.8727272727272727,0.12727272727272732,0.024277792108882035,0.007487744997430458
arc1_normal_test,structural_defect,lower_is_more_confident,56,56,200,0.28,49.0,0.875,0.125,0.024717613012331552,0.007795421211982263
arc1_normal_test,structural_defect,lower_is_more_confident,57,57,200,0.285,50.0,0.8771929824561403,0.1228070175438597,0.02604380285594121,0.008115568258367508
arc1_normal_test,structural_defect,lower_is_more_confident,58,58,200,0.29,51.0,0.8793103448275862,0.12068965517241381,0.026595000854980788,0.008434179165205667
arc1_normal_test,structural_defect,lower_is_more_confident,59,59,200,0.295,51.0,0.864406779661017,0.13559322033898302,0.027022333253552966,0.0087492326243302
arc1_normal_test,structural_defect,lower_is_more_confident,60,60,200,0.3,52.0,0.8666666666666667,0.1333333333333333,0.02776080501858691,0.009066092164234478
arc1_normal_test,structural_defect,lower_is_more_confident,61,61,200,0.305,53.0,0.8688524590163934,0.1311475409836066,0.028086596153127474,0.009377903705036002
arc1_normal_test,structural_defect,lower_is_more_confident,62,62,200,0.31,54.0,0.8709677419354839,0.12903225806451613,0.028933898461723895,0.009693322975305162
arc1_normal_test,structural_defect,lower_is_more_confident,63,63,200,0.315,55.0,0.873015873015873,0.12698412698412698,0.030449486273633752,0.01002278588480244
arc1_normal_test,structural_defect,lower_is_more_confident,64,64,200,0.32,55.0,0.859375,0.140625,0.030951958755789044,0.010349804210911607
arc1_normal_test,structural_defect,lower_is_more_confident,65,65,200,0.325,55.0,0.8461538461538461,0.15384615384615385,0.03136620764308584,0.010673133494483518
arc1_normal_test,structural_defect,lower_is_more_confident,66,66,200,0.33,55.0,0.8333333333333334,0.16666666666666663,0.03156517803099046,0.010989679623824532
arc1_normal_test,structural_defect,lower_is_more_confident,67,67,200,0.335,55.0,0.8208955223880597,0.17910447761194026,0.03261431145886051,0.011312435322854919
arc1_normal_test,structural_defect,lower_is_more_confident,68,68,200,0.34,55.0,0.8088235294117647,0.19117647058823528,0.03269010608490286,0.011626812834061508
arc1_normal_test,structural_defect,lower_is_more_confident,69,69,200,0.345,55.0,0.7971014492753623,0.2028985507246377,0.03288327596681184,0.011934877517144846
arc1_normal_test,structural_defect,lower_is_more_confident,70,70,200,0.35,56.0,0.8,0.19999999999999996,0.03348233483673069,0.012242698335996071
arc1_normal_test,structural_defect,lower_is_more_confident,71,71,200,0.355,56.0,0.7887323943661971,0.21126760563380287,0.03551805784113815,0.012570520300857228
arc1_normal_test,structural_defect,lower_is_more_confident,72,72,200,0.36,56.0,0.7777777777777778,0.2222222222222222,0.03560873192338254,0.01289049546228119
arc1_normal_test,structural_defect,lower_is_more_confident,73,73,200,0.365,57.0,0.7808219178082192,0.2191780821917808,0.03571784802515521,0.013203198922046588
arc1_normal_test,structural_defect,lower_is_more_confident,74,74,200,0.37,57.0,0.7702702702702703,0.22972972972972971,0.036978638123990104,0.01352448864099177
arc1_normal_test,structural_defect,lower_is_more_confident,75,75,200,0.375,57.0,0.76,0.24,0.0371235828981209,0.013839143231086825
arc1_normal_test,structural_defect,lower_is_more_confident,76,76,200,0.38,57.0,0.75,0.25,0.03787479447892517,0.014155401800137331
arc1_normal_test,structural_defect,lower_is_more_confident,77,77,200,0.385,57.0,0.7402597402597403,0.2597402597402597,0.03805503128582133,0.014465786598652709
arc1_normal_test,structural_defect,lower_is_more_confident,78,78,200,0.39,57.0,0.7307692307692307,0.2692307692307693,0.0404175441686343,0.014798501439293498
arc1_normal_test,structural_defect,lower_is_more_confident,79,79,200,0.395,58.0,0.7341772151898734,0.26582278481012656,0.04049816645081139,0.015123813654629167
arc1_normal_test,structural_defect,lower_is_more_confident,80,80,200,0.4,59.0,0.7375,0.26249999999999996,0.04131829573032786,0.0154512446805754
arc1_normal_test,structural_defect,lower_is_more_confident,81,81,200,0.405,59.0,0.7283950617283951,0.2716049382716049,0.041790609680125934,0.015776422026248862
arc1_normal_test,structural_defect,lower_is_more_confident,82,82,200,0.41,59.0,0.7195121951219512,0.2804878048780488,0.04321024805154716,0.016110980880215914
arc1_normal_test,structural_defect,lower_is_more_confident,83,83,200,0.415,59.0,0.7108433734939759,0.28915662650602414,0.043722931476005256,0.016443654983779643
arc1_normal_test,structural_defect,lower_is_more_confident,84,84,200,0.42,59.0,0.7023809523809523,0.29761904761904767,0.04375795597190868,0.016768825233638325
arc1_normal_test,structural_defect,lower_is_more_confident,85,85,200,0.425,60.0,0.7058823529411765,0.2941176470588235,0.044205466621372924,0.017091609249964612
arc1_normal_test,structural_defect,lower_is_more_confident,86,86,200,0.43,60.0,0.6976744186046512,0.3023255813953488,0.046781105981691606,0.017436835956147485
arc1_normal_test,structural_defect,lower_is_more_confident,87,87,200,0.435,61.0,0.7011494252873564,0.29885057471264365,0.04966743371293547,0.017807302597030106
arc1_normal_test,structural_defect,lower_is_more_confident,88,88,200,0.44,61.0,0.6931818181818182,0.30681818181818177,0.05582232717903546,0.01823929151273471
arc1_normal_test,structural_defect,lower_is_more_confident,89,89,200,0.445,61.0,0.6853932584269663,0.3146067415730337,0.05938764463145918,0.018701632559012516
arc1_normal_test,structural_defect,lower_is_more_confident,90,90,200,0.45,61.0,0.6777777777777778,0.3222222222222222,0.059578428976301945,0.019155819185871285
arc1_normal_test,structural_defect,lower_is_more_confident,91,91,200,0.455,61.0,0.6703296703296703,0.3296703296703297,0.059601318075855114,0.01960027521762935
arc1_normal_test,structural_defect,lower_is_more_confident,92,92,200,0.46,61.0,0.6630434782608695,0.3369565217391305,0.06064457500247811,0.02004640891094292
arc1_normal_test,structural_defect,lower_is_more_confident,93,93,200,0.465,61.0,0.6559139784946236,0.34408602150537637,0.06120137140121362,0.02048893538933293
arc1_normal_test,structural_defect,lower_is_more_confident,94,94,200,0.47,61.0,0.648936170212766,0.35106382978723405,0.06221205958937215,0.0209327984127376
arc1_normal_test,structural_defect,lower_is_more_confident,95,95,200,0.475,62.0,0.6526315789473685,0.34736842105263155,0.0634224518035359,0.021380057922114424
arc1_normal_test,structural_defect,lower_is_more_confident,96,96,200,0.48,62.0,0.6458333333333334,0.35416666666666663,0.06495338759813635,0.02183394677290632
arc1_normal_test,structural_defect,lower_is_more_confident,97,97,200,0.485,63.0,0.6494845360824743,0.35051546391752575,0.06517746904227806,0.02228078720867304
arc1_normal_test,structural_defect,lower_is_more_confident,98,98,200,0.49,63.0,0.6428571428571429,0.3571428571428571,0.065991696514475,0.022726816895466937
arc1_normal_test,structural_defect,lower_is_more_confident,99,99,200,0.495,63.0,0.6363636363636364,0.36363636363636365,0.06672901528745934,0.0231712835458911
arc1_normal_test,structural_defect,lower_is_more_confident,100,100,200,0.5,63.0,0.63,0.37,0.06800825922329423,0.023619653302665133
arc1_normal_test,structural_defect,lower_is_more_confident,101,101,200,0.505,63.0,0.6237623762376238,0.37623762376237624,0.06869148987293938,0.024065909110291613
arc1_normal_test,structural_defect,lower_is_more_confident,102,102,200,0.51,63.0,0.6176470588235294,0.38235294117647056,0.06921430685947416,0.02450854046077379
arc1_normal_test,structural_defect,lower_is_more_confident,103,103,200,0.515,64.0,0.6213592233009708,0.3786407766990292,0.07705891436399936,0.025018738265659476
arc1_normal_test,structural_defect,lower_is_more_confident,104,104,200,0.52,64.0,0.6153846153846154,0.3846153846153846,0.07832999960466525,0.025531346547765302
arc1_normal_test,structural_defect,lower_is_more_confident,105,105,200,0.525,64.0,0.6095238095238096,0.3904761904761904,0.07835742872365958,0.026034452092297627
arc1_normal_test,structural_defect,lower_is_more_confident,106,106,200,0.53,64.0,0.6037735849056604,0.39622641509433965,0.08212661460569459,0.026563623436763637
arc1_normal_test,structural_defect,lower_is_more_confident,107,107,200,0.535,64.0,0.5981308411214953,0.4018691588785047,0.08312940932731261,0.027092275641348206
arc1_normal_test,structural_defect,lower_is_more_confident,108,108,200,0.54,64.0,0.5925925925925926,0.40740740740740744,0.08316620457104706,0.027611478686993565
arc1_normal_test,structural_defect,lower_is_more_confident,109,109,200,0.545,65.0,0.5963302752293578,0.4036697247706422,0.0849768202108716,0.028137766223909875
arc1_normal_test,structural_defect,lower_is_more_confident,110,110,200,0.55,66.0,0.6,0.4,0.08528417891192042,0.028657279066528155
arc1_normal_test,structural_defect,lower_is_more_confident,111,111,200,0.555,67.0,0.6036036036036037,0.39639639639639634,0.08597278382512741,0.029173634965254273
arc1_normal_test,structural_defect,lower_is_more_confident,112,112,200,0.56,67.0,0.5982142857142857,0.4017857142857143,0.08697827820676995,0.029689747851339234
arc1_normal_test,structural_defect,lower_is_more_confident,113,113,200,0.565,67.0,0.5929203539823009,0.4070796460176991,0.09194593069705548,0.03024068752254026
arc1_normal_test,structural_defect,lower_is_more_confident,114,114,200,0.57,67.0,0.5877192982456141,0.4122807017543859,0.09289400887995825,0.03079027806076323
arc1_normal_test,structural_defect,lower_is_more_confident,115,115,200,0.575,67.0,0.5826086956521739,0.4173913043478261,0.09296956705746606,0.03133096753029977
arc1_normal_test,structural_defect,lower_is_more_confident,116,116,200,0.58,67.0,0.5775862068965517,0.4224137931034483,0.09474601313701836,0.0318776489579439
arc1_normal_test,structural_defect,lower_is_more_confident,117,117,200,0.585,67.0,0.5726495726495726,0.4273504273504274,0.09492331399586018,0.032416500795874804
arc1_normal_test,structural_defect,lower_is_more_confident,118,118,200,0.59,67.0,0.5677966101694916,0.43220338983050843,0.09963460240991973,0.03298614572480739
arc1_normal_test,structural_defect,lower_is_more_confident,119,119,200,0.595,68.0,0.5714285714285714,0.4285714285714286,0.10279984765116157,0.033572815488894396
arc1_normal_test,structural_defect,lower_is_more_confident,120,120,200,0.6,69.0,0.575,0.42500000000000004,0.10443308717580724,0.034163317752952005
arc1_normal_test,structural_defect,lower_is_more_confident,121,121,200,0.605,69.0,0.5702479338842975,0.4297520661157025,0.10571946745870942,0.03475469089101612
arc1_normal_test,structural_defect,lower_is_more_confident,122,122,200,0.61,69.0,0.5655737704918032,0.43442622950819676,0.10690211415014883,0.035346063212812286
arc1_normal_test,structural_defect,lower_is_more_confident,123,123,200,0.615,69.0,0.5609756097560976,0.4390243902439024,0.10977425535957774,0.035951170466038025
arc1_normal_test,structural_defect,lower_is_more_confident,124,124,200,0.62,70.0,0.5645161290322581,0.4354838709677419,0.11112015598590863,0.036557371962166005
arc1_normal_test,structural_defect,lower_is_more_confident,125,125,200,0.625,70.0,0.56,0.43999999999999995,0.11139696234364116,0.03715608868521781
arc1_normal_test,structural_defect,lower_is_more_confident,126,126,200,0.63,71.0,0.5634920634920635,0.4365079365079365,0.11222003962329496,0.0377518343275835
arc1_normal_test,structural_defect,lower_is_more_confident,127,127,200,0.635,71.0,0.5590551181102362,0.4409448818897638,0.11408017486057898,0.038352844882961416
arc1_normal_test,structural_defect,lower_is_more_confident,128,128,200,0.64,71.0,0.5546875,0.4453125,0.1145684748520086,0.0389482794920946
arc1_normal_test,structural_defect,lower_is_more_confident,129,129,200,0.645,71.0,0.5503875968992248,0.4496124031007752,0.11590202879552525,0.03954482018436925
arc1_normal_test,structural_defect,lower_is_more_confident,130,130,200,0.65,71.0,0.5461538461538461,0.4538461538461539,0.11820285151968424,0.040149881963871675
arc1_normal_test,structural_defect,lower_is_more_confident,131,131,200,0.655,71.0,0.5419847328244275,0.4580152671755725,0.11885493560376714,0.04075068390005408
arc1_normal_test,structural_defect,lower_is_more_confident,132,132,200,0.66,71.0,0.5378787878787878,0.46212121212121215,0.1193554880957044,0.04134617484093022
arc1_normal_test,structural_defect,lower_is_more_confident,133,133,200,0.665,71.0,0.5338345864661654,0.46616541353383456,0.1229762493828197,0.041959934799891796
arc1_normal_test,structural_defect,lower_is_more_confident,134,134,200,0.67,71.0,0.5298507462686567,0.4701492537313433,0.12347366225360745,0.04256824619880012
arc1_normal_test,structural_defect,lower_is_more_confident,135,135,200,0.675,71.0,0.5259259259259259,0.4740740740740741,0.12452329578345944,0.04317532064016797
arc1_normal_test,structural_defect,lower_is_more_confident,136,136,200,0.68,71.0,0.5220588235294118,0.4779411764705882,0.12657433268987495,0.043788548669945235
arc1_normal_test,structural_defect,lower_is_more_confident,137,137,200,0.685,72.0,0.5255474452554745,0.4744525547445255,0.1332742117111413,0.044441728692143745
arc1_normal_test,structural_defect,lower_is_more_confident,138,138,200,0.69,72.0,0.5217391304347826,0.4782608695652174,0.13985444687891246,0.045133125200743515
arc1_normal_test,structural_defect,lower_is_more_confident,139,139,200,0.695,72.0,0.5179856115107914,0.48201438848920863,0.1406785552571369,0.04582050239539382
arc1_normal_test,structural_defect,lower_is_more_confident,140,140,200,0.7,72.0,0.5142857142857142,0.48571428571428577,0.141690671397948,0.04650528931684064
arc1_normal_test,structural_defect,lower_is_more_confident,141,141,200,0.705,72.0,0.5106382978723404,0.4893617021276596,0.14207300144461144,0.04718307450923618
arc1_normal_test,structural_defect,lower_is_more_confident,142,142,200,0.71,72.0,0.5070422535211268,0.49295774647887325,0.14467179475311576,0.04786961479264378
arc1_normal_test,structural_defect,lower_is_more_confident,143,143,200,0.715,72.0,0.5034965034965035,0.49650349650349646,0.14738056632480245,0.04856549557258895
arc1_normal_test,structural_defect,lower_is_more_confident,144,144,200,0.72,72.0,0.5,0.5,0.15261709542545876,0.049288076127122764
arc1_normal_test,structural_defect,lower_is_more_confident,145,145,200,0.725,72.0,0.496551724137931,0.503448275862069,0.15925407340260156,0.050046462315229516
arc1_normal_test,structural_defect,lower_is_more_confident,146,146,200,0.73,72.0,0.4931506849315068,0.5068493150684932,0.16149768889987715,0.05080982688087779
arc1_normal_test,structural_defect,lower_is_more_confident,147,147,200,0.735,73.0,0.4965986394557823,0.5034013605442177,0.1745099636755687,0.05165132441009338
arc1_normal_test,structural_defect,lower_is_more_confident,148,148,200,0.74,73.0,0.49324324324324326,0.5067567567567568,0.1830443900285088,0.05253911539400159
arc1_normal_test,structural_defect,lower_is_more_confident,149,149,200,0.745,73.0,0.4899328859060403,0.5100671140939597,0.188055113199588,0.05344861873497868
arc1_normal_test,structural_defect,lower_is_more_confident,150,150,200,0.75,73.5,0.49,0.51,0.20738582514331821,0.05447486677770094
arc1_normal_test,structural_defect,lower_is_more_confident,151,151,200,0.755,73.5,0.4867549668874172,0.5132450331125828,0.20817488079486746,0.055492747665231844
arc1_normal_test,structural_defect,lower_is_more_confident,152,152,200,0.76,73.5,0.48355263157894735,0.5164473684210527,0.2178633259709677,0.05656097515408537
arc1_normal_test,structural_defect,lower_is_more_confident,153,153,200,0.765,73.5,0.4803921568627451,0.5196078431372548,0.22601595102286687,0.05766852401597282
arc1_normal_test,structural_defect,lower_is_more_confident,154,154,200,0.77,74.5,0.4837662337662338,0.5162337662337662,0.22848894480326576,0.05877774752757862
arc1_normal_test,structural_defect,lower_is_more_confident,155,155,200,0.775,74.5,0.4806451612903226,0.5193548387096774,0.23019115678890145,0.0598836404905549
arc1_normal_test,structural_defect,lower_is_more_confident,156,156,200,0.78,75.5,0.483974358974359,0.516025641025641,0.2307978493568681,0.06097924439354408
arc1_normal_test,structural_defect,lower_is_more_confident,157,157,200,0.785,75.5,0.48089171974522293,0.5191082802547771,0.23435637295817247,0.062083557314337894
arc1_normal_test,structural_defect,lower_is_more_confident,158,158,200,0.79,75.5,0.4778481012658228,0.5221518987341772,0.23671308061953078,0.06318880746183912
arc1_normal_test,structural_defect,lower_is_more_confident,159,159,200,0.795,75.5,0.4748427672955975,0.5251572327044025,0.24262928463539934,0.06431736392205019
arc1_normal_test,structural_defect,lower_is_more_confident,160,160,200,0.8,75.5,0.471875,0.528125,0.24796862857715218,0.06546518432614457
arc1_normal_test,structural_defect,lower_is_more_confident,161,161,200,0.805,75.5,0.468944099378882,0.531055900621118,0.2594503837005268,0.06667006134089228
arc1_normal_test,structural_defect,lower_is_more_confident,162,162,200,0.81,75.5,0.4660493827160494,0.5339506172839505,0.2916132048263922,0.06805859926364229
arc1_normal_test,structural_defect,lower_is_more_confident,163,163,200,0.815,75.5,0.46319018404907975,0.5368098159509203,0.30233614919780016,0.06949588484606042
arc1_normal_test,structural_defect,lower_is_more_confident,164,164,200,0.82,75.5,0.4603658536585366,0.5396341463414633,0.30920596306497516,0.07095753166446844
arc1_normal_test,structural_defect,lower_is_more_confident,165,165,200,0.825,75.5,0.4575757575757576,0.5424242424242425,0.31303416463111566,0.07242466277335721
arc1_normal_test,structural_defect,lower_is_more_confident,166,166,200,0.83,75.5,0.45481927710843373,0.5451807228915663,0.32768779659176395,0.07396239249515485
arc1_normal_test,structural_defect,lower_is_more_confident,167,167,200,0.835,75.5,0.45209580838323354,0.5479041916167664,0.3312883944915349,0.07550326675860622
arc1_normal_test,structural_defect,lower_is_more_confident,168,168,200,0.84,76.5,0.45535714285714285,0.5446428571428572,0.3650834679805709,0.07722695843254648
arc1_normal_test,structural_defect,lower_is_more_confident,169,169,200,0.845,76.5,0.4526627218934911,0.5473372781065089,0.3730966802301995,0.07897766684555035
arc1_normal_test,structural_defect,lower_is_more_confident,170,170,200,0.85,77.5,0.45588235294117646,0.5441176470588236,0.39540878701717863,0.08083902637597169
arc1_normal_test,structural_defect,lower_is_more_confident,171,171,200,0.855,77.5,0.45321637426900585,0.5467836257309941,0.4266645775128758,0.08286139802004715
arc1_normal_test,structural_defect,lower_is_more_confident,172,172,200,0.86,78.5,0.4563953488372093,0.5436046511627908,0.44341122862548177,0.08495761796542758
arc1_normal_test,structural_defect,lower_is_more_confident,173,173,200,0.865,78.5,0.45375722543352603,0.546242774566474,0.4484465436673374,0.08705871002150799
arc1_normal_test,structural_defect,lower_is_more_confident,174,174,200,0.87,78.5,0.4511494252873563,0.5488505747126438,0.47548189287842857,0.08929102716436386
arc1_normal_test,structural_defect,lower_is_more_confident,175,175,200,0.875,78.5,0.44857142857142857,0.5514285714285714,0.519364446173558,0.0917485895587021
arc1_normal_test,structural_defect,lower_is_more_confident,176,176,200,0.88,78.5,0.4460227272727273,0.5539772727272727,0.5267893784565371,0.09422041222289436
arc1_normal_test,structural_defect,lower_is_more_confident,177,177,200,0.885,79.5,0.4491525423728814,0.5508474576271186,0.557586268584795,0.09683829841702939
arc1_normal_test,structural_defect,lower_is_more_confident,178,178,200,0.89,79.5,0.44662921348314605,0.553370786516854,0.5761264985530418,0.09953092875487216
arc1_normal_test,structural_defect,lower_is_more_confident,179,179,200,0.895,79.5,0.4441340782122905,0.5558659217877095,0.6176668708030866,0.10242554295625883
arc1_normal_test,structural_defect,lower_is_more_confident,180,180,200,0.9,79.5,0.44166666666666665,0.5583333333333333,0.6312664211875738,0.1053635478353217
arc1_normal_test,structural_defect,lower_is_more_confident,181,181,200,0.905,79.5,0.43922651933701656,0.5607734806629834,0.6631315453610619,0.10844513898187275
arc1_normal_test,structural_defect,lower_is_more_confident,182,182,200,0.91,79.5,0.4368131868131868,0.5631868131868132,0.6759548591382085,0.11156332425745702
arc1_normal_test,structural_defect,lower_is_more_confident,183,183,200,0.915,79.5,0.4344262295081967,0.5655737704918034,0.6897662776783655,0.11472290323789915
arc1_normal_test,structural_defect,lower_is_more_confident,184,184,200,0.92,79.5,0.4320652173913043,0.5679347826086957,0.7006357389527431,0.11790721212765373
arc1_normal_test,structural_defect,lower_is_more_confident,185,185,200,0.925,79.5,0.4297297297297297,0.5702702702702702,0.7134768477264168,0.12112650745521461
arc1_normal_test,structural_defect,lower_is_more_confident,186,186,200,0.93,79.5,0.4274193548387097,0.5725806451612903,0.7305871995779833,0.12440317784297142
arc1_normal_test,structural_defect,lower_is_more_confident,187,187,200,0.935,79.5,0.42513368983957217,0.5748663101604279,0.7361111111111112,0.12767434326151764
arc1_normal_test,structural_defect,lower_is_more_confident,188,188,200,0.94,79.5,0.4228723404255319,0.5771276595744681,0.7369660843366169,0.13091525677787455
arc1_normal_test,structural_defect,lower_is_more_confident,189,189,200,0.945,79.5,0.42063492063492064,0.5793650793650793,0.742565650496483,0.13415150224728517
arc1_normal_test,structural_defect,lower_is_more_confident,190,190,200,0.95,79.5,0.41842105263157897,0.581578947368421,0.7616248161479978,0.1374539933730784
arc1_normal_test,structural_defect,lower_is_more_confident,191,191,200,0.955,79.5,0.4162303664921466,0.5837696335078534,0.7801888761114815,0.1408190974711852
arc1_normal_test,structural_defect,lower_is_more_confident,192,192,200,0.96,79.5,0.4140625,0.5859375,0.8011826321728884,0.1442584908810899
arc1_normal_test,structural_defect,lower_is_more_confident,193,193,200,0.965,79.5,0.4119170984455959,0.5880829015544041,0.8014143698459383,0.14766344362184045
arc1_normal_test,structural_defect,lower_is_more_confident,194,194,200,0.97,80.5,0.41494845360824745,0.5850515463917525,0.8204198824225204,0.1511312603166893
arc1_normal_test,structural_defect,lower_is_more_confident,195,195,200,0.975,80.5,0.4128205128205128,0.5871794871794872,0.8315865233242824,0.154620774485959
arc1_normal_test,structural_defect,lower_is_more_confident,196,196,200,0.98,80.5,0.4107142857142857,0.5892857142857143,0.9022045089834807,0.1584349772129872
arc1_normal_test,structural_defect,lower_is_more_confident,197,197,200,0.985,80.5,0.4086294416243655,0.5913705583756346,0.9153088173890447,0.16227697640169814
arc1_normal_test,structural_defect,lower_is_more_confident,198,198,200,0.99,80.5,0.4065656565656566,0.5934343434343434,0.9182841300682424,0.16609519434950898
arc1_normal_test,structural_defect,lower_is_more_confident,199,199,200,0.995,80.5,0.4045226130653266,0.5954773869346734,0.9563323924303908,0.1700662355458953
arc1_normal_test,structural_defect,lower_is_more_confident,200,200,200,1.0,80.5,0.4025,0.5974999999999999,0.9611447028188597,0.1740216278822601
arc1_normal_test,vote_share,higher_is_more_confident,1,1,200,0.005,1.0,1.0,0.0,1.0,1.0
arc1_normal_test,vote_share,higher_is_more_confident,2,2,200,0.01,2.0,1.0,0.0,1.0,1.0
arc1_normal_test,vote_share,higher_is_more_confident,3,3,200,0.015,3.0,1.0,0.0,1.0,1.0
arc1_normal_test,vote_share,higher_is_more_confident,4,4,200,0.02,4.0,1.0,0.0,1.0,1.0
arc1_normal_test,vote_share,higher_is_more_confident,5,5,200,0.025,5.0,1.0,0.0,1.0,1.0
arc1_normal_test,vote_share,higher_is_more_confident,6,6,200,0.03,6.0,1.0,0.0,0.999000999000999,0.9998334998334998
arc1_normal_test,vote_share,higher_is_more_confident,7,7,200,0.035,7.0,1.0,0.0,0.999000999000999,0.9997145711431425
arc1_normal_test,vote_share,higher_is_more_confident,8,8,200,0.04,8.0,1.0,0.0,0.9980019980019981,0.9995004995004995
arc1_normal_test,vote_share,higher_is_more_confident,9,9,200,0.045,9.0,1.0,0.0,0.998001998001998,0.9993339993339992
arc1_normal_test,vote_share,higher_is_more_confident,10,10,200,0.05,10.0,1.0,0.0,0.998001998001998,0.9992007992007992
arc1_normal_test,vote_share,higher_is_more_confident,11,11,200,0.055,11.0,1.0,0.0,0.997002997002997,0.999000999000999
arc1_normal_test,vote_share,higher_is_more_confident,12,12,200,0.06,12.0,1.0,0.0,0.997002997002997,0.9988344988344989
arc1_normal_test,vote_share,higher_is_more_confident,13,13,200,0.065,13.0,1.0,0.0,0.996003996003996,0.9986167678475371
arc1_normal_test,vote_share,higher_is_more_confident,14,14,200,0.07,14.0,1.0,0.0,0.996003996003996,0.9984301412872841
arc1_normal_test,vote_share,higher_is_more_confident,15,15,200,0.075,15.0,1.0,0.0,0.994005994005994,0.9981351981351981
arc1_normal_test,vote_share,higher_is_more_confident,16,16,200,0.08,16.0,1.0,0.0,0.994005994005994,0.9978771228771228
arc1_normal_test,vote_share,higher_is_more_confident,17,17,200,0.085,17.0,1.0,0.0,0.993006993006993,0.9975906446494681
arc1_normal_test,vote_share,higher_is_more_confident,18,18,200,0.09,18.0,1.0,0.0,0.9920079920079921,0.9972804972804972
arc1_normal_test,vote_share,higher_is_more_confident,19,19,200,0.095,19.0,1.0,0.0,0.9913194444444444,0.9969667576575469
arc1_normal_test,vote_share,higher_is_more_confident,20,20,200,0.1,20.0,1.0,0.0,0.987012987012987,0.9964690691253191
arc1_normal_test,vote_share,higher_is_more_confident,21,21,200,0.105,21.0,1.0,0.0,0.987012987012987,0.9960187795009224
arc1_normal_test,vote_share,higher_is_more_confident,22,22,200,0.11,22.0,1.0,0.0,0.987012987012987,0.9956094252969254
arc1_normal_test,vote_share,higher_is_more_confident,23,23,200,0.115,23.0,1.0,0.0,0.987012987012987,0.9952356671106672
arc1_normal_test,vote_share,higher_is_more_confident,24,24,200,0.12,24.0,1.0,0.0,0.9690309690309691,0.9941438046906798
arc1_normal_test,vote_share,higher_is_more_confident,25,25,200,0.125,25.0,1.0,0.0,0.968031968031968,0.9930993312243314
arc1_normal_test,vote_share,higher_is_more_confident,26,26,200,0.13,26.0,1.0,0.0,0.968031968031968,0.992135201870779
arc1_normal_test,vote_share,higher_is_more_confident,27,27,200,0.135,27.0,1.0,0.0,0.9618055555555556,0.9910118816368819
arc1_normal_test,vote_share,higher_is_more_confident,28,28,200,0.14,28.0,1.0,0.0,0.9470529470529471,0.9894419196874555
arc1_normal_test,vote_share,higher_is_more_confident,29,29,200,0.145,28.0,0.9655172413793104,0.03448275862068961,0.9460539460539461,0.9879457826656105
arc1_normal_test,vote_share,higher_is_more_confident,30,30,200,0.15,29.0,0.9666666666666667,0.033333333333333326,0.938061938061938,0.9862829878454881
arc1_normal_test,vote_share,higher_is_more_confident,31,31,200,0.155,30.0,0.967741935483871,0.032258064516129004,0.938061938061938,0.9847274701105349
arc1_normal_test,vote_share,higher_is_more_confident,32,32,200,0.16,31.0,0.96875,0.03125,0.9305555555555556,0.9830345977806918
arc1_normal_test,vote_share,higher_is_more_confident,33,33,200,0.165,32.0,0.9696969696969697,0.030303030303030276,0.922077922077922,0.9811874257896989
arc1_normal_test,vote_share,higher_is_more_confident,34,34,200,0.17,33.0,0.9705882352941176,0.02941176470588236,0.922077922077922,0.9794489109746467
arc1_normal_test,vote_share,higher_is_more_confident,35,35,200,0.175,34.0,0.9714285714285714,0.02857142857142858,0.919080919080919,0.9777241112062545
arc1_normal_test,vote_share,higher_is_more_confident,36,36,200,0.18,35.0,0.9722222222222222,0.02777777777777779,0.9010989010989011,0.9755956331477168
arc1_normal_test,vote_share,higher_is_more_confident,37,37,200,0.185,36.0,0.972972972972973,0.027027027027026973,0.8681318681318682,0.9726912070662074
arc1_normal_test,vote_share,higher_is_more_confident,38,38,200,0.19,37.0,0.9736842105263158,0.02631578947368418,0.8141858141858141,0.9685200125167233
arc1_normal_test,vote_share,higher_is_more_confident,39,39,200,0.195,38.0,0.9743589743589743,0.02564102564102566,0.8121878121878122,0.9645114945595719
arc1_normal_test,vote_share,higher_is_more_confident,40,40,200,0.2,39.0,0.975,0.025000000000000022,0.7932067932067932,0.9602288770257523
arc1_normal_test,vote_share,higher_is_more_confident,41,41,200,0.205,40.0,0.975609756097561,0.024390243902439046,0.7852147852147852,0.955960240640119
arc1_normal_test,vote_share,higher_is_more_confident,42,42,200,0.21,41.0,0.9761904761904762,0.023809523809523836,0.7812187812187812,0.9517997297015157
arc1_normal_test,vote_share,higher_is_more_confident,43,43,200,0.215,42.0,0.9767441860465116,0.023255813953488413,0.7777777777777778,0.9477527075637544
arc1_normal_test,vote_share,higher_is_more_confident,44,44,200,0.22,43.0,0.9772727272727273,0.022727272727272707,0.7702297702297702,0.9437180953516183
arc1_normal_test,vote_share,higher_is_more_confident,45,45,200,0.225,44.0,0.9777777777777777,0.022222222222222254,0.7632367632367633,0.9397073990823993
arc1_normal_test,vote_share,higher_is_more_confident,46,46,200,0.23,45.0,0.9782608695652174,0.021739130434782594,0.75,0.9355833251893036
arc1_normal_test,vote_share,higher_is_more_confident,47,47,200,0.235,45.0,0.9574468085106383,0.04255319148936165,0.7442557442557443,0.9315125255949727
arc1_normal_test,vote_share,higher_is_more_confident,48,48,200,0.24,46.0,0.9583333333333334,0.04166666666666663,0.7430555555555556,0.9275863387191515
arc1_normal_test,vote_share,higher_is_more_confident,49,49,200,0.245,46.0,0.9387755102040817,0.061224489795918324,0.7322677322677322,0.9236002447099388
arc1_normal_test,vote_share,higher_is_more_confident,50,50,200,0.25,47.0,0.94,0.06000000000000005,0.7292707292707292,0.9197136544011546
arc1_normal_test,vote_share,higher_is_more_confident,51,51,200,0.255,48.0,0.9411764705882353,0.05882352941176472,0.7282717282717283,0.9159598911437149
arc1_normal_test,vote_share,higher_is_more_confident,52,52,200,0.26,49.0,0.9423076923076923,0.05769230769230771,0.7262737262737263,0.9123120802808304
arc1_normal_test,vote_share,higher_is_more_confident,53,53,200,0.265,50.0,0.9433962264150944,0.05660377358490565,0.7222222222222222,0.908725479185385
arc1_normal_test,vote_share,higher_is_more_confident,54,54,200,0.27,51.0,0.9444444444444444,0.05555555555555558,0.7170138888888888,0.9051752645502646
arc1_normal_test,vote_share,higher_is_more_confident,55,55,200,0.275,52.0,0.9454545454545454,0.054545454545454564,0.6923076923076923,0.9013049450549452
arc1_normal_test,vote_share,higher_is_more_confident,56,56,200,0.28,53.0,0.9464285714285714,0.0535714285714286,0.6663336663336663,0.8971090293634937
arc1_normal_test,vote_share,higher_is_more_confident,57,57,200,0.285,54.0,0.9473684210526315,0.052631578947368474,0.6643356643356644,0.8930252861173915
arc1_normal_test,vote_share,higher_is_more_confident,58,58,200,0.29,55.0,0.9482758620689655,0.051724137931034475,0.6453546453546454,0.8887551026559648
arc1_normal_test,vote_share,higher_is_more_confident,59,59,200,0.295,56.0,0.9491525423728814,0.05084745762711862,0.6443556443556444,0.8846127389559594
arc1_normal_test,vote_share,higher_is_more_confident,60,60,200,0.3,57.0,0.95,0.050000000000000044,0.6403596403596403,0.880541853979354
arc1_normal_test,vote_share,higher_is_more_confident,61,61,200,0.305,57.0,0.9344262295081968,0.06557377049180324,0.6343656343656343,0.8765061782479816
arc1_normal_test,vote_share,higher_is_more_confident,62,62,200,0.31,58.0,0.9354838709677419,0.06451612903225812,0.6183816183816184,0.8723428788952984
arc1_normal_test,vote_share,higher_is_more_confident,63,63,200,0.315,58.0,0.9206349206349206,0.07936507936507942,0.5954045954045954,0.8679470331256046
arc1_normal_test,vote_share,higher_is_more_confident,64,64,200,0.32,59.0,0.921875,0.078125,0.59375,0.8636627044830171
arc1_normal_test,vote_share,higher_is_more_confident,65,65,200,0.325,59.0,0.9076923076923077,0.09230769230769231,0.5764235764235764,0.8592436409744103
arc1_normal_test,vote_share,higher_is_more_confident,66,66,200,0.33,60.0,0.9090909090909091,0.09090909090909094,0.5572916666666666,0.8546686110606566
arc1_normal_test,vote_share,higher_is_more_confident,67,67,200,0.335,61.0,0.9104477611940298,0.08955223880597019,0.535964035964036,0.849911826357722
arc1_normal_test,vote_share,higher_is_more_confident,68,68,200,0.34,62.0,0.9117647058823529,0.08823529411764708,0.5334665334665335,0.8452582191093221
arc1_normal_test,vote_share,higher_is_more_confident,69,69,200,0.345,63.0,0.9130434782608695,0.08695652173913049,0.5284715284715285,0.8406671076508033
arc1_normal_test,vote_share,higher_is_more_confident,70,70,200,0.35,64.0,0.9142857142857143,0.08571428571428574,0.5264735264735265,0.8361786279196993
arc1_normal_test,vote_share,higher_is_more_confident,71,71,200,0.355,65.0,0.9154929577464789,0.08450704225352113,0.5194805194805194,0.8317180911811193
arc1_normal_test,vote_share,higher_is_more_confident,72,72,200,0.36,65.0,0.9027777777777778,0.09722222222222221,0.5134865134865134,0.827298208157583
arc1_normal_test,vote_share,higher_is_more_confident,73,73,200,0.365,66.0,0.9041095890410958,0.09589041095890416,0.5084915084915085,0.8229309930936642
arc1_normal_test,vote_share,higher_is_more_confident,74,74,200,0.37,67.0,0.9054054054054054,0.09459459459459463,0.5004995004995005,0.8185738107613107
arc1_normal_test,vote_share,higher_is_more_confident,75,75,200,0.375,67.0,0.8933333333333333,0.10666666666666669,0.4985014985014985,0.8143061799311798
arc1_normal_test,vote_share,higher_is_more_confident,76,76,200,0.38,68.0,0.8947368421052632,0.10526315789473684,0.4985014985014985,0.8101508551755261
arc1_normal_test,vote_share,higher_is_more_confident,77,77,200,0.385,68.0,0.8831168831168831,0.11688311688311692,0.4975024975024975,0.8060904868940582
arc1_normal_test,vote_share,higher_is_more_confident,78,78,200,0.39,68.0,0.8717948717948718,0.1282051282051282,0.4835164835164836,0.8019549227481918
arc1_normal_test,vote_share,higher_is_more_confident,79,79,200,0.395,68.0,0.8607594936708861,0.1392405063291139,0.4595404595404595,0.7976205624544231
arc1_normal_test,vote_share,higher_is_more_confident,80,80,200,0.4,69.0,0.8625,0.13749999999999996,0.4357638888888889,0.7930973540348539
arc1_normal_test,vote_share,higher_is_more_confident,81,81,200,0.405,70.0,0.8641975308641975,0.13580246913580252,0.4275724275724276,0.7885847006217376
arc1_normal_test,vote_share,higher_is_more_confident,82,82,200,0.41,70.0,0.8536585365853658,0.14634146341463417,0.4180819180819181,0.7840663740053984
arc1_normal_test,vote_share,higher_is_more_confident,83,83,200,0.415,70.0,0.8433734939759037,0.15662650602409633,0.4090909090909091,0.7795485973196816
arc1_normal_test,vote_share,higher_is_more_confident,84,84,200,0.42,71.0,0.8452380952380952,0.15476190476190477,0.3926073926073926,0.77494215440644
arc1_normal_test,vote_share,higher_is_more_confident,85,85,200,0.425,72.0,0.8470588235294118,0.15294117647058825,0.3776223776223776,0.7702678040913333
arc1_normal_test,vote_share,higher_is_more_confident,86,86,200,0.43,72.0,0.8372093023255814,0.16279069767441856,0.3611111111111111,0.765510168126447
arc1_normal_test,vote_share,higher_is_more_confident,87,87,200,0.435,72.0,0.8275862068965517,0.1724137931034483,0.34765234765234765,0.7607072046727217
arc1_normal_test,vote_share,higher_is_more_confident,88,88,200,0.44,72.0,0.8181818181818182,0.18181818181818177,0.34165834165834164,0.7559452857748311
arc1_normal_test,vote_share,higher_is_more_confident,89,89,200,0.445,73.0,0.8202247191011236,0.1797752808988764,0.34165834165834164,0.7512903762903762
arc1_normal_test,vote_share,higher_is_more_confident,90,90,200,0.45,73.0,0.8111111111111111,0.18888888888888888,0.34165834165834164,0.7467389092389092
arc1_normal_test,vote_share,higher_is_more_confident,91,91,200,0.455,73.0,0.8021978021978022,0.19780219780219777,0.3386613386613387,0.7422545403314633
arc1_normal_test,vote_share,higher_is_more_confident,92,92,200,0.46,73.0,0.7934782608695652,0.2065217391304348,0.3081597222222222,0.7375361183954934
arc1_normal_test,vote_share,higher_is_more_confident,93,93,200,0.465,73.0,0.7849462365591398,0.21505376344086025,0.2829861111111111,0.7326484839085646
arc1_normal_test,vote_share,higher_is_more_confident,94,94,200,0.47,73.0,0.776595744680851,0.22340425531914898,0.2777777777777778,0.7278094338433434
arc1_normal_test,vote_share,higher_is_more_confident,95,95,200,0.475,74.0,0.7789473684210526,0.2210526315789474,0.2757242757242757,0.7230506427052479
arc1_normal_test,vote_share,higher_is_more_confident,96,96,200,0.48,74.0,0.7708333333333334,0.22916666666666663,0.2743055555555556,0.7183762147141053
arc1_normal_test,vote_share,higher_is_more_confident,97,97,200,0.485,74.0,0.7628865979381443,0.23711340206185572,0.265625,0.7137086764180836
arc1_normal_test,vote_share,higher_is_more_confident,98,98,200,0.49,74.0,0.7551020408163265,0.24489795918367352,0.2647352647352647,0.7091273150743813
arc1_normal_test,vote_share,higher_is_more_confident,99,99,200,0.495,74.0,0.7474747474747475,0.2525252525252525,0.2586805555555556,0.7045773478065145
arc1_normal_test,vote_share,higher_is_more_confident,100,100,200,0.5,74.0,0.74,0.26,0.23776223776223776,0.6999091967060717
arc1_normal_test,vote_share,higher_is_more_confident,101,101,200,0.505,75.0,0.7425742574257426,0.25742574257425743,0.23476523476523475,0.6953038109442812
arc1_normal_test,vote_share,higher_is_more_confident,102,102,200,0.51,75.0,0.7352941176470589,0.2647058823529411,0.23376623376623376,0.6907789327366533
arc1_normal_test,vote_share,higher_is_more_confident,103,103,200,0.515,75.0,0.7281553398058253,0.27184466019417475,0.23276723276723277,0.6863322172029696
arc1_normal_test,vote_share,higher_is_more_confident,104,104,200,0.52,75.0,0.7211538461538461,0.27884615384615385,0.23176823176823177,0.6819614096507125
arc1_normal_test,vote_share,higher_is_more_confident,105,105,200,0.525,75.0,0.7142857142857143,0.2857142857142857,0.2137862137862138,0.6775025982615267
arc1_normal_test,vote_share,higher_is_more_confident,106,106,200,0.53,76.0,0.7169811320754716,0.28301886792452835,0.2137862137862138,0.673127915389118
arc1_normal_test,vote_share,higher_is_more_confident,107,107,200,0.535,77.0,0.719626168224299,0.28037383177570097,0.2047952047952048,0.6687509741686142
arc1_normal_test,vote_share,higher_is_more_confident,108,108,200,0.54,77.0,0.7129629629629629,0.2870370370370371,0.2017982017982018,0.6644273373874066
arc1_normal_test,vote_share,higher_is_more_confident,109,109,200,0.545,77.0,0.7064220183486238,0.29357798165137616,0.1998001998001998,0.6601647030976157
arc1_normal_test,vote_share,higher_is_more_confident,110,110,200,0.55,77.0,0.7,0.30000000000000004,0.1978021978021978,0.65596140759493
arc1_normal_test,vote_share,higher_is_more_confident,111,111,200,0.555,77.0,0.6936936936936937,0.3063063063063063,0.19080919080919082,0.6517708470833469
arc1_normal_test,vote_share,higher_is_more_confident,112,112,200,0.56,77.0,0.6875,0.3125,0.18981018981018982,0.6476461983576937
arc1_normal_test,vote_share,higher_is_more_confident,113,113,200,0.565,77.0,0.6814159292035398,0.31858407079646023,0.1888111888111888,0.6435857115475475
arc1_normal_test,vote_share,higher_is_more_confident,114,114,200,0.57,77.0,0.6754385964912281,0.32456140350877194,0.1875,0.6395849596918673
arc1_normal_test,vote_share,higher_is_more_confident,115,115,200,0.575,78.0,0.6782608695652174,0.32173913043478264,0.1875,0.6356537861293293
arc1_normal_test,vote_share,higher_is_more_confident,116,116,200,0.58,78.0,0.6724137931034483,0.3275862068965517,0.1848151848151848,0.631767246462828
arc1_normal_test,vote_share,higher_is_more_confident,117,117,200,0.585,78.0,0.6666666666666666,0.33333333333333337,0.1848151848151848,0.6279471433718224
arc1_normal_test,vote_share,higher_is_more_confident,118,118,200,0.59,78.0,0.6610169491525424,0.3389830508474576,0.17782217782217782,0.6241325250197068
arc1_normal_test,vote_share,higher_is_more_confident,119,119,200,0.595,78.0,0.6554621848739496,0.3445378151260504,0.17682317682317683,0.6203736229340218
arc1_normal_test,vote_share,higher_is_more_confident,120,120,200,0.6,78.0,0.65,0.35,0.1684027777777778,0.6166071992243863
arc1_normal_test,vote_share,higher_is_more_confident,121,121,200,0.605,78.0,0.6446280991735537,0.3553719008264463,0.16283716283716285,0.6128570336344092
arc1_normal_test,vote_share,higher_is_more_confident,122,122,200,0.61,78.0,0.639344262295082,0.360655737704918,0.13486513486513488,0.6089390672510546
arc1_normal_test,vote_share,higher_is_more_confident,123,123,200,0.615,78.0,0.6341463414634146,0.36585365853658536,0.13486513486513485,0.605084807638161
arc1_normal_test,vote_share,higher_is_more_confident,124,124,200,0.62,78.0,0.6290322580645161,0.3709677419354839,0.13186813186813187,0.6012685441238865
arc1_normal_test,vote_share,higher_is_more_confident,125,125,200,0.625,78.0,0.624,0.376,0.12987012987012986,0.5974973568098565
arc1_normal_test,vote_share,higher_is_more_confident,126,126,200,0.63,78.0,0.6190476190476191,0.38095238095238093,0.12987012987012986,0.5937860296119221
arc1_normal_test,vote_share,higher_is_more_confident,127,127,200,0.635,78.0,0.6141732283464567,0.3858267716535433,0.12487512487512488,0.5900938177636009
arc1_normal_test,vote_share,higher_is_more_confident,128,128,200,0.64,78.0,0.609375,0.390625,0.12387612387612387,0.586451492030105
arc1_normal_test,vote_share,higher_is_more_confident,129,129,200,0.645,78.0,0.6046511627906976,0.39534883720930236,0.12087912087912088,0.5828424038816479
arc1_normal_test,vote_share,higher_is_more_confident,130,130,200,0.65,79.0,0.6076923076923076,0.39230769230769236,0.11588411588411589,0.5792504170508975
arc1_normal_test,vote_share,higher_is_more_confident,131,131,200,0.655,79.0,0.6030534351145038,0.3969465648854962,0.11288711288711288,0.5756903918282732
arc1_normal_test,vote_share,higher_is_more_confident,132,132,200,0.66,80.0,0.6060606060606061,0.3939393939393939,0.10590277777777778,0.572131394752133
arc1_normal_test,vote_share,higher_is_more_confident,133,133,200,0.665,80.0,0.6015037593984962,0.3984962406015038,0.10589410589410589,0.5686258512268848
arc1_normal_test,vote_share,higher_is_more_confident,134,134,200,0.67,80.0,0.5970149253731343,0.4029850746268657,0.1028971028971029,0.5651502635527819
arc1_normal_test,vote_share,higher_is_more_confident,135,135,200,0.675,80.0,0.5925925925925926,0.40740740740740744,0.0999000999000999,0.5617039660442436
arc1_normal_test,vote_share,higher_is_more_confident,136,136,200,0.68,80.0,0.5882352941176471,0.4117647058823529,0.09722222222222222,0.5582886591043758
arc1_normal_test,vote_share,higher_is_more_confident,137,137,200,0.685,80.0,0.583941605839416,0.416058394160584,0.0959040959040959,0.5549135892999941
arc1_normal_test,vote_share,higher_is_more_confident,138,138,200,0.69,80.0,0.5797101449275363,0.42028985507246375,0.0959040959040959,0.5515874335507484
arc1_normal_test,vote_share,higher_is_more_confident,139,139,200,0.695,80.0,0.5755395683453237,0.4244604316546763,0.09490509490509491,0.5483019491000602
arc1_normal_test,vote_share,higher_is_more_confident,140,140,200,0.7,80.0,0.5714285714285714,0.4285714285714286,0.09375,0.5450551494636313
arc1_normal_test,vote_share,higher_is_more_confident,141,141,200,0.705,80.5,0.5709219858156028,0.42907801418439717,0.08991008991008992,0.5418271703178615
arc1_normal_test,vote_share,higher_is_more_confident,142,142,200,0.71,80.5,0.5669014084507042,0.43309859154929575,0.08159722222222222,0.5385861143453571
arc1_normal_test,vote_share,higher_is_more_confident,143,143,200,0.715,80.5,0.5629370629370629,0.4370629370629371,0.07592407592407592,0.5353507154752781
arc1_normal_test,vote_share,higher_is_more_confident,144,144,200,0.72,80.5,0.5590277777777778,0.4409722222222222,0.07592407592407592,0.5321602527006171
arc1_normal_test,vote_share,higher_is_more_confident,145,145,200,0.725,80.5,0.5551724137931034,0.44482758620689655,0.07392607392607392,0.5290000169849306
arc1_normal_test,vote_share,higher_is_more_confident,146,146,200,0.73,80.5,0.5513698630136986,0.4486301369863014,0.06993006993006994,0.5258557022790753
arc1_normal_test,vote_share,higher_is_more_confident,147,147,200,0.735,80.5,0.5476190476190477,0.45238095238095233,0.06493506493506493,0.5227201877393202
arc1_normal_test,vote_share,higher_is_more_confident,148,148,200,0.74,80.5,0.543918918918919,0.45608108108108103,0.06293706293706294,0.5196135450041698
arc1_normal_test,vote_share,higher_is_more_confident,149,149,200,0.745,80.5,0.540268456375839,0.459731543624161,0.057942057942057944,0.5165150786480482
arc1_normal_test,vote_share,higher_is_more_confident,150,150,200,0.75,80.5,0.5366666666666666,0.4633333333333334,0.05555555555555555,0.513442015160765
arc1_normal_test,vote_share,higher_is_more_confident,151,151,200,0.755,80.5,0.5331125827814569,0.4668874172185431,0.05555555555555555,0.5104096545011279
arc1_normal_test,vote_share,higher_is_more_confident,152,152,200,0.76,80.5,0.5296052631578947,0.4703947368421053,0.052947052947052944,0.5074000321224826
arc1_normal_test,vote_share,higher_is_more_confident,153,153,200,0.765,80.5,0.5261437908496732,0.4738562091503268,0.05194805194805195,0.5044232217945451
arc1_normal_test,vote_share,higher_is_more_confident,154,154,200,0.77,80.5,0.5227272727272727,0.4772727272727273,0.04995004995004995,0.5014720973020484
arc1_normal_test,vote_share,higher_is_more_confident,155,155,200,0.775,80.5,0.5193548387096775,0.48064516129032253,0.04795204795204795,0.49854616149979036
arc1_normal_test,vote_share,higher_is_more_confident,156,156,200,0.78,80.5,0.5160256410256411,0.4839743589743589,0.04495504495504495,0.49563852613732406
arc1_normal_test,vote_share,higher_is_more_confident,157,157,200,0.785,80.5,0.5127388535031847,0.4872611464968153,0.041666666666666664,0.49274698563114155
arc1_normal_test,vote_share,higher_is_more_confident,158,158,200,0.79,80.5,0.509493670886076,0.490506329113924,0.04095904095904096,0.4898875682597991
arc1_normal_test,vote_share,higher_is_more_confident,159,159,200,0.795,80.5,0.5062893081761006,0.4937106918238994,0.03996003996003996,0.48705783537741065
arc1_normal_test,vote_share,higher_is_more_confident,160,160,200,0.8,80.5,0.503125,0.49687499999999996,0.03993055555555555,0.4842632898785241
arc1_normal_test,vote_share,higher_is_more_confident,161,161,200,0.805,80.5,0.5,0.5,0.03796203796203796,0.4814912324132043
arc1_normal_test,vote_share,higher_is_more_confident,162,162,200,0.81,80.5,0.49691358024691357,0.5030864197530864,0.03596403596403597,0.4787410645338884
arc1_normal_test,vote_share,higher_is_more_confident,163,163,200,0.815,80.5,0.4938650306748466,0.5061349693251533,0.03496503496503497,0.4760185122052452
arc1_normal_test,vote_share,higher_is_more_confident,164,164,200,0.82,80.5,0.49085365853658536,0.5091463414634146,0.03496503496503497,0.47332916173426837
arc1_normal_test,vote_share,higher_is_more_confident,165,165,200,0.825,80.5,0.48787878787878786,0.5121212121212122,0.03496503496503497,0.4706724094508185
arc1_normal_test,vote_share,higher_is_more_confident,166,166,200,0.83,80.5,0.48493975903614456,0.5150602409638554,0.03296703296703297,0.4680356300744102
arc1_normal_test,vote_share,higher_is_more_confident,167,167,200,0.835,80.5,0.4820359281437126,0.5179640718562875,0.03196803196803197,0.4654244468522163
arc1_normal_test,vote_share,higher_is_more_confident,168,168,200,0.84,80.5,0.4791666666666667,0.5208333333333333,0.028971028971028972,0.46282650984101875
arc1_normal_test,vote_share,higher_is_more_confident,169,169,200,0.845,80.5,0.47633136094674555,0.5236686390532544,0.028971028971028972,0.4602593176465218
arc1_normal_test,vote_share,higher_is_more_confident,170,170,200,0.85,80.5,0.47352941176470587,0.5264705882352941,0.027777777777777776,0.4577153085884703
arc1_normal_test,vote_share,higher_is_more_confident,171,171,200,0.855,80.5,0.47076023391812866,0.5292397660818713,0.024975024975024976,0.45518466365505833
arc1_normal_test,vote_share,higher_is_more_confident,172,172,200,0.86,80.5,0.4680232558139535,0.5319767441860466,0.023976023976023976,0.4526776366801802
arc1_normal_test,vote_share,higher_is_more_confident,173,173,200,0.865,80.5,0.4653179190751445,0.5346820809248555,0.022977022977022976,0.45019381810386133
arc1_normal_test,vote_share,higher_is_more_confident,174,174,200,0.87,80.5,0.46264367816091956,0.5373563218390804,0.022977022977022976,0.4477385491663507
arc1_normal_test,vote_share,higher_is_more_confident,175,175,200,0.875,80.5,0.46,0.54,0.02197802197802198,0.4453056318681317
arc1_normal_test,vote_share,higher_is_more_confident,176,176,200,0.88,80.5,0.45738636363636365,0.5426136363636364,0.020833333333333332,0.44289385744463855
arc1_normal_test,vote_share,higher_is_more_confident,177,177,200,0.885,80.5,0.4548022598870056,0.5451977401129944,0.01898101898101898,0.4404988696567085
arc1_normal_test,vote_share,higher_is_more_confident,178,178,200,0.89,80.5,0.45224719101123595,0.547752808988764,0.017982017982017984,0.43812517947876084
arc1_normal_test,vote_share,higher_is_more_confident,179,179,200,0.895,80.5,0.44972067039106145,0.5502793296089385,0.017982017982017984,0.43577801097877905
arc1_normal_test,vote_share,higher_is_more_confident,180,180,200,0.9,80.5,0.44722222222222224,0.5527777777777778,0.016983016983016984,0.433451372123247
arc1_normal_test,vote_share,higher_is_more_confident,181,181,200,0.905,80.5,0.4447513812154696,0.5552486187845305,0.013986013986013986,0.43113388395674296
arc1_normal_test,vote_share,higher_is_more_confident,182,182,200,0.91,80.5,0.4423076923076923,0.5576923076923077,0.011988011988011988,0.42883088466021146
arc1_normal_test,vote_share,higher_is_more_confident,183,183,200,0.915,80.5,0.43989071038251365,0.5601092896174864,0.01098901098901099,0.4265475957330464
arc1_normal_test,vote_share,higher_is_more_confident,184,184,200,0.92,80.5,0.4375,0.5625,0.01098901098901099,0.42428912516378536
arc1_normal_test,vote_share,higher_is_more_confident,185,185,200,0.925,80.5,0.43513513513513513,0.5648648648648649,0.008991008991008992,0.4220442704817703
arc1_normal_test,vote_share,higher_is_more_confident,186,186,200,0.93,80.5,0.4327956989247312,0.5672043010752688,0.007992007992007992,0.4198181830490296
arc1_normal_test,vote_share,higher_is_more_confident,187,187,200,0.935,80.5,0.4304812834224599,0.5695187165775402,0.006993006993006993,0.417610561786698
arc1_normal_test,vote_share,higher_is_more_confident,188,188,200,0.94,80.5,0.42819148936170215,0.5718085106382979,0.005994005994005994,0.4154211120218433
arc1_normal_test,vote_share,higher_is_more_confident,189,189,200,0.945,80.5,0.42592592592592593,0.5740740740740741,0.003996003996003996,0.41324425959842614
arc1_normal_test,vote_share,higher_is_more_confident,190,190,200,0.95,80.5,0.4236842105263158,0.5763157894736842,0.003996003996003996,0.411090321411045
arc1_normal_test,vote_share,higher_is_more_confident,191,191,200,0.955,80.5,0.4214659685863874,0.5785340314136126,0.003472222222222222,0.40895619523728155
arc1_normal_test,vote_share,higher_is_more_confident,192,192,200,0.96,80.5,0.4192708333333333,0.5807291666666667,0.002997002997002997,0.40684182444436345
arc1_normal_test,vote_share,higher_is_more_confident,193,193,200,0.965,80.5,0.4170984455958549,0.5829015544041452,0.002997002997002997,0.40474936422961033
arc1_normal_test,vote_share,higher_is_more_confident,194,194,200,0.97,80.5,0.41494845360824745,0.5850515463917525,0.002997002997002997,0.40267847576964844
arc1_normal_test,vote_share,higher_is_more_confident,195,195,200,0.975,80.5,0.4128205128205128,0.5871794871794872,0.002997002997002997,0.4006288271913272
arc1_normal_test,vote_share,higher_is_more_confident,196,196,200,0.98,80.5,0.4107142857142857,0.5892857142857143,0.001998001998001998,0.3985949964505449
arc1_normal_test,vote_share,higher_is_more_confident,197,197,200,0.985,80.5,0.4086294416243655,0.5913705583756346,0.000999000999000999,0.3965767426665269
arc1_normal_test,vote_share,higher_is_more_confident,198,198,200,0.99,80.5,0.4065656565656566,0.5934343434343434,0.000999000999000999,0.39457887528436775
arc1_normal_test,vote_share,higher_is_more_confident,199,199,200,0.995,80.5,0.4045226130653266,0.5954773869346734,0.000999000999000999,0.3926010869713759
arc1_normal_test,vote_share,higher_is_more_confident,200,200,200,1.0,80.5,0.4025,0.5974999999999999,0.000999000999000999,0.3906430765415141
arc1_normal_test,vote_margin,higher_is_more_confident,1,1,200,0.005,1.0,1.0,0.0,1.0,1.0
arc1_normal_test,vote_margin,higher_is_more_confident,2,2,200,0.01,2.0,1.0,0.0,1.0,1.0
arc1_normal_test,vote_margin,higher_is_more_confident,3,3,200,0.015,3.0,1.0,0.0,1.0,1.0
arc1_normal_test,vote_margin,higher_is_more_confident,4,4,200,0.02,4.0,1.0,0.0,1.0,1.0
arc1_normal_test,vote_margin,higher_is_more_confident,5,5,200,0.025,5.0,1.0,0.0,1.0,1.0
arc1_normal_test,vote_margin,higher_is_more_confident,6,6,200,0.03,6.0,1.0,0.0,0.998001998001998,0.9996669996669997
arc1_normal_test,vote_margin,higher_is_more_confident,7,7,200,0.035,7.0,1.0,0.0,0.998001998001998,0.9994291422862851
arc1_normal_test,vote_margin,higher_is_more_confident,8,8,200,0.04,8.0,1.0,0.0,0.997002997002997,0.9991258741258741
arc1_normal_test,vote_margin,higher_is_more_confident,9,9,200,0.045,9.0,1.0,0.0,0.997002997002997,0.9988899988899989
arc1_normal_test,vote_margin,higher_is_more_confident,10,10,200,0.05,10.0,1.0,0.0,0.997002997002997,0.9987012987012986
arc1_normal_test,vote_margin,higher_is_more_confident,11,11,200,0.055,11.0,1.0,0.0,0.996003996003996,0.9984560893651803
arc1_normal_test,vote_margin,higher_is_more_confident,12,12,200,0.06,12.0,1.0,0.0,0.995004995004995,0.9981684981684982
arc1_normal_test,vote_margin,higher_is_more_confident,13,13,200,0.065,13.0,1.0,0.0,0.994005994005994,0.9978483055406132
arc1_normal_test,vote_margin,higher_is_more_confident,14,14,200,0.07,14.0,1.0,0.0,0.9925074925074925,0.9974668188953902
arc1_normal_test,vote_margin,higher_is_more_confident,15,15,200,0.075,15.0,1.0,0.0,0.9920079920079921,0.997102897102897
arc1_normal_test,vote_margin,higher_is_more_confident,16,16,200,0.08,16.0,1.0,0.0,0.991008991008991,0.9967220279720279
arc1_normal_test,vote_margin,higher_is_more_confident,17,17,200,0.085,17.0,1.0,0.0,0.99000999000999,0.9963272022095552
arc1_normal_test,vote_margin,higher_is_more_confident,18,18,200,0.09,18.0,1.0,0.0,0.9895833333333334,0.9959525428275428
arc1_normal_test,vote_margin,higher_is_more_confident,19,19,200,0.095,19.0,1.0,0.0,0.989010989010989,0.9955871978898294
arc1_normal_test,vote_margin,higher_is_more_confident,20,20,200,0.1,20.0,1.0,0.0,0.986013986013986,0.9951085372960373
arc1_normal_test,vote_margin,higher_is_more_confident,21,21,200,0.105,21.0,1.0,0.0,0.985014985014985,0.9946278919493204
arc1_normal_test,vote_margin,higher_is_more_confident,22,22,200,0.11,22.0,1.0,0.0,0.9820179820179821,0.9940547142251688
arc1_normal_test,vote_margin,higher_is_more_confident,23,23,200,0.115,23.0,1.0,0.0,0.977022977022977,0.99331420391203
arc1_normal_test,vote_margin,higher_is_more_confident,24,24,200,0.12,24.0,1.0,0.0,0.964035964035964,0.9920942772505272
arc1_normal_test,vote_margin,higher_is_more_confident,25,25,200,0.125,25.0,1.0,0.0,0.961038961038961,0.9908520646020647
arc1_normal_test,vote_margin,higher_is_more_confident,26,26,200,0.13,26.0,1.0,0.0,0.9479166666666666,0.9892007031430109
arc1_normal_test,vote_margin,higher_is_more_confident,27,27,200,0.135,27.0,1.0,0.0,0.9470529470529471,0.9876396751396752
arc1_normal_test,vote_margin,higher_is_more_confident,28,28,200,0.14,28.0,1.0,0.0,0.9300699300699301,0.9855836128157557
arc1_normal_test,vote_margin,higher_is_more_confident,29,29,200,0.145,28.0,0.9655172413793104,0.03448275862068961,0.919080919080919,0.9832904164800716
arc1_normal_test,vote_margin,higher_is_more_confident,30,30,200,0.15,29.0,0.9666666666666667,0.033333333333333326,0.9180819180819181,0.9811167998667999
arc1_normal_test,vote_margin,higher_is_more_confident,31,31,200,0.155,30.0,0.967741935483871,0.032258064516129004,0.9114583333333334,0.9788697525592687
arc1_normal_test,vote_margin,higher_is_more_confident,32,32,200,0.16,31.0,0.96875,0.03125,0.9100899100899101,0.9767203824821011
arc1_normal_test,vote_margin,higher_is_more_confident,33,33,200,0.165,32.0,0.9696969696969697,0.030303030303030276,0.9090909090909091,0.9746710045005498
arc1_normal_test,vote_margin,higher_is_more_confident,34,34,200,0.17,33.0,0.9705882352941176,0.02941176470588236,0.9070929070929071,0.972683413400325
arc1_normal_test,vote_margin,higher_is_more_confident,35,35,200,0.175,34.0,0.9714285714285714,0.02857142857142858,0.8871128871128872,0.9702385412206839
arc1_normal_test,vote_margin,higher_is_more_confident,36,36,200,0.18,35.0,0.9722222222222222,0.02777777777777779,0.8821178821178821,0.9677907451344949
arc1_normal_test,vote_margin,higher_is_more_confident,37,37,200,0.185,36.0,0.972972972972973,0.027027027027026973,0.8031968031968032,0.9633422602172601
arc1_normal_test,vote_margin,higher_is_more_confident,38,38,200,0.19,37.0,0.9736842105263158,0.02631578947368418,0.7892107892107892,0.9587598530855109
arc1_normal_test,vote_margin,higher_is_more_confident,39,39,200,0.195,38.0,0.9743589743589743,0.02564102564102566,0.7342657342657343,0.9530035936285935
arc1_normal_test,vote_margin,higher_is_more_confident,40,40,200,0.2,39.0,0.975,0.025000000000000022,0.7292707292707292,0.947410272019647
arc1_normal_test,vote_margin,higher_is_more_confident,41,41,200,0.205,39.0,0.9512195121951219,0.04878048780487809,0.7092907092907093,0.9416024778067461
arc1_normal_test,vote_margin,higher_is_more_confident,42,42,200,0.21,40.0,0.9523809523809523,0.04761904761904767,0.7048611111111112,0.9359657785997073
arc1_normal_test,vote_margin,higher_is_more_confident,43,43,200,0.215,41.0,0.9534883720930233,0.046511627906976716,0.6996527777777778,0.930470127417802
arc1_normal_test,vote_margin,higher_is_more_confident,44,44,200,0.22,42.0,0.9545454545454546,0.045454545454545414,0.6892361111111112,0.9249875361381045
arc1_normal_test,vote_margin,higher_is_more_confident,45,45,200,0.225,43.0,0.9555555555555556,0.0444444444444444,0.6793206793206793,0.9195282726532729
arc1_normal_test,vote_margin,higher_is_more_confident,46,46,200,0.23,44.0,0.9565217391304348,0.04347826086956519,0.6793206793206793,0.9143063684503905
arc1_normal_test,vote_margin,higher_is_more_confident,47,47,200,0.235,44.0,0.9361702127659575,0.06382978723404253,0.6733266733266733,0.9091791408945666
arc1_normal_test,vote_margin,higher_is_more_confident,48,48,200,0.24,45.0,0.9375,0.0625,0.6553446553446554,0.9038909224456102
arc1_normal_test,vote_margin,higher_is_more_confident,49,49,200,0.245,46.0,0.9387755102040817,0.061224489795918324,0.6463536463536463,0.8986350596682232
arc1_normal_test,vote_margin,higher_is_more_confident,50,50,200,0.25,47.0,0.94,0.06000000000000005,0.6273726273726273,0.8932098110223113
arc1_normal_test,vote_margin,higher_is_more_confident,51,51,200,0.255,48.0,0.9411764705882353,0.05882352941176472,0.6213786213786214,0.8878797876959643
arc1_normal_test,vote_margin,higher_is_more_confident,52,52,200,0.26,49.0,0.9423076923076923,0.05769230769230771,0.6103896103896104,0.8825434381323807
arc1_normal_test,vote_margin,higher_is_more_confident,53,53,200,0.265,50.0,0.9433962264150944,0.05660377358490565,0.5844155844155844,0.8769183842886675
arc1_normal_test,vote_margin,higher_is_more_confident,54,54,200,0.27,51.0,0.9444444444444444,0.05555555555555558,0.5794205794205795,0.8714091656799993
arc1_normal_test,vote_margin,higher_is_more_confident,55,55,200,0.275,52.0,0.9454545454545454,0.054545454545454564,0.5784215784215784,0.866082118638937
arc1_normal_test,vote_margin,higher_is_more_confident,56,56,200,0.28,53.0,0.9464285714285714,0.0535714285714286,0.5764235764235764,0.8609096446708057
arc1_normal_test,vote_margin,higher_is_more_confident,57,57,200,0.285,54.0,0.9473684210526315,0.052631578947368474,0.5644355644355644,0.8557083450175558
arc1_normal_test,vote_margin,higher_is_more_confident,58,58,200,0.29,55.0,0.9482758620689655,0.051724137931034475,0.5486111111111112,0.8504135651226171
arc1_normal_test,vote_margin,higher_is_more_confident,59,59,200,0.295,56.0,0.9491525423728814,0.05084745762711862,0.5416666666666666,0.8451805668437027
arc1_normal_test,vote_margin,higher_is_more_confident,60,60,200,0.3,57.0,0.95,0.050000000000000044,0.5344655344655345,0.8400019829707331
arc1_normal_test,vote_margin,higher_is_more_confident,61,61,200,0.305,58.0,0.9508196721311475,0.049180327868852514,0.5017361111111112,0.8344566408091001
arc1_normal_test,vote_margin,higher_is_more_confident,62,62,200,0.31,59.0,0.9516129032258065,0.048387096774193505,0.4865134865134865,0.8288446544494934
arc1_normal_test,vote_margin,higher_is_more_confident,63,63,200,0.315,60.0,0.9523809523809523,0.04761904761904767,0.4595404595404595,0.8229826831017308
arc1_normal_test,vote_margin,higher_is_more_confident,64,64,200,0.32,61.0,0.953125,0.046875,0.44455544455544455,0.8170697574994452
arc1_normal_test,vote_margin,higher_is_more_confident,65,65,200,0.325,62.0,0.9538461538461539,0.0461538461538461,0.3901098901098901,0.8105011441549905
arc1_normal_test,vote_margin,higher_is_more_confident,66,66,200,0.33,62.0,0.9393939393939394,0.06060606060606055,0.36863136863136864,0.8038061475561478
arc1_normal_test,vote_margin,higher_is_more_confident,67,67,200,0.335,63.0,0.9402985074626866,0.05970149253731338,0.36863136863136864,0.7973110016020466
arc1_normal_test,vote_margin,higher_is_more_confident,68,68,200,0.34,64.0,0.9411764705882353,0.05882352941176472,0.3680555555555556,0.7909984215131276
arc1_normal_test,vote_margin,higher_is_more_confident,69,69,200,0.345,65.0,0.9420289855072463,0.05797101449275366,0.3596403596403596,0.7847468553990296
arc1_normal_test,vote_margin,higher_is_more_confident,70,70,200,0.35,65.0,0.9285714285714286,0.0714285714285714,0.35814185814185817,0.7786524982953557
arc1_normal_test,vote_margin,higher_is_more_confident,71,71,200,0.355,66.0,0.9295774647887324,0.07042253521126762,0.34165834165834164,0.772497651018778
arc1_normal_test,vote_margin,higher_is_more_confident,72,72,200,0.36,66.0,0.9166666666666666,0.08333333333333337,0.33966033966033965,0.7664860216943553
arc1_normal_test,vote_margin,higher_is_more_confident,73,73,200,0.365,67.0,0.9178082191780822,0.0821917808219178,0.3336663336663337,0.7605569848720537
arc1_normal_test,vote_margin,higher_is_more_confident,74,74,200,0.37,67.0,0.9054054054054054,0.09459459459459463,0.3126873126873127,0.7545046920046923
arc1_normal_test,vote_margin,higher_is_more_confident,75,75,200,0.375,68.0,0.9066666666666666,0.09333333333333338,0.3076923076923077,0.7485471935471938
arc1_normal_test,vote_margin,higher_is_more_confident,76,76,200,0.38,69.0,0.9078947368421053,0.09210526315789469,0.3003472222222222,0.7426498255034442
arc1_normal_test,vote_margin,higher_is_more_confident,77,77,200,0.385,70.0,0.9090909090909091,0.09090909090909094,0.2837162837162837,0.7366896496360784
arc1_normal_test,vote_margin,higher_is_more_confident,78,78,200,0.39,70.0,0.8974358974358975,0.10256410256410253,0.2787212787212787,0.7308182602653758
arc1_normal_test,vote_margin,higher_is_more_confident,79,79,200,0.395,71.0,0.8987341772151899,0.10126582278481011,0.27372627372627373,0.7250322857522227
arc1_normal_test,vote_margin,higher_is_more_confident,80,80,200,0.4,71.0,0.8875,0.11250000000000004,0.24975024975024976,0.7190912603021979
arc1_normal_test,vote_margin,higher_is_more_confident,81,81,200,0.405,71.0,0.8765432098765432,0.12345679012345678,0.2361111111111111,0.71312854241095
arc1_normal_test,vote_margin,higher_is_more_confident,82,82,200,0.41,71.0,0.8658536585365854,0.13414634146341464,0.23576423576423577,0.707307026476234
arc1_normal_test,vote_margin,higher_is_more_confident,83,83,200,0.415,71.0,0.8554216867469879,0.14457831325301207,0.23576423576423577,0.7016257880339208
arc1_normal_test,vote_margin,higher_is_more_confident,84,84,200,0.42,71.0,0.8452380952380952,0.15476190476190477,0.22477522477522477,0.6959489956141743
arc1_normal_test,vote_margin,higher_is_more_confident,85,85,200,0.425,71.0,0.8352941176470589,0.16470588235294115,0.2007992007992008,0.6901237039104688
arc1_normal_test,vote_margin,higher_is_more_confident,86,86,200,0.43,71.0,0.8255813953488372,0.17441860465116277,0.1857638888888889,0.68425905489859
arc1_normal_test,vote_margin,higher_is_more_confident,87,87,200,0.435,71.0,0.8160919540229885,0.1839080459770115,0.18331668331668333,0.678501096604545
arc1_normal_test,vote_margin,higher_is_more_confident,88,88,200,0.44,72.0,0.8181818181818182,0.18181818181818177,0.18181818181818182,0.6728569725728818
arc1_normal_test,vote_margin,higher_is_more_confident,89,89,200,0.445,72.0,0.8089887640449438,0.1910112359550562,0.17282717282717283,0.6672386602161884
arc1_normal_test,vote_margin,higher_is_more_confident,90,90,200,0.45,72.0,0.8,0.19999999999999996,0.15884115884115885,0.6615897990897992
arc1_normal_test,vote_margin,higher_is_more_confident,91,91,200,0.455,73.0,0.8021978021978022,0.19780219780219777,0.15284715284715283,0.6559992205596602
arc1_normal_test,vote_margin,higher_is_more_confident,92,92,200,0.46,73.0,0.7934782608695652,0.2065217391304348,0.1527777777777778,0.6505294222685528
arc1_normal_test,vote_margin,higher_is_more_confident,93,93,200,0.465,73.0,0.7849462365591398,0.21505376344086025,0.15104166666666669,0.645158586186812
arc1_normal_test,vote_margin,higher_is_more_confident,94,94,200,0.47,73.0,0.776595744680851,0.22340425531914898,0.14785214785214784,0.6398680921619752
arc1_normal_test,vote_margin,higher_is_more_confident,95,95,200,0.475,73.0,0.7684210526315789,0.2315789473684211,0.13686313686313686,0.6345733031588295
arc1_normal_test,vote_margin,higher_is_more_confident,96,96,200,0.48,73.0,0.7604166666666666,0.23958333333333337,0.10789210789210789,0.6290870407081345
arc1_normal_test,vote_margin,higher_is_more_confident,97,97,200,0.485,74.0,0.7628865979381443,0.23711340206185572,0.10590277777777778,0.6236933885129762
arc1_normal_test,vote_margin,higher_is_more_confident,98,98,200,0.49,75.0,0.7653061224489796,0.23469387755102045,0.1038961038961039,0.6183893345883141
arc1_normal_test,vote_margin,higher_is_more_confident,99,99,200,0.495,75.0,0.7575757575757576,0.24242424242424243,0.0920138888888889,0.6130724108943806
arc1_normal_test,vote_margin,higher_is_more_confident,100,100,200,0.5,75.0,0.75,0.25,0.0919080919080919,0.6078607677045177
arc1_normal_test,vote_margin,higher_is_more_confident,101,101,200,0.505,75.0,0.7425742574257426,0.25742574257425743,0.08791208791208792,0.6027127609738996
arc1_normal_test,vote_margin,higher_is_more_confident,102,102,200,0.51,75.0,0.7352941176470589,0.2647058823529411,0.08791208791208792,0.597665695551725
arc1_normal_test,vote_margin,higher_is_more_confident,103,103,200,0.515,75.0,0.7281553398058253,0.27184466019417475,0.08691308691308691,0.5927069323610585
arc1_normal_test,vote_margin,higher_is_more_confident,104,104,200,0.52,75.0,0.7211538461538461,0.27884615384615385,0.08591408591408592,0.5878339242221453
arc1_normal_test,vote_margin,higher_is_more_confident,105,105,200,0.525,75.0,0.7142857142857143,0.2857142857142857,0.08541458541458541,0.5830489781382638
arc1_normal_test,vote_margin,higher_is_more_confident,106,106,200,0.53,75.0,0.7075471698113207,0.2924528301886793,0.08506944444444445,0.5783510580090768
arc1_normal_test,vote_margin,higher_is_more_confident,107,107,200,0.535,76.0,0.7102803738317757,0.28971962616822433,0.07892107892107893,0.5736834881110581
arc1_normal_test,vote_margin,higher_is_more_confident,108,108,200,0.54,76.0,0.7037037037037037,0.2962962962962963,0.07292707292707293,0.5690468546371323
arc1_normal_test,vote_margin,higher_is_more_confident,109,109,200,0.545,76.0,0.6972477064220184,0.3027522935779816,0.06943056943056944,0.5644632189930354
arc1_normal_test,vote_margin,higher_is_more_confident,110,110,200,0.55,76.0,0.6909090909090909,0.3090909090909091,0.06693306693306693,0.5599402176106721
arc1_normal_test,vote_margin,higher_is_more_confident,111,111,200,0.555,76.0,0.6846846846846847,0.3153153153153153,0.06593406593406594,0.5554897117397117
arc1_normal_test,vote_margin,higher_is_more_confident,112,112,200,0.56,76.0,0.6785714285714286,0.3214285714285714,0.061938061938061936,0.5510830005807684
arc1_normal_test,vote_margin,higher_is_more_confident,113,113,200,0.565,76.0,0.672566371681416,0.327433628318584,0.060939060939060936,0.5467454435927888
arc1_normal_test,vote_margin,higher_is_more_confident,114,114,200,0.57,76.0,0.6666666666666666,0.33333333333333337,0.059940059940059943,0.5424752209291683
arc1_normal_test,vote_margin,higher_is_more_confident,115,115,200,0.575,76.0,0.6608695652173913,0.33913043478260874,0.059940059940059943,0.5382792630075239
arc1_normal_test,vote_margin,higher_is_more_confident,116,116,200,0.58,76.0,0.6551724137931034,0.3448275862068966,0.058941058941058944,0.5341470371103992
arc1_normal_test,vote_margin,higher_is_more_confident,117,117,200,0.585,76.0,0.6495726495726496,0.3504273504273504,0.05555555555555555,0.5300565116270245
arc1_normal_test,vote_margin,higher_is_more_confident,118,118,200,0.59,77.0,0.652542372881356,0.34745762711864403,0.053946053946053944,0.5260216772398976
arc1_normal_test,vote_margin,higher_is_more_confident,119,119,200,0.595,78.0,0.6554621848739496,0.3445378151260504,0.05194805194805195,0.5220378652626553
arc1_normal_test,vote_margin,higher_is_more_confident,120,120,200,0.6,78.0,0.65,0.35,0.04795204795204795,0.5180871501184001
arc1_normal_test,vote_margin,higher_is_more_confident,121,121,200,0.605,78.0,0.6446280991735537,0.3553719008264463,0.04795204795204795,0.5142017360509096
arc1_normal_test,vote_margin,higher_is_more_confident,122,122,200,0.61,78.0,0.639344262295082,0.360655737704918,0.04513888888888889,0.5103569586151553
arc1_normal_test,vote_margin,higher_is_more_confident,123,123,200,0.615,78.5,0.6382113821138211,0.3617886178861789,0.04395604395604395,0.5065650812602032
arc1_normal_test,vote_margin,higher_is_more_confident,124,124,200,0.62,78.5,0.6330645161290323,0.36693548387096775,0.03993055555555555,0.5028018996012947
arc1_normal_test,vote_margin,higher_is_more_confident,125,125,200,0.625,78.5,0.628,0.372,0.03896103896103896,0.4990911727161727
arc1_normal_test,vote_margin,higher_is_more_confident,126,126,200,0.63,79.5,0.6309523809523809,0.36904761904761907,0.03819444444444445,0.4954332621743336
arc1_normal_test,vote_margin,higher_is_more_confident,127,127,200,0.635,80.5,0.6338582677165354,0.3661417322834646,0.03796203796203796,0.49183112655061473
arc1_normal_test,vote_margin,higher_is_more_confident,128,128,200,0.64,80.5,0.62890625,0.37109375,0.03696303696303696,0.4882774696007118
arc1_normal_test,vote_margin,higher_is_more_confident,129,129,200,0.645,80.5,0.624031007751938,0.375968992248062,0.03696303696303696,0.4847789081073965
arc1_normal_test,vote_margin,higher_is_more_confident,130,130,200,0.65,80.5,0.6192307692307693,0.38076923076923075,0.03596403596403597,0.481326486013986
arc1_normal_test,vote_margin,higher_is_more_confident,131,131,200,0.655,80.5,0.6145038167938931,0.3854961832061069,0.03496503496503497,0.4779191466930016
arc1_normal_test,vote_margin,higher_is_more_confident,132,132,200,0.66,80.5,0.6098484848484849,0.39015151515151514,0.034722222222222224,0.47456159423488964
arc1_normal_test,vote_margin,higher_is_more_confident,133,133,200,0.665,80.5,0.6052631578947368,0.39473684210526316,0.03296703296703297,0.47124133437573285
arc1_normal_test,vote_margin,higher_is_more_confident,134,134,200,0.67,80.5,0.6007462686567164,0.39925373134328357,0.029970029970029972,0.4679482649398694
arc1_normal_test,vote_margin,higher_is_more_confident,135,135,200,0.675,80.5,0.5962962962962963,0.4037037037037037,0.027972027972027972,0.46468918170307055
arc1_normal_test,vote_margin,higher_is_more_confident,136,136,200,0.68,80.5,0.5919117647058824,0.40808823529411764,0.027777777777777776,0.46147659785067874
arc1_normal_test,vote_margin,higher_is_more_confident,137,137,200,0.685,80.5,0.5875912408759124,0.4124087591240876,0.023976023976023976,0.4582831630048783
arc1_normal_test,vote_margin,higher_is_more_confident,138,138,200,0.69,80.5,0.5833333333333334,0.41666666666666663,0.02197802197802198,0.455121531548162
arc1_normal_test,vote_margin,higher_is_more_confident,139,139,200,0.695,80.5,0.579136690647482,0.42086330935251803,0.020833333333333332,0.45199715602143664
arc1_normal_test,vote_margin,higher_is_more_confident,140,140,200,0.7,80.5,0.575,0.42500000000000004,0.017982017982017984,0.44889704789258367
arc1_normal_test,vote_margin,higher_is_more_confident,141,141,200,0.705,80.5,0.5709219858156028,0.42907801418439717,0.016983016983016984,0.44583382781521086
arc1_normal_test,vote_margin,higher_is_more_confident,142,142,200,0.71,80.5,0.5669014084507042,0.43309859154929575,0.016983016983016984,0.4428137516825898
arc1_normal_test,vote_margin,higher_is_more_confident,143,143,200,0.715,80.5,0.5629370629370629,0.4370629370629371,0.016983016983016984,0.43983591437699837
arc1_normal_test,vote_margin,higher_is_more_confident,144,144,200,0.72,80.5,0.5590277777777778,0.4409722222222222,0.015984015984015984,0.436892498415936
arc1_normal_test,vote_margin,higher_is_more_confident,145,145,200,0.725,80.5,0.5551724137931034,0.44482758620689655,0.015625,0.43398720532341234
arc1_normal_test,vote_margin,higher_is_more_confident,146,146,200,0.73,80.5,0.5513698630136986,0.4486301369863014,0.014985014985014986,0.4311173273073959
arc1_normal_test,vote_margin,higher_is_more_confident,147,147,200,0.735,80.5,0.5476190476190477,0.45238095238095233,0.013986013986013986,0.42827969932561777
arc1_normal_test,vote_margin,higher_is_more_confident,148,148,200,0.74,80.5,0.543918918918919,0.45608108108108103,0.013986013986013986,0.4254804176679178
arc1_normal_test,vote_margin,higher_is_more_confident,149,149,200,0.745,80.5,0.540268456375839,0.459731543624161,0.013888888888888888,0.4227180584143672
arc1_normal_test,vote_margin,higher_is_more_confident,150,150,200,0.75,80.5,0.5366666666666666,0.4633333333333334,0.013888888888888888,0.41999253061753067
arc1_normal_test,vote_margin,higher_is_more_confident,151,151,200,0.755,80.5,0.5331125827814569,0.4668874172185431,0.013888888888888888,0.41730310252661246
arc1_normal_test,vote_margin,higher_is_more_confident,152,152,200,0.76,80.5,0.5296052631578947,0.4703947368421053,0.012987012987012988,0.4146431282533256
arc1_normal_test,vote_margin,higher_is_more_confident,153,153,200,0.765,80.5,0.5261437908496732,0.4738562091503268,0.012987012987012988,0.41201792488557193
arc1_normal_test,vote_margin,higher_is_more_confident,154,154,200,0.77,80.5,0.5227272727272727,0.4772727272727273,0.00999000999000999,0.40940735400962674
arc1_normal_test,vote_margin,higher_is_more_confident,155,155,200,0.775,80.5,0.5193548387096775,0.48064516129032253,0.00999000999000999,0.40683046791917765
arc1_normal_test,vote_margin,higher_is_more_confident,156,156,200,0.78,80.5,0.5160256410256411,0.4839743589743589,0.008991008991008992,0.4042802149773304
arc1_normal_test,vote_margin,higher_is_more_confident,157,157,200,0.785,80.5,0.5127388535031847,0.4872611464968153,0.008991008991008992,0.40176244933410543
arc1_normal_test,vote_margin,higher_is_more_confident,158,158,200,0.79,80.5,0.509493670886076,0.490506329113924,0.007992007992007992,0.3992702313509276
arc1_normal_test,vote_margin,higher_is_more_confident,159,159,200,0.795,80.5,0.5062893081761006,0.4937106918238994,0.007992007992007992,0.39680936202162626
arc1_normal_test,vote_margin,higher_is_more_confident,160,160,200,0.8,80.5,0.503125,0.49687499999999996,0.006993006993006993,0.39437300980269735
arc1_normal_test,vote_margin,higher_is_more_confident,161,161,200,0.805,80.5,0.5,0.5,0.006993006993006993,0.39196692282872414
arc1_normal_test,vote_margin,higher_is_more_confident,162,162,200,0.81,80.5,0.49691358024691357,0.5030864197530864,0.006993006993006993,0.3895905406322073
arc1_normal_test,vote_margin,higher_is_more_confident,163,163,200,0.815,80.5,0.4938650306748466,0.5061349693251533,0.006944444444444444,0.3872430185697057
arc1_normal_test,vote_margin,higher_is_more_confident,164,164,200,0.82,80.5,0.49085365853658536,0.5091463414634146,0.005994005994005994,0.38491832946863436
arc1_normal_test,vote_margin,higher_is_more_confident,165,165,200,0.825,80.5,0.48787878787878786,0.5121212121212122,0.005994005994005994,0.382621818417273
arc1_normal_test,vote_margin,higher_is_more_confident,166,166,200,0.83,80.5,0.48493975903614456,0.5150602409638554,0.005994005994005994,0.38035297617375935
arc1_normal_test,vote_margin,higher_is_more_confident,167,167,200,0.835,80.5,0.4820359281437126,0.5179640718562875,0.004995004995004995,0.37810532365173083
arc1_normal_test,vote_margin,higher_is_more_confident,168,168,200,0.84,80.5,0.4791666666666667,0.5208333333333333,0.003996003996003996,0.37587848246330385
arc1_normal_test,vote_margin,higher_is_more_confident,169,169,200,0.845,80.5,0.47633136094674555,0.5236686390532544,0.003996003996003996,0.3736779944250358
arc1_normal_test,vote_margin,higher_is_more_confident,170,170,200,0.85,80.5,0.47352941176470587,0.5264705882352941,0.002997002997002997,0.3714975180048709
arc1_normal_test,vote_margin,higher_is_more_confident,171,171,200,0.855,80.5,0.47076023391812866,0.5292397660818713,0.002997002997002997,0.3693425442328951
arc1_normal_test,vote_margin,higher_is_more_confident,172,172,200,0.86,80.5,0.4680232558139535,0.5319767441860466,0.002997002997002997,0.36721262829547713
arc1_normal_test,vote_margin,higher_is_more_confident,173,173,200,0.865,80.5,0.4653179190751445,0.5346820809248555,0.002997002997002997,0.3651073356636941
arc1_normal_test,vote_margin,higher_is_more_confident,174,174,200,0.87,80.5,0.46264367816091956,0.5373563218390804,0.001998001998001998,0.36302050041274186
arc1_normal_test,vote_margin,higher_is_more_confident,175,175,200,0.875,80.5,0.46,0.54,0.001998001998001998,0.36095751470751475
arc1_normal_test,vote_margin,higher_is_more_confident,176,176,200,0.88,80.5,0.45738636363636365,0.5426136363636364,0.001998001998001998,0.35891797202166525
arc1_normal_test,vote_margin,higher_is_more_confident,177,177,200,0.885,80.5,0.4548022598870056,0.5451977401129944,0.001998001998001998,0.3569014750158819
arc1_normal_test,vote_margin,higher_is_more_confident,178,178,200,0.89,80.5,0.45224719101123595,0.547752808988764,0.001998001998001998,0.3549076352798264
arc1_normal_test,vote_margin,higher_is_more_confident,179,179,200,0.895,80.5,0.44972067039106145,0.5502793296089385,0.001998001998001998,0.35293607308272124
arc1_normal_test,vote_margin,higher_is_more_confident,180,180,200,0.9,80.5,0.44722222222222224,0.5527777777777778,0.001998001998001998,0.3509864171322506
arc1_normal_test,vote_margin,higher_is_more_confident,181,181,200,0.905,80.5,0.4447513812154696,0.5552486187845305,0.000999000999000999,0.34905278499891773
arc1_normal_test,vote_margin,higher_is_more_confident,182,182,200,0.91,80.5,0.4423076923076923,0.5576923076923077,0.000999000999000999,0.34714040157034676
arc1_normal_test,vote_margin,higher_is_more_confident,183,183,200,0.915,80.5,0.43989071038251365,0.5601092896174864,0.000999000999000999,0.34524891850711537
arc1_normal_test,vote_margin,higher_is_more_confident,184,184,200,0.92,80.5,0.4375,0.5625,0.000999000999000999,0.34337799504239735
arc1_normal_test,vote_margin,higher_is_more_confident,185,185,200,0.925,80.5,0.43513513513513513,0.5648648648648649,0.000999000999000999,0.3415272977772979
arc1_normal_test,vote_margin,higher_is_more_confident,186,186,200,0.93,80.5,0.4327956989247312,0.5672043010752688,0.000999000999000999,0.33969650048279093
arc1_normal_test,vote_margin,higher_is_more_confident,187,187,200,0.935,80.5,0.4304812834224599,0.5695187165775402,0.000999000999000999,0.3378852839080113
arc1_normal_test,vote_margin,higher_is_more_confident,188,188,200,0.94,80.5,0.42819148936170215,0.5718085106382979,0.000999000999000999,0.33609333559466553
arc1_normal_test,vote_margin,higher_is_more_confident,189,189,200,0.945,80.5,0.42592592592592593,0.5740740740740741,0.0,0.33431506397776256
arc1_normal_test,vote_margin,higher_is_more_confident,190,190,200,0.95,80.5,0.4236842105263158,0.5763157894736842,0.0,0.3325555110094585
arc1_normal_test,vote_margin,higher_is_more_confident,191,191,200,0.955,80.5,0.4214659685863874,0.5785340314136126,0.0,0.3308143826795661
arc1_normal_test,vote_margin,higher_is_more_confident,192,192,200,0.96,80.5,0.4192708333333333,0.5807291666666667,0.0,0.32909139110311
arc1_normal_test,vote_margin,higher_is_more_confident,193,193,200,0.965,80.5,0.4170984455958549,0.5829015544041452,0.0,0.3273862543616431
arc1_normal_test,vote_margin,higher_is_more_confident,194,194,200,0.97,80.5,0.41494845360824745,0.5850515463917525,0.0,0.3256986963494697
arc1_normal_test,vote_margin,higher_is_more_confident,195,195,200,0.975,80.5,0.4128205128205128,0.5871794871794872,0.0,0.3240284466246006
arc1_normal_test,vote_margin,higher_is_more_confident,196,196,200,0.98,80.5,0.4107142857142857,0.5892857142857143,0.0,0.322375240264271
arc1_normal_test,vote_margin,higher_is_more_confident,197,197,200,0.985,80.5,0.4086294416243655,0.5913705583756346,0.0,0.32073881772485846
arc1_normal_test,vote_margin,higher_is_more_confident,198,198,200,0.99,80.5,0.4065656565656566,0.5934343434343434,0.0,0.3191189247060461
arc1_normal_test,vote_margin,higher_is_more_confident,199,199,200,0.995,80.5,0.4045226130653266,0.5954773869346734,0.0,0.317515312019081
arc1_normal_test,vote_margin,higher_is_more_confident,200,200,200,1.0,80.5,0.4025,0.5974999999999999,0.0,0.3159277354589856
arc1_normal_test,vote_entropy,lower_is_more_confident,1,1,200,0.005,1.0,1.0,0.0,0.0,0.0
arc1_normal_test,vote_entropy,lower_is_more_confident,2,2,200,0.01,2.0,1.0,0.0,0.0,0.0
arc1_normal_test,vote_entropy,lower_is_more_confident,3,3,200,0.015,3.0,1.0,0.0,0.0,0.0
arc1_normal_test,vote_entropy,lower_is_more_confident,4,4,200,0.02,4.0,1.0,0.0,0.0,0.0
arc1_normal_test,vote_entropy,lower_is_more_confident,5,5,200,0.025,5.0,1.0,0.0,0.0,0.0
arc1_normal_test,vote_entropy,lower_is_more_confident,6,6,200,0.03,6.0,1.0,0.0,0.007900354757641078,0.0013167257929401798
arc1_normal_test,vote_entropy,lower_is_more_confident,7,7,200,0.035,7.0,1.0,0.0,0.007900354757641078,0.0022572442164688795
arc1_normal_test,vote_entropy,lower_is_more_confident,8,8,200,0.04,8.0,1.0,0.0,0.015105255784946592,0.0038632456625285936
arc1_normal_test,vote_entropy,lower_is_more_confident,9,9,200,0.045,9.0,1.0,0.0,0.015799710514116768,0.00518951953492728
arc1_normal_test,vote_entropy,lower_is_more_confident,10,10,200,0.05,10.0,1.0,0.0,0.015799710514116768,0.0062505386328462285
arc1_normal_test,vote_entropy,lower_is_more_confident,11,11,200,0.055,11.0,1.0,0.0,0.02231315681775712,0.007710776649656309
arc1_normal_test,vote_entropy,lower_is_more_confident,12,12,200,0.06,12.0,1.0,0.0,0.023698066269425347,0.009043050784637062
arc1_normal_test,vote_entropy,lower_is_more_confident,13,13,200,0.065,13.0,1.0,0.0,0.026055783214888516,0.010351722510041019
arc1_normal_test,vote_entropy,lower_is_more_confident,14,14,200,0.07,14.0,1.0,0.0,0.030210511569893184,0.011770207442887603
arc1_normal_test,vote_entropy,lower_is_more_confident,15,15,200,0.075,15.0,1.0,0.0,0.04270966972488691,0.013832838261687555
arc1_normal_test,vote_entropy,lower_is_more_confident,16,16,200,0.08,16.0,1.0,0.0,0.046692660728842386,0.015886577165884732
arc1_normal_test,vote_entropy,lower_is_more_confident,17,17,200,0.085,17.0,1.0,0.0,0.05060401543534164,0.017928779417029257
arc1_normal_test,vote_entropy,lower_is_more_confident,18,18,200,0.09,18.0,1.0,0.0,0.05988226556610895,0.020259528647533682
arc1_normal_test,vote_entropy,lower_is_more_confident,19,19,200,0.095,19.0,1.0,0.0,0.06381731570703392,0.022552043755928432
arc1_normal_test,vote_entropy,lower_is_more_confident,20,20,200,0.1,20.0,1.0,0.0,0.07962355423546646,0.025405619279905332
arc1_normal_test,vote_entropy,lower_is_more_confident,21,21,200,0.105,21.0,1.0,0.0,0.0912947075838837,0.028543194913428112
arc1_normal_test,vote_entropy,lower_is_more_confident,22,22,200,0.11,22.0,1.0,0.0,0.10124149286565684,0.03184766300216579
arc1_normal_test,vote_entropy,lower_is_more_confident,23,23,200,0.115,23.0,1.0,0.0,0.10262640231732506,0.034924999494129236
arc1_normal_test,vote_entropy,lower_is_more_confident,24,24,200,0.12,24.0,1.0,0.0,0.17321435954260025,0.040687056162815524
arc1_normal_test,vote_entropy,lower_is_more_confident,25,25,200,0.125,25.0,1.0,0.0,0.2234690471095678,0.04799833580068562
arc1_normal_test,vote_entropy,lower_is_more_confident,26,26,200,0.13,26.0,1.0,0.0,0.22454957591476887,0.05478876811276574
arc1_normal_test,vote_entropy,lower_is_more_confident,27,27,200,0.135,27.0,1.0,0.0,0.2374162690046507,0.061552749627279996
arc1_normal_test,vote_entropy,lower_is_more_confident,28,28,200,0.14,28.0,1.0,0.0,0.266241053439889,0.06886304619201603
arc1_normal_test,vote_entropy,lower_is_more_confident,29,29,200,0.145,28.0,0.9655172413793104,0.03448275862068961,0.32077900894472355,0.0775498035283163
arc1_normal_test,vote_entropy,lower_is_more_confident,30,30,200,0.15,29.0,0.9666666666666667,0.033333333333333326,0.322064513201603,0.08570029385075918
arc1_normal_test,vote_entropy,lower_is_more_confident,31,31,200,0.155,30.0,0.967741935483871,0.032258064516129004,0.41454425260649574,0.09630816348804101
arc1_normal_test,vote_entropy,lower_is_more_confident,32,32,200,0.16,31.0,0.96875,0.03125,0.4411401076312209,0.1070841617425154
arc1_normal_test,vote_entropy,lower_is_more_confident,33,33,200,0.165,32.0,0.9696969696969697,0.030303030303030276,0.45440365925263126,0.11760899500039769
arc1_normal_test,vote_entropy,lower_is_more_confident,34,34,200,0.17,33.0,0.9705882352941176,0.02941176470588236,0.4820764109991844,0.12832862488271493
arc1_normal_test,vote_entropy,lower_is_more_confident,35,35,200,0.175,34.0,0.9714285714285714,0.02857142857142858,0.5299756948159284,0.13980425545223532
arc1_normal_test,vote_entropy,lower_is_more_confident,36,36,200,0.18,35.0,0.9722222222222222,0.02777777777777779,0.5433835136653795,0.15101479040260044
arc1_normal_test,vote_entropy,lower_is_more_confident,37,37,200,0.185,36.0,0.972972972972973,0.027027027027026973,0.5852687645494566,0.16275138429846142
arc1_normal_test,vote_entropy,lower_is_more_confident,38,38,200,0.19,37.0,0.9736842105263158,0.02631578947368418,0.5905765187222735,0.17400994046750912
arc1_normal_test,vote_entropy,lower_is_more_confident,39,39,200,0.195,38.0,0.9743589743589743,0.02564102564102566,0.6659409480361099,0.18662355604619119
arc1_normal_test,vote_entropy,lower_is_more_confident,40,40,200,0.2,39.0,0.975,0.025000000000000022,0.6660457769903079,0.1986091115697941
arc1_normal_test,vote_entropy,lower_is_more_confident,41,41,200,0.205,40.0,0.975609756097561,0.024390243902439046,0.679723648841438,0.2103436124788586
arc1_normal_test,vote_entropy,lower_is_more_confident,42,42,200,0.21,41.0,0.9761904761904762,0.023809523809523836,0.8007561743692014,0.22440105442862868
arc1_normal_test,vote_entropy,lower_is_more_confident,43,43,200,0.215,42.0,0.9767441860465116,0.023255813953488413,0.838503882801588,0.2386825155535812
arc1_normal_test,vote_entropy,lower_is_more_confident,44,44,200,0.22,43.0,0.9772727272727273,0.022727272727272707,0.9140987318044089,0.25403288410473635
arc1_normal_test,vote_entropy,lower_is_more_confident,45,45,200,0.225,43.0,0.9555555555555556,0.0444444444444444,0.9277633052947186,0.2690046712422915
arc1_normal_test,vote_entropy,lower_is_more_confident,46,46,200,0.23,44.0,0.9565217391304348,0.04347826086956519,1.084000928597023,0.2867219811847857
arc1_normal_test,vote_entropy,lower_is_more_confident,47,47,200,0.235,44.0,0.9361702127659575,0.06382978723404253,1.1116485801674245,0.30427361095037375
arc1_normal_test,vote_entropy,lower_is_more_confident,48,48,200,0.24,45.0,0.9375,0.0625,1.1546811013324771,0.3219904336666675
arc1_normal_test,vote_entropy,lower_is_more_confident,49,49,200,0.245,45.0,0.9183673469387755,0.08163265306122447,1.18928290168032,0.33969027995266043
arc1_normal_test,vote_entropy,lower_is_more_confident,50,50,200,0.25,46.0,0.92,0.07999999999999996,1.1906926517058367,0.35671032738772396
arc1_normal_test,vote_entropy,lower_is_more_confident,51,51,200,0.255,47.0,0.9215686274509803,0.07843137254901966,1.1943267534336737,0.37313417887882105
arc1_normal_test,vote_entropy,lower_is_more_confident,52,52,200,0.26,48.0,0.9230769230769231,0.07692307692307687,1.2154006119418437,0.38933161028387914
arc1_normal_test,vote_entropy,lower_is_more_confident,53,53,200,0.265,48.0,0.9056603773584906,0.09433962264150941,1.2172053939777199,0.4049518703535743
arc1_normal_test,vote_entropy,lower_is_more_confident,54,54,200,0.27,48.0,0.8888888888888888,0.11111111111111116,1.2279138306581099,0.42019190665551015
arc1_normal_test,vote_entropy,lower_is_more_confident,55,55,200,0.275,49.0,0.8909090909090909,0.10909090909090913,1.290905468802768,0.4360230623309148
arc1_normal_test,vote_entropy,lower_is_more_confident,56,56,200,0.28,49.0,0.875,0.125,1.293170284976079,0.4513292627352928
arc1_normal_test,vote_entropy,lower_is_more_confident,57,57,200,0.285,50.0,0.8771929824561403,0.1228070175438597,1.4057540543722695,0.46807355732541517
arc1_normal_test,vote_entropy,lower_is_more_confident,58,58,200,0.29,51.0,0.8793103448275862,0.12068965517241381,1.4543439177301223,0.4850782187117032
arc1_normal_test,vote_entropy,lower_is_more_confident,59,59,200,0.295,52.0,0.8813559322033898,0.11864406779661019,1.4995401657433591,0.5022724890003754
arc1_normal_test,vote_entropy,lower_is_more_confident,60,60,200,0.3,52.0,0.8666666666666667,0.1333333333333333,1.5157340857002748,0.5191635156120403
arc1_normal_test,vote_entropy,lower_is_more_confident,61,61,200,0.305,53.0,0.8688524590163934,0.1311475409836066,1.5947604672264637,0.5367962525237522
arc1_normal_test,vote_entropy,lower_is_more_confident,62,62,200,0.31,53.0,0.8548387096774194,0.14516129032258063,1.741034004801681,0.556219442076622
arc1_normal_test,vote_entropy,lower_is_more_confident,63,63,200,0.315,54.0,0.8571428571428571,0.1428571428571429,1.7534175694253262,0.5752225869551728
arc1_normal_test,vote_entropy,lower_is_more_confident,64,64,200,0.32,54.0,0.84375,0.15625,1.817895763885702,0.5946393553447124
arc1_normal_test,vote_entropy,lower_is_more_confident,65,65,200,0.325,55.0,0.8461538461538461,0.15384615384615385,1.829104628290478,0.6136311287746472
arc1_normal_test,vote_entropy,lower_is_more_confident,66,66,200,0.33,55.0,0.8333333333333334,0.16666666666666663,1.8300980535931282,0.6320624458173515
arc1_normal_test,vote_entropy,lower_is_more_confident,67,67,200,0.335,55.0,0.8208955223880597,0.17910447761194026,1.8489282448343984,0.6502246219220835
arc1_normal_test,vote_entropy,lower_is_more_confident,68,68,200,0.34,55.0,0.8088235294117647,0.19117647058823528,1.86899710167766,0.6681477466243714
arc1_normal_test,vote_entropy,lower_is_more_confident,69,69,200,0.345,56.0,0.8115942028985508,0.18840579710144922,1.89611278948103,0.6859443414483809
arc1_normal_test,vote_entropy,lower_is_more_confident,70,70,200,0.35,57.0,0.8142857142857143,0.18571428571428572,1.9071867144701513,0.7033906610629775
arc1_normal_test,vote_entropy,lower_is_more_confident,71,71,200,0.355,58.0,0.8169014084507042,0.18309859154929575,1.9091978956816409,0.7203738615505644
arc1_normal_test,vote_entropy,lower_is_more_confident,72,72,200,0.36,58.0,0.8055555555555556,0.19444444444444442,2.013160607462408,0.7383292330215623
arc1_normal_test,vote_entropy,lower_is_more_confident,73,73,200,0.365,59.0,0.8082191780821918,0.1917808219178082,2.0649968069105524,0.7565027614310005
arc1_normal_test,vote_entropy,lower_is_more_confident,74,74,200,0.37,60.0,0.8108108108108109,0.18918918918918914,2.0805224729515284,0.7743949196947914
arc1_normal_test,vote_entropy,lower_is_more_confident,75,75,200,0.375,61.0,0.8133333333333334,0.18666666666666665,2.13288260018051,0.7925080887679343
arc1_normal_test,vote_entropy,lower_is_more_confident,76,76,200,0.38,62.0,0.8157894736842105,0.1842105263157895,2.167026734604295,0.8105938604236759
arc1_normal_test,vote_entropy,lower_is_more_confident,77,77,200,0.385,63.0,0.8181818181818182,0.18181818181818177,2.2060590814235534,0.8287167853717262
arc1_normal_test,vote_entropy,lower_is_more_confident,78,78,200,0.39,64.0,0.8205128205128205,0.17948717948717952,2.251462060916533,0.8469571094171724
arc1_normal_test,vote_entropy,lower_is_more_confident,79,79,200,0.395,64.0,0.810126582278481,0.189873417721519,2.2726414294101898,0.8650037463791093
arc1_normal_test,vote_entropy,lower_is_more_confident,80,80,200,0.4,65.0,0.8125,0.1875,2.312140628702736,0.8830929574081546
arc1_normal_test,vote_entropy,lower_is_more_confident,81,81,200,0.405,66.0,0.8148148148148148,0.18518518518518523,2.3575560405108904,0.9012962053476945
arc1_normal_test,vote_entropy,lower_is_more_confident,82,82,200,0.41,66.0,0.8048780487804879,0.19512195121951215,2.384116291035598,0.9193793771243762
arc1_normal_test,vote_entropy,lower_is_more_confident,83,83,200,0.415,67.0,0.8072289156626506,0.19277108433734935,2.3931562208491166,0.9371357246391322
arc1_normal_test,vote_entropy,lower_is_more_confident,84,84,200,0.42,68.0,0.8095238095238095,0.19047619047619047,2.4025720135452016,0.9545813947451568
arc1_normal_test,vote_entropy,lower_is_more_confident,85,85,200,0.425,68.0,0.8,0.19999999999999996,2.4401325791361796,0.9720584675026982
arc1_normal_test,vote_entropy,lower_is_more_confident,86,86,200,0.43,68.0,0.7906976744186046,0.2093023255813954,2.493583738485785,0.989750621816455
arc1_normal_test,vote_entropy,lower_is_more_confident,87,87,200,0.435,69.0,0.7931034482758621,0.2068965517241379,2.678894947427676,1.0091660738349748
arc1_normal_test,vote_entropy,lower_is_more_confident,88,88,200,0.44,70.0,0.7954545454545454,0.20454545454545459,2.734320150015371,1.028770097427934
arc1_normal_test,vote_entropy,lower_is_more_confident,89,89,200,0.445,71.0,0.797752808988764,0.202247191011236,2.8525884107971082,1.0492624380275877
arc1_normal_test,vote_entropy,lower_is_more_confident,90,90,200,0.45,71.0,0.7888888888888889,0.21111111111111114,2.9432004497694524,1.0703061937136082
arc1_normal_test,vote_entropy,lower_is_more_confident,91,91,200,0.455,71.0,0.7802197802197802,0.21978021978021978,2.9514935791694845,1.0909785825647718
arc1_normal_test,vote_entropy,lower_is_more_confident,92,92,200,0.46,71.0,0.7717391304347826,0.2282608695652174,2.9944526328131893,1.1116685178935588
arc1_normal_test,vote_entropy,lower_is_more_confident,93,93,200,0.465,72.0,0.7741935483870968,0.22580645161290325,3.1064497880179642,1.1331177788626385
arc1_normal_test,vote_entropy,lower_is_more_confident,94,94,200,0.47,72.0,0.7659574468085106,0.23404255319148937,3.109235433414211,1.154140307102549
arc1_normal_test,vote_entropy,lower_is_more_confident,95,95,200,0.475,73.0,0.7684210526315789,0.2315789473684211,3.1635804634297258,1.1752923087480982
arc1_normal_test,vote_entropy,lower_is_more_confident,96,96,200,0.48,73.0,0.7604166666666666,0.23958333333333337,3.289275802862222,1.1973129701451202
arc1_normal_test,vote_entropy,lower_is_more_confident,97,97,200,0.485,73.0,0.7525773195876289,0.24742268041237114,3.3061584386014795,1.2190536450776601
arc1_normal_test,vote_entropy,lower_is_more_confident,98,98,200,0.49,73.0,0.7448979591836735,0.2551020408163265,3.321014834153561,1.240502228639659
arc1_normal_test,vote_entropy,lower_is_more_confident,99,99,200,0.495,73.0,0.7373737373737373,0.26262626262626265,3.321726399827669,1.2615246950152954
arc1_normal_test,vote_entropy,lower_is_more_confident,100,100,200,0.5,73.0,0.73,0.27,3.4277477884226264,1.283186925949369
arc1_normal_test,vote_entropy,lower_is_more_confident,101,101,200,0.505,73.0,0.7227722772277227,0.27722772277227725,3.4291505014825336,1.3044340900635585
arc1_normal_test,vote_entropy,lower_is_more_confident,102,102,200,0.51,73.0,0.7156862745098039,0.28431372549019607,3.455802703818672,1.3255259392180205
arc1_normal_test,vote_entropy,lower_is_more_confident,103,103,200,0.515,74.0,0.7184466019417476,0.2815533980582524,3.4743769293924904,1.3463885701905882
arc1_normal_test,vote_entropy,lower_is_more_confident,104,104,200,0.52,74.0,0.7115384615384616,0.28846153846153844,3.504456866132422,1.3671392268823366
arc1_normal_test,vote_entropy,lower_is_more_confident,105,105,200,0.525,74.0,0.7047619047619048,0.2952380952380952,3.5203333104182866,1.3876458372017266
arc1_normal_test,vote_entropy,lower_is_more_confident,106,106,200,0.53,74.0,0.6981132075471698,0.30188679245283023,3.5304097446368434,1.407860591045454
arc1_normal_test,vote_entropy,lower_is_more_confident,107,107,200,0.535,74.0,0.6915887850467289,0.30841121495327106,3.5418687260534383,1.4278045923072111
arc1_normal_test,vote_entropy,lower_is_more_confident,108,108,200,0.54,74.0,0.6851851851851852,0.31481481481481477,3.568066143059411,1.44762182888825
arc1_normal_test,vote_entropy,lower_is_more_confident,109,109,200,0.545,74.0,0.6788990825688074,0.3211009174311926,3.610402855862562,1.4674638566586564
arc1_normal_test,vote_entropy,lower_is_more_confident,110,110,200,0.55,75.0,0.6818181818181818,0.31818181818181823,3.6619253989177536,1.4874135070428303
arc1_normal_test,vote_entropy,lower_is_more_confident,111,111,200,0.555,76.0,0.6846846846846847,0.3153153153153153,3.6801562904523455,1.507167946533006
arc1_normal_test,vote_entropy,lower_is_more_confident,112,112,200,0.56,77.0,0.6875,0.3125,3.751099485228318,1.5272030495570712
arc1_normal_test,vote_entropy,lower_is_more_confident,113,113,200,0.565,78.0,0.6902654867256637,0.3097345132743363,3.79068029908613,1.5472338216767973
arc1_normal_test,vote_entropy,lower_is_more_confident,114,114,200,0.57,78.0,0.6842105263157895,0.3157894736842105,3.836255467617885,1.5673129589218946
arc1_normal_test,vote_entropy,lower_is_more_confident,115,115,200,0.575,78.0,0.6782608695652174,0.32173913043478264,3.841202530469615,1.5870859117179617
arc1_normal_test,vote_entropy,lower_is_more_confident,116,116,200,0.58,78.0,0.6724137931034483,0.3275862068965517,3.9338002222741104,1.607316207498618
arc1_normal_test,vote_entropy,lower_is_more_confident,117,117,200,0.585,78.0,0.6666666666666666,0.33333333333333337,3.9385909683382665,1.62724163280494
arc1_normal_test,vote_entropy,lower_is_more_confident,118,118,200,0.59,78.0,0.6610169491525424,0.3389830508474576,3.9405381502568355,1.646845840579956
arc1_normal_test,vote_entropy,lower_is_more_confident,119,119,200,0.595,78.0,0.6554621848739496,0.3445378151260504,3.9453872489028665,1.6661613145994763
arc1_normal_test,vote_entropy,lower_is_more_confident,120,120,200,0.6,78.0,0.65,0.35,3.99542829142054,1.6855718727396518
arc1_normal_test,vote_entropy,lower_is_more_confident,121,121,200,0.605,78.0,0.6446280991735537,0.3553719008264463,4.005454282757864,1.7047444546406287
arc1_normal_test,vote_entropy,lower_is_more_confident,122,122,200,0.61,78.0,0.639344262295082,0.360655737704918,4.011828299820392,1.7236549779617745
arc1_normal_test,vote_entropy,lower_is_more_confident,123,123,200,0.615,78.0,0.6341463414634146,0.36585365853658536,4.0535806122082265,1.7425974627930465
arc1_normal_test,vote_entropy,lower_is_more_confident,124,124,200,0.62,78.0,0.6290322580645161,0.3709677419354839,4.094738903586591,1.7615663453800912
arc1_normal_test,vote_entropy,lower_is_more_confident,125,125,200,0.625,78.0,0.624,0.376,4.153874253592669,1.780704808645792
arc1_normal_test,vote_entropy,lower_is_more_confident,126,126,200,0.63,78.0,0.6190476190476191,0.38095238095238093,4.173128341941555,1.799692297005282
arc1_normal_test,vote_entropy,lower_is_more_confident,127,127,200,0.635,78.0,0.6141732283464567,0.3858267716535433,4.238157942318281,1.8188928138975105
arc1_normal_test,vote_entropy,lower_is_more_confident,128,128,200,0.64,78.0,0.609375,0.390625,4.2493380052564085,1.8378806669550019
arc1_normal_test,vote_entropy,lower_is_more_confident,129,129,200,0.645,78.0,0.6046511627906976,0.39534883720930236,4.249395073798025,1.8565745770855677
arc1_normal_test,vote_entropy,lower_is_more_confident,130,130,200,0.65,78.0,0.6,0.4,4.370196374281299,1.8759101293716889
arc1_normal_test,vote_entropy,lower_is_more_confident,131,131,200,0.655,78.0,0.5954198473282443,0.40458015267175573,4.436337636701962,1.8954553775192482
arc1_normal_test,vote_entropy,lower_is_more_confident,132,132,200,0.66,78.0,0.5909090909090909,0.40909090909090906,4.544213404922539,1.9155217262116973
arc1_normal_test,vote_entropy,lower_is_more_confident,133,133,200,0.665,78.0,0.5864661654135338,0.4135338345864662,4.750638500205799,1.9368383936853373
arc1_normal_test,vote_entropy,lower_is_more_confident,134,134,200,0.67,79.0,0.5895522388059702,0.4104477611940298,4.800138371576989,1.9582063039681106
arc1_normal_test,vote_entropy,lower_is_more_confident,135,135,200,0.675,79.0,0.5851851851851851,0.41481481481481486,4.819103001271641,1.979398131355544
arc1_normal_test,vote_entropy,lower_is_more_confident,136,136,200,0.68,79.0,0.5808823529411765,0.4191176470588235,4.834789176341291,2.0003936537451454
arc1_normal_test,vote_entropy,lower_is_more_confident,137,137,200,0.685,79.0,0.5766423357664233,0.4233576642335767,4.836750799712467,2.0210969905770235
arc1_normal_test,vote_entropy,lower_is_more_confident,138,138,200,0.69,79.0,0.572463768115942,0.427536231884058,4.857421192702631,2.04165006450547
arc1_normal_test,vote_entropy,lower_is_more_confident,139,139,200,0.695,79.0,0.5683453237410072,0.4316546762589928,4.879349830030112,2.062065170732266
arc1_normal_test,vote_entropy,lower_is_more_confident,140,140,200,0.7,79.0,0.5642857142857143,0.4357142857142857,4.898514262504642,2.082325521387783
arc1_normal_test,vote_entropy,lower_is_more_confident,141,141,200,0.705,79.0,0.5602836879432624,0.43971631205673756,5.016231149738575,2.103133362723604
arc1_normal_test,vote_entropy,lower_is_more_confident,142,142,200,0.71,79.0,0.5563380281690141,0.4436619718309859,5.135783497600608,2.1244900538142875
arc1_normal_test,vote_entropy,lower_is_more_confident,143,143,200,0.715,79.0,0.5524475524475524,0.4475524475524476,5.215596212836486,2.1461061808004565
arc1_normal_test,vote_entropy,lower_is_more_confident,144,144,200,0.72,79.0,0.5486111111111112,0.45138888888888884,5.221425930371378,2.1674625679502544
arc1_normal_test,vote_entropy,lower_is_more_confident,145,145,200,0.725,79.0,0.5448275862068965,0.45517241379310347,5.263819544944006,2.1888167539984873
arc1_normal_test,vote_entropy,lower_is_more_confident,146,146,200,0.73,79.0,0.541095890410959,0.45890410958904104,5.28443620485519,2.2100196269495607
arc1_normal_test,vote_entropy,lower_is_more_confident,147,147,200,0.735,79.0,0.5374149659863946,0.4625850340136054,5.327757698558493,2.231228729477513
arc1_normal_test,vote_entropy,lower_is_more_confident,148,148,200,0.74,79.0,0.5337837837837838,0.46621621621621623,5.3287418238028685,2.2521578720067383
arc1_normal_test,vote_entropy,lower_is_more_confident,149,149,200,0.745,79.0,0.5302013422818792,0.4697986577181208,5.353243951980994,2.2729705302615986
arc1_normal_test,vote_entropy,lower_is_more_confident,150,150,200,0.75,80.0,0.5333333333333333,0.4666666666666667,5.368388826310084,2.293606652235255
arc1_normal_test,vote_entropy,lower_is_more_confident,151,151,200,0.755,80.0,0.5298013245033113,0.4701986754966887,5.412653837120299,2.3142625938570105
arc1_normal_test,vote_entropy,lower_is_more_confident,152,152,200,0.76,80.5,0.5296052631578947,0.4703947368421053,5.448071497614528,2.33487975769752
arc1_normal_test,vote_entropy,lower_is_more_confident,153,153,200,0.765,80.5,0.5261437908496732,0.4738562091503268,5.466237791639028,2.355346150076223
arc1_normal_test,vote_entropy,lower_is_more_confident,154,154,200,0.77,80.5,0.5227272727272727,0.4772727272727273,5.508289979908394,2.3758198113088995
arc1_normal_test,vote_entropy,lower_is_more_confident,155,155,200,0.775,80.5,0.5193548387096775,0.48064516129032253,5.529375482728341,2.39616533176967
arc1_normal_test,vote_entropy,lower_is_more_confident,156,156,200,0.78,80.5,0.5160256410256411,0.4839743589743589,5.565404339408105,2.416480966434019
arc1_normal_test,vote_entropy,lower_is_more_confident,157,157,200,0.785,80.5,0.5127388535031847,0.4872611464968153,5.567084635132746,2.4365485057250935
arc1_normal_test,vote_entropy,lower_is_more_confident,158,158,200,0.79,80.5,0.509493670886076,0.490506329113924,5.586991747284845,2.4564880199121806
arc1_normal_test,vote_entropy,lower_is_more_confident,159,159,200,0.795,80.5,0.5062893081761006,0.4937106918238994,5.662794644657625,2.476653470382278
arc1_normal_test,vote_entropy,lower_is_more_confident,160,160,200,0.8,80.5,0.503125,0.49687499999999996,5.678899303252517,2.496667506837717
arc1_normal_test,vote_entropy,lower_is_more_confident,161,161,200,0.805,80.5,0.5,0.5,5.7812990450070245,2.5170689449629924
arc1_normal_test,vote_entropy,lower_is_more_confident,162,162,200,0.81,80.5,0.49691358024691357,0.5030864197530864,5.797061318656615,2.537315811467274
arc1_normal_test,vote_entropy,lower_is_more_confident,163,163,200,0.815,80.5,0.4938650306748466,0.5061349693251533,5.895285672587825,2.557916853560038
arc1_normal_test,vote_entropy,lower_is_more_confident,164,164,200,0.82,80.5,0.49085365853658536,0.5091463414634146,5.899465694360619,2.578292151369798
arc1_normal_test,vote_entropy,lower_is_more_confident,165,165,200,0.825,80.5,0.48787878787878786,0.5121212121212122,6.046761914837315,2.5993131802392977
arc1_normal_test,vote_entropy,lower_is_more_confident,166,166,200,0.83,80.5,0.48493975903614456,0.5150602409638554,6.048723366745012,2.6200927596760795
arc1_normal_test,vote_entropy,lower_is_more_confident,167,167,200,0.835,80.5,0.4820359281437126,0.5179640718562875,6.057269320818962,2.6406746552517855
arc1_normal_test,vote_entropy,lower_is_more_confident,168,168,200,0.84,80.5,0.4791666666666667,0.5208333333333333,6.113428225093944,2.661345807453227
arc1_normal_test,vote_entropy,lower_is_more_confident,169,169,200,0.845,80.5,0.47633136094674555,0.5236686390532544,6.14099194924412,2.6819354295940014
arc1_normal_test,vote_entropy,lower_is_more_confident,170,170,200,0.85,80.5,0.47352941176470587,0.5264705882352941,6.173367528884263,2.7024732654721797
arc1_normal_test,vote_entropy,lower_is_more_confident,171,171,200,0.855,80.5,0.47076023391812866,0.5292397660818713,6.180271817566728,2.7228112687008026
arc1_normal_test,vote_entropy,lower_is_more_confident,172,172,200,0.86,80.5,0.4680232558139535,0.5319767441860466,6.200180490520669,2.74302853161836
arc1_normal_test,vote_entropy,lower_is_more_confident,173,173,200,0.865,80.5,0.4653179190751445,0.5346820809248555,6.216801125674381,2.763108141988626
arc1_normal_test,vote_entropy,lower_is_more_confident,174,174,200,0.87,80.5,0.46264367816091956,0.5373563218390804,6.219795384585099,2.782974160624238
arc1_normal_test,vote_entropy,lower_is_more_confident,175,175,200,0.875,80.5,0.46,0.54,6.287287553861537,2.8029988085855937
arc1_normal_test,vote_entropy,lower_is_more_confident,176,176,200,0.88,80.5,0.45738636363636365,0.5426136363636364,6.341667094434225,2.823104878391552
arc1_normal_test,vote_entropy,lower_is_more_confident,177,177,200,0.885,80.5,0.4548022598870056,0.5451977401129944,6.352566662552111,2.8430453404489566
arc1_normal_test,vote_entropy,lower_is_more_confident,178,178,200,0.89,80.5,0.45224719101123595,0.547752808988764,6.51894521642115,2.8636964633476767
arc1_normal_test,vote_entropy,lower_is_more_confident,179,179,200,0.895,80.5,0.44972067039106145,0.5502793296089385,6.550955916358847,2.8842956781689684
arc1_normal_test,vote_entropy,lower_is_more_confident,180,180,200,0.9,80.5,0.44722222222222224,0.5527777777777778,6.614208178033964,2.90501741427933
arc1_normal_test,vote_entropy,lower_is_more_confident,181,181,200,0.905,80.5,0.4447513812154696,0.5552486187845305,6.65088212719307,2.9257127994335494
arc1_normal_test,vote_entropy,lower_is_more_confident,182,182,200,0.91,80.5,0.4423076923076923,0.5576923076923077,6.6536906236908795,2.946196194072326
arc1_normal_test,vote_entropy,lower_is_more_confident,183,183,200,0.915,80.5,0.43989071038251365,0.5601092896174864,6.703409115412789,2.966727412221727
arc1_normal_test,vote_entropy,lower_is_more_confident,184,184,200,0.92,80.5,0.4375,0.5625,6.78005191384614,2.987452001904469
arc1_normal_test,vote_entropy,lower_is_more_confident,185,185,200,0.925,80.5,0.43513513513513513,0.5648648648648649,6.801470723818165,3.0080683193202185
arc1_normal_test,vote_entropy,lower_is_more_confident,186,186,200,0.93,80.5,0.4327956989247312,0.5672043010752688,6.810146714134915,3.028509601012771
arc1_normal_test,vote_entropy,lower_is_more_confident,187,187,200,0.935,80.5,0.4304812834224599,0.5695187165775402,6.843199374101671,3.048909011564048
arc1_normal_test,vote_entropy,lower_is_more_confident,188,188,200,0.94,80.5,0.42819148936170215,0.5718085106382979,6.853660641941884,3.069147052151165
arc1_normal_test,vote_entropy,lower_is_more_confident,189,189,200,0.945,80.5,0.42592592592592593,0.5740740740740741,6.867024228961803,3.089241640388258
arc1_normal_test,vote_entropy,lower_is_more_confident,190,190,200,0.95,80.5,0.4236842105263158,0.5763157894736842,6.871844886593328,3.109150078526179
arc1_normal_test,vote_entropy,lower_is_more_confident,191,191,200,0.955,80.5,0.4214659685863874,0.5785340314136126,6.884688593218513,3.128917295880589
arc1_normal_test,vote_entropy,lower_is_more_confident,192,192,200,0.96,80.5,0.4192708333333333,0.5807291666666667,6.891613140476855,3.148514670071194
arc1_normal_test,vote_entropy,lower_is_more_confident,193,193,200,0.965,80.5,0.4170984455958549,0.5829015544041452,6.901830232056878,3.167961900962312
arc1_normal_test,vote_entropy,lower_is_more_confident,194,194,200,0.97,80.5,0.41494845360824745,0.5850515463917525,6.904600050960214,3.187222922354054
arc1_normal_test,vote_entropy,lower_is_more_confident,195,195,200,0.975,80.5,0.4128205128205128,0.5871794871794872,6.9054622349935375,3.2062908162650254
arc1_normal_test,vote_entropy,lower_is_more_confident,196,196,200,0.98,80.5,0.4107142857142857,0.5892857142857143,6.9054622349935375,3.2251641398299675
arc1_normal_test,vote_entropy,lower_is_more_confident,197,197,200,0.985,80.5,0.4086294416243655,0.5913705583756346,6.908754779315219,3.2438625694720247
arc1_normal_test,vote_entropy,lower_is_more_confident,198,198,200,0.99,80.5,0.4065656565656566,0.5934343434343434,6.908754779315219,3.2623721260873944
arc1_normal_test,vote_entropy,lower_is_more_confident,199,199,200,0.995,80.5,0.4045226130653266,0.5954773869346734,6.908754779315219,3.2806956570081374
arc1_normal_test,vote_entropy,lower_is_more_confident,200,200,200,1.0,80.5,0.4025,0.5974999999999999,6.908754779315219,3.298835952619673
arc1_normal_test,winner_mean_q,higher_is_more_confident,1,1,200,0.005,1.0,1.0,0.0,0.9997967506448427,0.9997967506448427
arc1_normal_test,winner_mean_q,higher_is_more_confident,2,2,200,0.01,2.0,1.0,0.0,0.999692002138296,0.9997443763915694
arc1_normal_test,winner_mean_q,higher_is_more_confident,3,3,200,0.015,3.0,1.0,0.0,0.9995313147082925,0.9996733558304771
arc1_normal_test,winner_mean_q,higher_is_more_confident,4,4,200,0.02,4.0,1.0,0.0,0.9992764530716477,0.9995741301407698
arc1_normal_test,winner_mean_q,higher_is_more_confident,5,5,200,0.025,5.0,1.0,0.0,0.9989859828948975,0.9994565006915954
arc1_normal_test,winner_mean_q,higher_is_more_confident,6,6,200,0.03,6.0,1.0,0.0,0.9986832073423545,0.9993276184667219
arc1_normal_test,winner_mean_q,higher_is_more_confident,7,7,200,0.035,7.0,1.0,0.0,0.9985965554245966,0.9992231808892755
arc1_normal_test,winner_mean_q,higher_is_more_confident,8,8,200,0.04,8.0,1.0,0.0,0.9982782071763343,0.9991050591751578
arc1_normal_test,winner_mean_q,higher_is_more_confident,9,9,200,0.045,9.0,1.0,0.0,0.9981957020600325,0.9990040194956994
arc1_normal_test,winner_mean_q,higher_is_more_confident,10,10,200,0.05,10.0,1.0,0.0,0.9976795085493776,0.9988715684010673
arc1_normal_test,winner_mean_q,higher_is_more_confident,11,11,200,0.055,11.0,1.0,0.0,0.996410807967186,0.9986478629070781
arc1_normal_test,winner_mean_q,higher_is_more_confident,12,12,200,0.06,12.0,1.0,0.0,0.9963538082625701,0.9984566916867025
arc1_normal_test,winner_mean_q,higher_is_more_confident,13,13,200,0.065,13.0,1.0,0.0,0.9963409604130686,0.9982939431271921
arc1_normal_test,winner_mean_q,higher_is_more_confident,14,14,200,0.07,14.0,1.0,0.0,0.9963396859087356,0.9981543533258738
arc1_normal_test,winner_mean_q,higher_is_more_confident,15,15,200,0.075,15.0,1.0,0.0,0.996156553869788,0.998021166695468
arc1_normal_test,winner_mean_q,higher_is_more_confident,16,16,200,0.08,16.0,1.0,0.0,0.9960610169751442,0.9978986573379478
arc1_normal_test,winner_mean_q,higher_is_more_confident,17,17,200,0.085,17.0,1.0,0.0,0.9959309328082177,0.997782908836199
arc1_normal_test,winner_mean_q,higher_is_more_confident,18,18,200,0.09,18.0,1.0,0.0,0.9949230477482833,0.9976240276646481
arc1_normal_test,winner_mean_q,higher_is_more_confident,19,19,200,0.095,19.0,1.0,0.0,0.9945231511263188,0.997460823636315
arc1_normal_test,winner_mean_q,higher_is_more_confident,20,20,200,0.1,20.0,1.0,0.0,0.9938523103086018,0.9972803979699293
arc1_normal_test,winner_mean_q,higher_is_more_confident,21,21,200,0.105,21.0,1.0,0.0,0.9931812159291975,0.9970851988251326
arc1_normal_test,winner_mean_q,higher_is_more_confident,22,22,200,0.11,22.0,1.0,0.0,0.9929916286887835,0.9968991274552986
arc1_normal_test,winner_mean_q,higher_is_more_confident,23,23,200,0.115,23.0,1.0,0.0,0.9928643803149723,0.9967237036665888
arc1_normal_test,winner_mean_q,higher_is_more_confident,24,24,200,0.12,24.0,1.0,0.0,0.9926098374349751,0.9965522925736049
arc1_normal_test,winner_mean_q,higher_is_more_confident,25,25,200,0.125,25.0,1.0,0.0,0.9921999688331897,0.9963781996239883
arc1_normal_test,winner_mean_q,higher_is_more_confident,26,26,200,0.13,26.0,1.0,0.0,0.991862307675937,0.9962045114721403
arc1_normal_test,winner_mean_q,higher_is_more_confident,27,27,200,0.135,27.0,1.0,0.0,0.99166680223494,0.9960364481670587
arc1_normal_test,winner_mean_q,higher_is_more_confident,28,28,200,0.14,28.0,1.0,0.0,0.9916196025166556,0.9958787036795443
arc1_normal_test,winner_mean_q,higher_is_more_confident,29,29,200,0.145,28.0,0.9655172413793104,0.03448275862068961,0.991446633902875,0.9957258736872454
arc1_normal_test,winner_mean_q,higher_is_more_confident,30,30,200,0.15,29.0,0.9666666666666667,0.033333333333333326,0.9904504339548125,0.9955500256961644
arc1_normal_test,winner_mean_q,higher_is_more_confident,31,31,200,0.155,29.0,0.9354838709677419,0.06451612903225812,0.9899840319280608,0.9953704775100964
arc1_normal_test,winner_mean_q,higher_is_more_confident,32,32,200,0.16,29.0,0.90625,0.09375,0.9897326148246359,0.9951942943011758
arc1_normal_test,winner_mean_q,higher_is_more_confident,33,33,200,0.165,29.0,0.8787878787878788,0.12121212121212122,0.9883787415244363,0.9949877623988503
arc1_normal_test,winner_mean_q,higher_is_more_confident,34,34,200,0.17,29.0,0.8529411764705882,0.1470588235294118,0.9863630991715652,0.9947340958333418
arc1_normal_test,winner_mean_q,higher_is_more_confident,35,35,200,0.175,30.0,0.8571428571428571,0.1428571428571429,0.9861974147439913,0.9944901906593604
arc1_normal_test,winner_mean_q,higher_is_more_confident,36,36,200,0.18,31.0,0.8611111111111112,0.13888888888888884,0.9856241674460087,0.9942439122367672
arc1_normal_test,winner_mean_q,higher_is_more_confident,37,37,200,0.185,32.0,0.8648648648648649,0.1351351351351351,0.9848581394490158,0.9939902427019631
arc1_normal_test,winner_mean_q,higher_is_more_confident,38,38,200,0.19,33.0,0.868421052631579,0.13157894736842102,0.9842803665620838,0.9937347196456505
arc1_normal_test,winner_mean_q,higher_is_more_confident,39,39,200,0.195,34.0,0.8717948717948718,0.1282051282051282,0.9836808794048819,0.9934769288702461
arc1_normal_test,winner_mean_q,higher_is_more_confident,40,40,200,0.2,34.0,0.85,0.15000000000000002,0.9832133953373856,0.9932203405319247
arc1_normal_test,winner_mean_q,higher_is_more_confident,41,41,200,0.205,35.0,0.8536585365853658,0.14634146341463417,0.9819777602046189,0.9929461312556489
arc1_normal_test,winner_mean_q,higher_is_more_confident,42,42,200,0.21,36.0,0.8571428571428571,0.1428571428571429,0.9815153295847134,0.992673969311103
arc1_normal_test,winner_mean_q,higher_is_more_confident,43,43,200,0.215,37.0,0.8604651162790697,0.13953488372093026,0.9805209647363041,0.9923913412977355
arc1_normal_test,winner_mean_q,higher_is_more_confident,44,44,200,0.22,37.0,0.8409090909090909,0.15909090909090906,0.9778951316558081,0.9920618819876917
arc1_normal_test,winner_mean_q,higher_is_more_confident,45,45,200,0.225,37.0,0.8222222222222222,0.1777777777777778,0.9777086872082429,0.991742922103704
arc1_normal_test,winner_mean_q,higher_is_more_confident,46,46,200,0.23,37.0,0.8043478260869565,0.19565217391304346,0.9776789395205946,0.9914371833518972
arc1_normal_test,winner_mean_q,higher_is_more_confident,47,47,200,0.235,38.0,0.8085106382978723,0.19148936170212771,0.9772593031255236,0.9911355263258042
arc1_normal_test,winner_mean_q,higher_is_more_confident,48,48,200,0.24,38.0,0.7916666666666666,0.20833333333333337,0.9753017650460297,0.9908056562991421
arc1_normal_test,winner_mean_q,higher_is_more_confident,49,49,200,0.245,38.0,0.7755102040816326,0.22448979591836737,0.9744987977587658,0.9904728632677058
arc1_normal_test,winner_mean_q,higher_is_more_confident,50,50,200,0.25,39.0,0.78,0.21999999999999997,0.9735932735522416,0.9901352714733964
arc1_normal_test,winner_mean_q,higher_is_more_confident,51,51,200,0.255,40.0,0.7843137254901961,0.21568627450980393,0.9731185193692654,0.9898016096674331
arc1_normal_test,winner_mean_q,higher_is_more_confident,52,52,200,0.26,40.0,0.7692307692307693,0.23076923076923073,0.9719433855867965,0.989458182281267
arc1_normal_test,winner_mean_q,higher_is_more_confident,53,53,200,0.265,41.0,0.7735849056603774,0.2264150943396226,0.9704888942505143,0.9891002711863471
arc1_normal_test,winner_mean_q,higher_is_more_confident,54,54,200,0.27,41.0,0.7592592592592593,0.2407407407407407,0.9695020744461335,0.9887373416170839
arc1_normal_test,winner_mean_q,higher_is_more_confident,55,55,200,0.275,42.0,0.7636363636363637,0.23636363636363633,0.9669762650697395,0.9883416856798595
arc1_normal_test,winner_mean_q,higher_is_more_confident,56,56,200,0.28,43.0,0.7678571428571429,0.2321428571428571,0.9661165223796239,0.9879448077637838
arc1_normal_test,winner_mean_q,higher_is_more_confident,57,57,200,0.285,43.0,0.7543859649122807,0.24561403508771928,0.9654069519933484,0.9875494067853552
arc1_normal_test,winner_mean_q,higher_is_more_confident,58,58,200,0.29,44.0,0.7586206896551724,0.24137931034482762,0.9643234603012665,0.9871489594321813
arc1_normal_test,winner_mean_q,higher_is_more_confident,59,59,200,0.295,45.0,0.7627118644067796,0.23728813559322037,0.9639081792709859,0.9867550479040254
arc1_normal_test,winner_mean_q,higher_is_more_confident,60,60,200,0.3,46.0,0.7666666666666667,0.23333333333333328,0.9626177748361715,0.9863527600195611
arc1_normal_test,winner_mean_q,higher_is_more_confident,61,61,200,0.305,47.0,0.7704918032786885,0.2295081967213115,0.9615689183088173,0.9859464675324998
arc1_normal_test,winner_mean_q,higher_is_more_confident,62,62,200,0.31,48.0,0.7741935483870968,0.22580645161290325,0.9602614539333537,0.9855321931196104
arc1_normal_test,winner_mean_q,higher_is_more_confident,63,63,200,0.315,48.0,0.7619047619047619,0.23809523809523814,0.9594661256200389,0.9851184460164426
arc1_normal_test,winner_mean_q,higher_is_more_confident,64,64,200,0.32,48.0,0.75,0.25,0.959013331364962,0.9847105536000132
arc1_normal_test,winner_mean_q,higher_is_more_confident,65,65,200,0.325,48.0,0.7384615384615385,0.2615384615384615,0.9584534808209068,0.9843065986341808
arc1_normal_test,winner_mean_q,higher_is_more_confident,66,66,200,0.33,49.0,0.7424242424242424,0.25757575757575757,0.955104970950179,0.9838641497298778
arc1_normal_test,winner_mean_q,higher_is_more_confident,67,67,200,0.335,49.0,0.7313432835820896,0.26865671641791045,0.952033451087108,0.983389064675508
arc1_normal_test,winner_mean_q,higher_is_more_confident,68,68,200,0.34,50.0,0.7352941176470589,0.2647058823529411,0.9480666012530052,0.9828696166840006
arc1_normal_test,winner_mean_q,higher_is_more_confident,69,69,200,0.345,51.0,0.7391304347826086,0.26086956521739135,0.9470076424572367,0.982349877927091
arc1_normal_test,winner_mean_q,higher_is_more_confident,70,70,200,0.35,52.0,0.7428571428571429,0.2571428571428571,0.946834671963355,0.9818425178418948
arc1_normal_test,winner_mean_q,higher_is_more_confident,71,71,200,0.355,53.0,0.7464788732394366,0.2535211267605634,0.9411000813900328,0.98126868070877
arc1_normal_test,winner_mean_q,higher_is_more_confident,72,72,200,0.36,54.0,0.75,0.25,0.9399296102053094,0.9806945269517775
arc1_normal_test,winner_mean_q,higher_is_more_confident,73,73,200,0.365,54.0,0.7397260273972602,0.26027397260273977,0.9391743920332803,0.9801257579802913
arc1_normal_test,winner_mean_q,higher_is_more_confident,74,74,200,0.37,55.0,0.7432432432432432,0.2567567567567568,0.9371665185202103,0.9795452277173172
arc1_normal_test,winner_mean_q,higher_is_more_confident,75,75,200,0.375,56.0,0.7466666666666667,0.2533333333333333,0.9316677267183522,0.9789068610373309
arc1_normal_test,winner_mean_q,higher_is_more_confident,76,76,200,0.38,57.0,0.75,0.25,0.9301791247108182,0.9782657066119821
arc1_normal_test,winner_mean_q,higher_is_more_confident,77,77,200,0.385,57.0,0.7402597402597403,0.2597402597402597,0.9279449690402692,0.9776121905396222
arc1_normal_test,winner_mean_q,higher_is_more_confident,78,78,200,0.39,58.0,0.7435897435897436,0.2564102564102564,0.9255879573999567,0.9769452131916777
arc1_normal_test,winner_mean_q,higher_is_more_confident,79,79,200,0.395,59.0,0.7468354430379747,0.25316455696202533,0.9251595526329255,0.9762896985010606
arc1_normal_test,winner_mean_q,higher_is_more_confident,80,80,200,0.4,59.0,0.7375,0.26249999999999996,0.9219293910302694,0.9756101946576757
arc1_normal_test,winner_mean_q,higher_is_more_confident,81,81,200,0.405,59.0,0.7283950617283951,0.2716049382716049,0.9194674879312515,0.9749170748215471
arc1_normal_test,winner_mean_q,higher_is_more_confident,82,82,200,0.41,60.0,0.7317073170731707,0.2682926829268293,0.9164546770302372,0.9742041187509213
arc1_normal_test,winner_mean_q,higher_is_more_confident,83,83,200,0.415,61.0,0.7349397590361446,0.2650602409638554,0.9160591874750195,0.9735035774102477
arc1_normal_test,winner_mean_q,higher_is_more_confident,84,84,200,0.42,62.0,0.7380952380952381,0.26190476190476186,0.9099909047896074,0.9727474741647639
arc1_normal_test,winner_mean_q,higher_is_more_confident,85,85,200,0.425,63.0,0.7411764705882353,0.2588235294117647,0.9090287189569268,0.9719978417505541
arc1_normal_test,winner_mean_q,higher_is_more_confident,86,86,200,0.43,63.0,0.7325581395348837,0.2674418604651163,0.9067985744743842,0.9712397107357149
arc1_normal_test,winner_mean_q,higher_is_more_confident,87,87,200,0.435,64.0,0.735632183908046,0.26436781609195403,0.9040253048999486,0.9704671313582923
arc1_normal_test,winner_mean_q,higher_is_more_confident,88,88,200,0.44,64.0,0.7272727272727273,0.2727272727272727,0.9033911527458871,0.9697049043286058
arc1_normal_test,winner_mean_q,higher_is_more_confident,89,89,200,0.445,65.0,0.7303370786516854,0.2696629213483146,0.9020830663364559,0.9689451083961098
arc1_normal_test,winner_mean_q,higher_is_more_confident,90,90,200,0.45,65.0,0.7222222222222222,0.2777777777777778,0.9015748798847198,0.9681965503015388
arc1_normal_test,winner_mean_q,higher_is_more_confident,91,91,200,0.455,66.0,0.7252747252747253,0.27472527472527475,0.8997813526323174,0.9674447349425364
arc1_normal_test,winner_mean_q,higher_is_more_confident,92,92,200,0.46,66.0,0.717391304347826,0.28260869565217395,0.897334068440474,0.9666826624805573
arc1_normal_test,winner_mean_q,higher_is_more_confident,93,93,200,0.465,66.0,0.7096774193548387,0.29032258064516125,0.8945466851958862,0.9659070068108297
arc1_normal_test,winner_mean_q,higher_is_more_confident,94,94,200,0.47,67.0,0.7127659574468085,0.2872340425531915,0.8934160148358101,0.965135826045138
arc1_normal_test,winner_mean_q,higher_is_more_confident,95,95,200,0.475,67.0,0.7052631578947368,0.2947368421052632,0.8925489390098591,0.9643717535500298
arc1_normal_test,winner_mean_q,higher_is_more_confident,96,96,200,0.48,67.0,0.6979166666666666,0.30208333333333337,0.8924790080104555,0.9636228707839926
arc1_normal_test,winner_mean_q,higher_is_more_confident,97,97,200,0.485,67.0,0.6907216494845361,0.30927835051546393,0.8867387407750049,0.9628302508869927
arc1_normal_test,winner_mean_q,higher_is_more_confident,98,98,200,0.49,68.0,0.6938775510204082,0.30612244897959184,0.8865204527528875,0.962051579477461
arc1_normal_test,winner_mean_q,higher_is_more_confident,99,99,200,0.495,69.0,0.696969696969697,0.303030303030303,0.8835188711833473,0.9612583197977225
arc1_normal_test,winner_mean_q,higher_is_more_confident,100,100,200,0.5,69.0,0.69,0.31000000000000005,0.881896332603449,0.9604646999257797
arc1_normal_test,winner_mean_q,higher_is_more_confident,101,101,200,0.505,69.0,0.6831683168316832,0.3168316831683168,0.877648588567058,0.9596447384271785
arc1_normal_test,winner_mean_q,higher_is_more_confident,102,102,200,0.51,69.0,0.6764705882352942,0.32352941176470584,0.8740629472649923,0.9588057012589217
arc1_normal_test,winner_mean_q,higher_is_more_confident,103,103,200,0.515,70.0,0.6796116504854369,0.3203883495145631,0.8684397664285548,0.9579283620858113
arc1_normal_test,winner_mean_q,higher_is_more_confident,104,104,200,0.52,70.0,0.6730769230769231,0.32692307692307687,0.8682482689619064,0.9570660534980815
arc1_normal_test,winner_mean_q,higher_is_more_confident,105,105,200,0.525,70.0,0.6666666666666666,0.33333333333333337,0.8665442181506542,0.9562039407804869
arc1_normal_test,winner_mean_q,higher_is_more_confident,106,106,200,0.53,71.0,0.6698113207547169,0.33018867924528306,0.8570871651172638,0.9552688768591358
arc1_normal_test,winner_mean_q,higher_is_more_confident,107,107,200,0.535,71.0,0.6635514018691588,0.33644859813084116,0.8554490567528762,0.9543359813441239
arc1_normal_test,winner_mean_q,higher_is_more_confident,108,108,200,0.54,72.0,0.6666666666666666,0.33333333333333337,0.8499422641558068,0.9533693728516395
arc1_normal_test,winner_mean_q,higher_is_more_confident,109,109,200,0.545,73.0,0.6697247706422018,0.3302752293577982,0.8479434569100184,0.9524021626136429
arc1_normal_test,winner_mean_q,higher_is_more_confident,110,110,200,0.55,73.0,0.6636363636363637,0.3363636363636363,0.8413336524178111,0.95139244888459
arc1_normal_test,winner_mean_q,higher_is_more_confident,111,111,200,0.555,73.0,0.6576576576576577,0.3423423423423423,0.8324107217923397,0.9503205414333085
arc1_normal_test,winner_mean_q,higher_is_more_confident,112,112,200,0.56,73.0,0.6517857142857143,0.3482142857142857,0.8248781088520499,0.9492005197138329
arc1_normal_test,winner_mean_q,higher_is_more_confident,113,113,200,0.565,73.0,0.6460176991150443,0.35398230088495575,0.8204108128945032,0.9480607877950777
arc1_normal_test,winner_mean_q,higher_is_more_confident,114,114,200,0.57,74.0,0.6491228070175439,0.3508771929824561,0.8188622639738685,0.9469274674106812
arc1_normal_test,winner_mean_q,higher_is_more_confident,115,115,200,0.575,75.0,0.6521739130434783,0.34782608695652173,0.8149843448749329,0.9457801359103704
arc1_normal_test,winner_mean_q,higher_is_more_confident,116,116,200,0.58,75.0,0.646551724137931,0.35344827586206895,0.8083220364792006,0.9445951522945844
arc1_normal_test,winner_mean_q,higher_is_more_confident,117,117,200,0.585,75.0,0.6410256410256411,0.3589743589743589,0.8028853407287793,0.9433839573239364
arc1_normal_test,winner_mean_q,higher_is_more_confident,118,118,200,0.59,75.0,0.635593220338983,0.364406779661017,0.7936418801546097,0.9421149566699591
arc1_normal_test,winner_mean_q,higher_is_more_confident,119,119,200,0.595,76.0,0.6386554621848739,0.3613445378151261,0.7934122458100319,0.9408653540576908
arc1_normal_test,winner_mean_q,higher_is_more_confident,120,120,200,0.6,76.0,0.6333333333333333,0.3666666666666667,0.7929936966636164,0.9396330902460736
arc1_normal_test,winner_mean_q,higher_is_more_confident,121,121,200,0.605,76.0,0.628099173553719,0.371900826446281,0.7846509887199653,0.9383522464318081
arc1_normal_test,winner_mean_q,higher_is_more_confident,122,122,200,0.61,76.0,0.6229508196721312,0.3770491803278688,0.775783778478702,0.937019718005963
arc1_normal_test,winner_mean_q,higher_is_more_confident,123,123,200,0.615,76.0,0.6178861788617886,0.38211382113821135,0.7698045121133328,0.9356602447873237
arc1_normal_test,winner_mean_q,higher_is_more_confident,124,124,200,0.62,76.0,0.6129032258064516,0.3870967741935484,0.7556444371740023,0.9342085044033452
arc1_normal_test,winner_mean_q,higher_is_more_confident,125,125,200,0.625,77.0,0.616,0.384,0.7516885545821144,0.9327483448047754
arc1_normal_test,winner_mean_q,higher_is_more_confident,126,126,200,0.63,77.0,0.6111111111111112,0.38888888888888884,0.7450813078443418,0.9312589238765181
arc1_normal_test,winner_mean_q,higher_is_more_confident,127,127,200,0.635,78.0,0.6141732283464567,0.3858267716535433,0.741737428418799,0.9297666286366936
arc1_normal_test,winner_mean_q,higher_is_more_confident,128,128,200,0.64,78.0,0.609375,0.390625,0.7382177928168523,0.928270153356851
arc1_normal_test,winner_mean_q,higher_is_more_confident,129,129,200,0.645,78.0,0.6046511627906976,0.39534883720930236,0.7373284101486206,0.9267899848048492
arc1_normal_test,winner_mean_q,higher_is_more_confident,130,130,200,0.65,78.0,0.6,0.4,0.7042916811099558,0.9250784593918115
arc1_normal_test,winner_mean_q,higher_is_more_confident,131,131,200,0.655,79.0,0.6030534351145038,0.3969465648854962,0.7026881157794845,0.9233808231810304
arc1_normal_test,winner_mean_q,higher_is_more_confident,132,132,200,0.66,79.0,0.5984848484848485,0.4015151515151515,0.7025274935840946,0.9217076918962052
arc1_normal_test,winner_mean_q,higher_is_more_confident,133,133,200,0.665,79.0,0.5939849624060151,0.40601503759398494,0.7022140925354057,0.9200573640814623
arc1_normal_test,winner_mean_q,higher_is_more_confident,134,134,200,0.67,79.0,0.5895522388059702,0.4104477611940298,0.7009230203650616,0.9184220331582056
arc1_normal_test,winner_mean_q,higher_is_more_confident,135,135,200,0.675,79.0,0.5851851851851851,0.41481481481481486,0.697012162170349,0.9167819600397771
arc1_normal_test,winner_mean_q,higher_is_more_confident,136,136,200,0.68,79.0,0.5808823529411765,0.4191176470588235,0.6750791930365112,0.9150047338118119
arc1_normal_test,winner_mean_q,higher_is_more_confident,137,137,200,0.685,79.0,0.5766423357664233,0.4233576642335767,0.6695060846659372,0.9132127728691413
arc1_normal_test,winner_mean_q,higher_is_more_confident,138,138,200,0.69,79.0,0.572463768115942,0.427536231884058,0.6613811378882937,0.9113879059489902
arc1_normal_test,winner_mean_q,higher_is_more_confident,139,139,200,0.695,79.0,0.5683453237410072,0.4316546762589928,0.6525232817272882,0.9095255705229348
arc1_normal_test,winner_mean_q,higher_is_more_confident,140,140,200,0.7,79.0,0.5642857142857143,0.4357142857142857,0.6513361872159358,0.9076813606421705
arc1_normal_test,winner_mean_q,higher_is_more_confident,141,141,200,0.705,79.0,0.5602836879432624,0.43971631205673756,0.6485979975629095,0.9058438899820339
arc1_normal_test,winner_mean_q,higher_is_more_confident,142,142,200,0.71,79.0,0.5563380281690141,0.4436619718309859,0.6436141257484754,0.903997201501516
arc1_normal_test,winner_mean_q,higher_is_more_confident,143,143,200,0.715,79.0,0.5524475524475524,0.4475524475524476,0.6404871551109658,0.9021544739043793
arc1_normal_test,winner_mean_q,higher_is_more_confident,144,144,200,0.72,79.0,0.5486111111111112,0.45138888888888884,0.6319944786447048,0.9002783628261872
arc1_normal_test,winner_mean_q,higher_is_more_confident,145,145,200,0.725,79.0,0.5448275862068965,0.45517241379310347,0.6311298548017891,0.8984221662191224
arc1_normal_test,winner_mean_q,higher_is_more_confident,146,146,200,0.73,79.0,0.541095890410959,0.45890410958904104,0.6213024092981448,0.8965240856922665
arc1_normal_test,winner_mean_q,higher_is_more_confident,147,147,200,0.735,79.0,0.5374149659863946,0.4625850340136054,0.61980239585042,0.894641625217152
arc1_normal_test,winner_mean_q,higher_is_more_confident,148,148,200,0.74,79.0,0.5337837837837838,0.46621621621621623,0.6134884059429169,0.8927419413031369
arc1_normal_test,winner_mean_q,higher_is_more_confident,149,149,200,0.745,79.0,0.5302013422818792,0.4697986577181208,0.6088482362307831,0.8908366144234566
arc1_normal_test,winner_mean_q,higher_is_more_confident,150,150,200,0.75,79.0,0.5266666666666666,0.4733333333333334,0.6058078402296659,0.888936422595498
arc1_normal_test,winner_mean_q,higher_is_more_confident,151,151,200,0.755,79.0,0.5231788079470199,0.4768211920529801,0.584681232770284,0.8869214875635429
arc1_normal_test,winner_mean_q,higher_is_more_confident,152,152,200,0.76,79.0,0.5197368421052632,0.48026315789473684,0.5842829635739326,0.8849304446425588
arc1_normal_test,winner_mean_q,higher_is_more_confident,153,153,200,0.765,80.0,0.5228758169934641,0.4771241830065359,0.5694553707073503,0.8828685160547469
arc1_normal_test,winner_mean_q,higher_is_more_confident,154,154,200,0.77,80.0,0.5194805194805194,0.48051948051948057,0.5674284362406642,0.8808202038481621
arc1_normal_test,winner_mean_q,higher_is_more_confident,155,155,200,0.775,80.0,0.5161290322580645,0.4838709677419355,0.5584444112894011,0.8787403600252023
arc1_normal_test,winner_mean_q,higher_is_more_confident,156,156,200,0.78,80.0,0.5128205128205128,0.4871794871794872,0.5532496258102614,0.8766538809597219
arc1_normal_test,winner_mean_q,higher_is_more_confident,157,157,200,0.785,80.0,0.5095541401273885,0.49044585987261147,0.552441896982491,0.8745888364757903
arc1_normal_test,winner_mean_q,higher_is_more_confident,158,158,200,0.79,80.0,0.5063291139240507,0.49367088607594933,0.5506731419424925,0.8725387371433012
arc1_normal_test,winner_mean_q,higher_is_more_confident,159,159,200,0.795,80.5,0.5062893081761006,0.4937106918238994,0.5487269464259347,0.8705021850004248
arc1_normal_test,winner_mean_q,higher_is_more_confident,160,160,200,0.8,80.5,0.503125,0.49687499999999996,0.532931306399405,0.8683923670091683
arc1_normal_test,winner_mean_q,higher_is_more_confident,161,161,200,0.805,80.5,0.5,0.5,0.5321724035910198,0.8663040442550185
arc1_normal_test,winner_mean_q,higher_is_more_confident,162,162,200,0.81,80.5,0.49691358024691357,0.5030864197530864,0.5188349355012178,0.8641591732133284
arc1_normal_test,winner_mean_q,higher_is_more_confident,163,163,200,0.815,80.5,0.4938650306748466,0.5061349693251533,0.5147740206653212,0.8620157060197823
arc1_normal_test,winner_mean_q,higher_is_more_confident,164,164,200,0.82,80.5,0.49085365853658536,0.5091463414634146,0.47777374918971743,0.8596727672586233
arc1_normal_test,winner_mean_q,higher_is_more_confident,165,165,200,0.825,80.5,0.48787878787878786,0.5121212121212122,0.473494374503692,0.8573322921510177
arc1_normal_test,winner_mean_q,higher_is_more_confident,166,166,200,0.83,80.5,0.48493975903614456,0.5150602409638554,0.43676824653866114,0.8547987738039553
arc1_normal_test,winner_mean_q,higher_is_more_confident,167,167,200,0.835,80.5,0.4820359281437126,0.5179640718562875,0.43127073313702236,0.8522626777520574
arc1_normal_test,winner_mean_q,higher_is_more_confident,168,168,200,0.84,80.5,0.4791666666666667,0.5208333333333333,0.4151599942575966,0.8496608760645905
arc1_normal_test,winner_mean_q,higher_is_more_confident,169,169,200,0.845,80.5,0.47633136094674555,0.5236686390532544,0.39645736758636,0.8469791984996305
arc1_normal_test,winner_mean_q,higher_is_more_confident,170,170,200,0.85,80.5,0.47352941176470587,0.5264705882352941,0.3932485497840073,0.8443101946836562
arc1_normal_test,winner_mean_q,higher_is_more_confident,171,171,200,0.855,80.5,0.47076023391812866,0.5292397660818713,0.39090814494804754,0.8416587207085942
arc1_normal_test,winner_mean_q,higher_is_more_confident,172,172,200,0.86,80.5,0.4680232558139535,0.5319767441860466,0.364078787988738,0.8388820931927811
arc1_normal_test,winner_mean_q,higher_is_more_confident,173,173,200,0.865,80.5,0.4653179190751445,0.5346820809248555,0.3592810233434041,0.8361098326734206
arc1_normal_test,winner_mean_q,higher_is_more_confident,174,174,200,0.87,80.5,0.46264367816091956,0.5373563218390804,0.31990102695731015,0.8331431153991901
arc1_normal_test,winner_mean_q,higher_is_more_confident,175,175,200,0.875,80.5,0.46,0.54,0.3132158120473226,0.8301721022371794
arc1_normal_test,winner_mean_q,higher_is_more_confident,176,176,200,0.88,80.5,0.45738636363636365,0.5426136363636364,0.295128483325243,0.8271320816751797
arc1_normal_test,winner_mean_q,higher_is_more_confident,177,177,200,0.885,80.5,0.4548022598870056,0.5451977401129944,0.28591972416074113,0.82407438474007
arc1_normal_test,winner_mean_q,higher_is_more_confident,178,178,200,0.89,80.5,0.45224719101123595,0.547752808988764,0.28435190086220874,0.8210422359542393
arc1_normal_test,winner_mean_q,higher_is_more_confident,179,179,200,0.895,80.5,0.44972067039106145,0.5502793296089385,0.282736074924469,0.8180349389652462
arc1_normal_test,winner_mean_q,higher_is_more_confident,180,180,200,0.9,80.5,0.44722222222222224,0.5527777777777778,0.278014600276947,0.8150348259725334
arc1_normal_test,winner_mean_q,higher_is_more_confident,181,181,200,0.905,80.5,0.4447513812154696,0.5552486187845305,0.24492017924785614,0.8118850212944965
arc1_normal_test,winner_mean_q,higher_is_more_confident,182,182,200,0.91,80.5,0.4423076923076923,0.5576923076923077,0.2275035994296724,0.8086741343611733
arc1_normal_test,winner_mean_q,higher_is_more_confident,183,183,200,0.915,80.5,0.43989071038251365,0.5601092896174864,0.2232350061901591,0.805475013442206
arc1_normal_test,winner_mean_q,higher_is_more_confident,184,184,200,0.92,80.5,0.4375,0.5625,0.209220003385685,0.8022344970832032
arc1_normal_test,winner_mean_q,higher_is_more_confident,185,185,200,0.925,80.5,0.43513513513513513,0.5648648648648649,0.15210837870836258,0.7987203018487445
arc1_normal_test,winner_mean_q,higher_is_more_confident,186,186,200,0.93,80.5,0.4327956989247312,0.5672043010752688,0.13932769041922358,0.7951751802819192
arc1_normal_test,winner_mean_q,higher_is_more_confident,187,187,200,0.935,80.5,0.4304812834224599,0.5695187165775402,0.13139074616548088,0.7916255309016175
arc1_normal_test,winner_mean_q,higher_is_more_confident,188,188,200,0.94,80.5,0.42819148936170215,0.5718085106382979,0.1306037869459639,0.7881094577954704
arc1_normal_test,winner_mean_q,higher_is_more_confident,189,189,200,0.945,80.5,0.42592592592592593,0.5740740740740741,0.10745488732451729,0.7845081108617615
arc1_normal_test,winner_mean_q,higher_is_more_confident,190,190,200,0.95,80.5,0.4236842105263158,0.5763157894736842,0.09694188833236694,0.7808893412695016
arc1_normal_test,winner_mean_q,higher_is_more_confident,191,191,200,0.955,80.5,0.4214659685863874,0.5785340314136126,0.09016362284975392,0.7772729762515972
arc1_normal_test,winner_mean_q,higher_is_more_confident,192,192,200,0.96,80.5,0.4192708333333333,0.5807291666666667,0.0805572122335434,0.7736442483140031
arc1_normal_test,winner_mean_q,higher_is_more_confident,193,193,200,0.965,80.5,0.4170984455958549,0.5829015544041452,0.07814257095257442,0.770040612680006
arc1_normal_test,winner_mean_q,higher_is_more_confident,194,194,200,0.97,80.5,0.41494845360824745,0.5850515463917525,0.04982389882206917,0.7663281553920785
arc1_normal_test,winner_mean_q,higher_is_more_confident,195,195,200,0.975,80.5,0.4128205128205128,0.5871794871794872,0.024117013439536095,0.7625219444077065
arc1_normal_test,winner_mean_q,higher_is_more_confident,196,196,200,0.98,80.5,0.4107142857142857,0.5892857142857143,0.020507121924310923,0.758736154497077
arc1_normal_test,winner_mean_q,higher_is_more_confident,197,197,200,0.985,80.5,0.4086294416243655,0.5913705583756346,0.009453283917323193,0.7549326881489563
arc1_normal_test,winner_mean_q,higher_is_more_confident,198,198,200,0.99,80.5,0.4065656565656566,0.5934343434343434,0.0051410868582024705,0.7511458618798111
arc1_normal_test,winner_mean_q,higher_is_more_confident,199,199,200,0.995,80.5,0.4045226130653266,0.5954773869346734,0.0007778396684443578,0.7473751683008595
arc1_normal_test,winner_mean_q,higher_is_more_confident,200,200,200,1.0,80.5,0.4025,0.5974999999999999,0.000490088714286685,0.7436407429029266
arc1_normal_test,structural_defect_reversed_sanity,higher_is_more_confident,1,1,200,0.005,0.0,0.0,1.0,0.9611447028188597,0.9611447028188597
arc1_normal_test,structural_defect_reversed_sanity,higher_is_more_confident,2,2,200,0.01,0.0,0.0,1.0,0.9563323924303908,0.9587385476246253
arc1_normal_test,structural_defect_reversed_sanity,higher_is_more_confident,3,3,200,0.015,0.0,0.0,1.0,0.9182841300682424,0.9452537417724977
arc1_normal_test,structural_defect_reversed_sanity,higher_is_more_confident,4,4,200,0.02,0.0,0.0,1.0,0.9153088173890447,0.9377675106766343
arc1_normal_test,structural_defect_reversed_sanity,higher_is_more_confident,5,5,200,0.025,0.0,0.0,1.0,0.9022045089834807,0.9306549103380035
arc1_normal_test,structural_defect_reversed_sanity,higher_is_more_confident,6,6,200,0.03,0.0,0.0,1.0,0.8315865233242824,0.9141435125023833
arc1_normal_test,structural_defect_reversed_sanity,higher_is_more_confident,7,7,200,0.035,1.0,0.14285714285714285,0.8571428571428572,0.8204198824225204,0.9007544224909744
arc1_normal_test,structural_defect_reversed_sanity,higher_is_more_confident,8,8,200,0.04,1.0,0.125,0.875,0.8014143698459383,0.8883369159103448
arc1_normal_test,structural_defect_reversed_sanity,higher_is_more_confident,9,9,200,0.045,1.0,0.1111111111111111,0.8888888888888888,0.8011826321728884,0.8786531066061829
arc1_normal_test,structural_defect_reversed_sanity,higher_is_more_confident,10,10,200,0.05,1.0,0.1,0.9,0.7801888761114815,0.8688066835567128
arc1_normal_test,structural_defect_reversed_sanity,higher_is_more_confident,11,11,200,0.055,1.0,0.09090909090909091,0.9090909090909091,0.7616248161479978,0.8590628774286478
arc1_normal_test,structural_defect_reversed_sanity,higher_is_more_confident,12,12,200,0.06,1.0,0.08333333333333333,0.9166666666666666,0.742565650496483,0.8493547751843007
arc1_normal_test,structural_defect_reversed_sanity,higher_is_more_confident,13,13,200,0.065,1.0,0.07692307692307693,0.9230769230769231,0.7369660843366169,0.8407094912729404
arc1_normal_test,structural_defect_reversed_sanity,higher_is_more_confident,14,14,200,0.07,1.0,0.07142857142857142,0.9285714285714286,0.7361111111111112,0.8332381784042383
arc1_normal_test,structural_defect_reversed_sanity,higher_is_more_confident,15,15,200,0.075,1.0,0.06666666666666667,0.9333333333333333,0.7305871995779833,0.8263947798158213
arc1_normal_test,structural_defect_reversed_sanity,higher_is_more_confident,16,16,200,0.08,1.0,0.0625,0.9375,0.7134768477264168,0.8193374090602336
arc1_normal_test,structural_defect_reversed_sanity,higher_is_more_confident,17,17,200,0.085,1.0,0.058823529411764705,0.9411764705882353,0.7006357389527431,0.8123549578774399
arc1_normal_test,structural_defect_reversed_sanity,higher_is_more_confident,18,18,200,0.09,1.0,0.05555555555555555,0.9444444444444444,0.6897662776783655,0.8055444756441581
arc1_normal_test,structural_defect_reversed_sanity,higher_is_more_confident,19,19,200,0.095,1.0,0.05263157894736842,0.9473684210526316,0.6759548591382085,0.798723969512266
arc1_normal_test,structural_defect_reversed_sanity,higher_is_more_confident,20,20,200,0.1,1.0,0.05,0.95,0.6631315453610619,0.7919443483047057
arc1_normal_test,structural_defect_reversed_sanity,higher_is_more_confident,21,21,200,0.105,1.0,0.047619047619047616,0.9523809523809523,0.6312664211875738,0.7842930184419853
arc1_normal_test,structural_defect_reversed_sanity,higher_is_more_confident,22,22,200,0.11,1.0,0.045454545454545456,0.9545454545454546,0.6176668708030866,0.7767191026402173
arc1_normal_test,structural_defect_reversed_sanity,higher_is_more_confident,23,23,200,0.115,1.0,0.043478260869565216,0.9565217391304348,0.5761264985530418,0.7679976850712096
arc1_normal_test,structural_defect_reversed_sanity,higher_is_more_confident,24,24,200,0.12,2.0,0.08333333333333333,0.9166666666666666,0.557586268584795,0.759230542717609
arc1_normal_test,structural_defect_reversed_sanity,higher_is_more_confident,25,25,200,0.125,2.0,0.08,0.92,0.5267893784565371,0.7499328961471662
arc1_normal_test,structural_defect_reversed_sanity,higher_is_more_confident,26,26,200,0.13,2.0,0.07692307692307693,0.9230769230769231,0.519364446173558,0.7410648788404889
arc1_normal_test,structural_defect_reversed_sanity,higher_is_more_confident,27,27,200,0.135,2.0,0.07407407407407407,0.9259259259259259,0.47548189287842857,0.7312284719530052
arc1_normal_test,structural_defect_reversed_sanity,higher_is_more_confident,28,28,200,0.14,2.0,0.07142857142857142,0.9285714285714286,0.4484465436673374,0.7211291173713742
arc1_normal_test,structural_defect_reversed_sanity,higher_is_more_confident,29,29,200,0.145,3.0,0.10344827586206896,0.896551724137931,0.44341122862548177,0.711552638449102
arc1_normal_test,structural_defect_reversed_sanity,higher_is_more_confident,30,30,200,0.15,3.0,0.1,0.9,0.4266645775128758,0.7020563697512279
arc1_normal_test,structural_defect_reversed_sanity,higher_is_more_confident,31,31,200,0.155,4.0,0.12903225806451613,0.8709677419354839,0.39540878701717863,0.6921645122436779
arc1_normal_test,structural_defect_reversed_sanity,higher_is_more_confident,32,32,200,0.16,4.0,0.125,0.875,0.3730966802301995,0.6821936424932566
arc1_normal_test,structural_defect_reversed_sanity,higher_is_more_confident,33,33,200,0.165,5.0,0.15151515151515152,0.8484848484848485,0.3650834679805709,0.6725842432655995
arc1_normal_test,structural_defect_reversed_sanity,higher_is_more_confident,34,34,200,0.17,5.0,0.14705882352941177,0.8529411764705882,0.3312883944915349,0.6625461300663623
arc1_normal_test,structural_defect_reversed_sanity,higher_is_more_confident,35,35,200,0.175,5.0,0.14285714285714285,0.8571428571428572,0.32768779659176395,0.6529787491099452
arc1_normal_test,structural_defect_reversed_sanity,higher_is_more_confident,36,36,200,0.18,5.0,0.1388888888888889,0.8611111111111112,0.31303416463111566,0.6435358439855333
arc1_normal_test,structural_defect_reversed_sanity,higher_is_more_confident,37,37,200,0.185,5.0,0.13513513513513514,0.8648648648648649,0.30920596306497516,0.6344999012579506
arc1_normal_test,structural_defect_reversed_sanity,higher_is_more_confident,38,38,200,0.19,5.0,0.13157894736842105,0.868421052631579,0.30233614919780016,0.6257587498879467
arc1_normal_test,structural_defect_reversed_sanity,higher_is_more_confident,39,39,200,0.195,5.0,0.1282051282051282,0.8717948717948718,0.2916132048263922,0.6171909153991888
arc1_normal_test,structural_defect_reversed_sanity,higher_is_more_confident,40,40,200,0.2,5.0,0.125,0.875,0.2594503837005268,0.6082474021067223
arc1_normal_test,structural_defect_reversed_sanity,higher_is_more_confident,41,41,200,0.205,5.0,0.12195121951219512,0.8780487804878049,0.24796862857715218,0.5994601149474644
arc1_normal_test,structural_defect_reversed_sanity,higher_is_more_confident,42,42,200,0.21,5.0,0.11904761904761904,0.8809523809523809,0.24262928463539934,0.5909641427971772
arc1_normal_test,structural_defect_reversed_sanity,higher_is_more_confident,43,43,200,0.215,5.0,0.11627906976744186,0.8837209302325582,0.23671308061953078,0.5827257460023482
arc1_normal_test,structural_defect_reversed_sanity,higher_is_more_confident,44,44,200,0.22,5.0,0.11363636363636363,0.8863636363636364,0.23435637295817247,0.5748082602513441
arc1_normal_test,structural_defect_reversed_sanity,higher_is_more_confident,45,45,200,0.225,6.0,0.13333333333333333,0.8666666666666667,0.2307978493568681,0.5671635844536892
arc1_normal_test,structural_defect_reversed_sanity,higher_is_more_confident,46,46,200,0.23,6.0,0.13043478260869565,0.8695652173913043,0.23019115678890145,0.559838096895759
arc1_normal_test,structural_defect_reversed_sanity,higher_is_more_confident,47,47,200,0.235,7.0,0.14893617021276595,0.851063829787234,0.22848894480326576,0.5527881149363443
arc1_normal_test,structural_defect_reversed_sanity,higher_is_more_confident,48,48,200,0.24,7.0,0.14583333333333334,0.8541666666666666,0.22601595102286687,0.5459803615214801
arc1_normal_test,structural_defect_reversed_sanity,higher_is_more_confident,49,49,200,0.245,7.0,0.14285714285714285,0.8571428571428572,0.2178633259709677,0.539284095489837
arc1_normal_test,structural_defect_reversed_sanity,higher_is_more_confident,50,50,200,0.25,7.0,0.14,0.86,0.20817488079486746,0.5326619111959376
arc1_normal_test,structural_defect_reversed_sanity,higher_is_more_confident,51,51,200,0.255,7.5,0.14705882352941177,0.8529411764705882,0.20738582514331821,0.5262839487243177
arc1_normal_test,structural_defect_reversed_sanity,higher_is_more_confident,52,52,200,0.26,7.5,0.14423076923076922,0.8557692307692308,0.188055113199588,0.5197795480411498
arc1_normal_test,structural_defect_reversed_sanity,higher_is_more_confident,53,53,200,0.265,7.5,0.14150943396226415,0.8584905660377359,0.1830443900285088,0.5134260544937415
arc1_normal_test,structural_defect_reversed_sanity,higher_is_more_confident,54,54,200,0.27,8.5,0.1574074074074074,0.8425925925925926,0.1745099636755687,0.5071498305897012
arc1_normal_test,structural_defect_reversed_sanity,higher_is_more_confident,55,55,200,0.275,8.5,0.15454545454545454,0.8454545454545455,0.16149768889987715,0.5008652461953408
arc1_normal_test,structural_defect_reversed_sanity,higher_is_more_confident,56,56,200,0.28,8.5,0.15178571428571427,0.8482142857142857,0.15925407340260156,0.49476504668118476
arc1_normal_test,structural_defect_reversed_sanity,higher_is_more_confident,57,57,200,0.285,8.5,0.14912280701754385,0.8508771929824561,0.15261709542545876,0.4887624510451194
arc1_normal_test,structural_defect_reversed_sanity,higher_is_more_confident,58,58,200,0.29,8.5,0.14655172413793102,0.853448275862069,0.14738056632480245,0.482876556480976
arc1_normal_test,structural_defect_reversed_sanity,higher_is_more_confident,59,59,200,0.295,8.5,0.1440677966101695,0.8559322033898304,0.14467179475311576,0.4771442723838936
arc1_normal_test,structural_defect_reversed_sanity,higher_is_more_confident,60,60,200,0.3,8.5,0.14166666666666666,0.8583333333333334,0.14207300144461144,0.47155975120157223
arc1_normal_test,structural_defect_reversed_sanity,higher_is_more_confident,61,61,200,0.305,8.5,0.13934426229508196,0.860655737704918,0.141690671397948,0.46615206136872595
arc1_normal_test,structural_defect_reversed_sanity,higher_is_more_confident,62,62,200,0.31,8.5,0.13709677419354838,0.8629032258064516,0.1406785552571369,0.4609024886895068
arc1_normal_test,structural_defect_reversed_sanity,higher_is_more_confident,63,63,200,0.315,8.5,0.1349206349206349,0.8650793650793651,0.13985444687891246,0.45580648802584656
arc1_normal_test,structural_defect_reversed_sanity,higher_is_more_confident,64,64,200,0.32,9.5,0.1484375,0.8515625,0.1332742117111413,0.4507669212084293
arc1_normal_test,structural_defect_reversed_sanity,higher_is_more_confident,65,65,200,0.325,9.5,0.14615384615384616,0.8538461538461538,0.12657433268987495,0.44577934292352844
arc1_normal_test,structural_defect_reversed_sanity,higher_is_more_confident,66,66,200,0.33,9.5,0.14393939393939395,0.8560606060606061,0.12452329578345944,0.4409118270577698
arc1_normal_test,structural_defect_reversed_sanity,higher_is_more_confident,67,67,200,0.335,9.5,0.1417910447761194,0.8582089552238806,0.12347366225360745,0.4361739440009913
arc1_normal_test,structural_defect_reversed_sanity,higher_is_more_confident,68,68,200,0.34,9.5,0.13970588235294118,0.8602941176470589,0.1229762493828197,0.43156809555072406
arc1_normal_test,structural_defect_reversed_sanity,higher_is_more_confident,69,69,200,0.345,9.5,0.13768115942028986,0.8623188405797102,0.1193554880957044,0.4270432751528252
arc1_normal_test,structural_defect_reversed_sanity,higher_is_more_confident,70,70,200,0.35,9.5,0.1357142857142857,0.8642857142857143,0.11885493560376714,0.42264058458783865
arc1_normal_test,structural_defect_reversed_sanity,higher_is_more_confident,71,71,200,0.355,9.5,0.13380281690140844,0.8661971830985915,0.11820285151968424,0.41835272919251254
arc1_normal_test,structural_defect_reversed_sanity,higher_is_more_confident,72,72,200,0.36,9.5,0.13194444444444445,0.8680555555555556,0.11590202879552525,0.41415202502033216
arc1_normal_test,structural_defect_reversed_sanity,higher_is_more_confident,73,73,200,0.365,9.5,0.13013698630136986,0.8698630136986302,0.1145684748520086,0.410048140771451
arc1_normal_test,structural_defect_reversed_sanity,higher_is_more_confident,74,74,200,0.37,9.5,0.12837837837837837,0.8716216216216216,0.11408017486057898,0.40604857366454733
arc1_normal_test,structural_defect_reversed_sanity,higher_is_more_confident,75,75,200,0.375,10.5,0.14,0.86,0.11222003962329496,0.40213085987733066
arc1_normal_test,structural_defect_reversed_sanity,higher_is_more_confident,76,76,200,0.38,10.5,0.13815789473684212,0.8618421052631579,0.11139696234364116,0.3983054138571505
arc1_normal_test,structural_defect_reversed_sanity,higher_is_more_confident,77,77,200,0.385,11.5,0.14935064935064934,0.8506493506493507,0.11112015598590863,0.39457573518349803
arc1_normal_test,structural_defect_reversed_sanity,higher_is_more_confident,78,78,200,0.39,11.5,0.14743589743589744,0.8525641025641025,0.10977425535957774,0.39092443416011446
arc1_normal_test,structural_defect_reversed_sanity,higher_is_more_confident,79,79,200,0.395,11.5,0.14556962025316456,0.8544303797468354,0.10690211415014883,0.38732921491948197
arc1_normal_test,structural_defect_reversed_sanity,higher_is_more_confident,80,80,200,0.4,11.5,0.14375,0.85625,0.10571946745870942,0.3838090930762223
arc1_normal_test,structural_defect_reversed_sanity,higher_is_more_confident,81,81,200,0.405,12.5,0.15432098765432098,0.845679012345679,0.10443308717580724,0.38036000658362457
arc1_normal_test,structural_defect_reversed_sanity,higher_is_more_confident,82,82,200,0.41,13.5,0.16463414634146342,0.8353658536585366,0.10279984765116157,0.37697512659664334
arc1_normal_test,structural_defect_reversed_sanity,higher_is_more_confident,83,83,200,0.415,13.5,0.16265060240963855,0.8373493975903614,0.09963460240991973,0.3736336744980081
arc1_normal_test,structural_defect_reversed_sanity,higher_is_more_confident,84,84,200,0.42,13.5,0.16071428571428573,0.8392857142857143,0.09492331399586018,0.3703156940158397
arc1_normal_test,structural_defect_reversed_sanity,higher_is_more_confident,85,85,200,0.425,13.5,0.1588235294117647,0.8411764705882353,0.09474601313701836,0.36707369777020654
arc1_normal_test,structural_defect_reversed_sanity,higher_is_more_confident,86,86,200,0.43,13.5,0.1569767441860465,0.8430232558139534,0.09296956705746606,0.36388644043633744
arc1_normal_test,structural_defect_reversed_sanity,higher_is_more_confident,87,87,200,0.435,13.5,0.15517241379310345,0.8448275862068966,0.09289400887995825,0.36077158490120664
arc1_normal_test,structural_defect_reversed_sanity,higher_is_more_confident,88,88,200,0.44,13.5,0.1534090909090909,0.8465909090909091,0.09194593069705548,0.357716747921614
arc1_normal_test,structural_defect_reversed_sanity,higher_is_more_confident,89,89,200,0.445,13.5,0.15168539325842698,0.848314606741573,0.08697827820676995,0.3546747426439192
arc1_normal_test,structural_defect_reversed_sanity,higher_is_more_confident,90,90,200,0.45,14.5,0.16111111111111112,0.8388888888888889,0.08597278382512741,0.35168916532371036
arc1_normal_test,structural_defect_reversed_sanity,higher_is_more_confident,91,91,200,0.455,15.5,0.17032967032967034,0.8296703296703296,0.08528417891192042,0.34876163800050386
arc1_normal_test,structural_defect_reversed_sanity,higher_is_more_confident,92,92,200,0.46,16.5,0.1793478260869565,0.8206521739130435,0.0849768202108716,0.3458944117201818
arc1_normal_test,structural_defect_reversed_sanity,higher_is_more_confident,93,93,200,0.465,16.5,0.1774193548387097,0.8225806451612903,0.08316620457104706,0.3430693772347072
arc1_normal_test,structural_defect_reversed_sanity,higher_is_more_confident,94,94,200,0.47,16.5,0.17553191489361702,0.824468085106383,0.08312940932731261,0.34030405842718175
arc1_normal_test,structural_defect_reversed_sanity,higher_is_more_confident,95,95,200,0.475,16.5,0.1736842105263158,0.8263157894736842,0.08212661460569459,0.3375864011237976
arc1_normal_test,structural_defect_reversed_sanity,higher_is_more_confident,96,96,200,0.48,16.5,0.171875,0.828125,0.07835742872365958,0.3348860993279628
arc1_normal_test,structural_defect_reversed_sanity,higher_is_more_confident,97,97,200,0.485,16.5,0.17010309278350516,0.8298969072164948,0.07832999960466525,0.33224119108339273
arc1_normal_test,structural_defect_reversed_sanity,higher_is_more_confident,98,98,200,0.49,17.5,0.17857142857142858,0.8214285714285714,0.07705891436399936,0.3296372903005418
arc1_normal_test,structural_defect_reversed_sanity,higher_is_more_confident,99,99,200,0.495,17.5,0.17676767676767677,0.8232323232323232,0.06921430685947416,0.32700675511426835
arc1_normal_test,structural_defect_reversed_sanity,higher_is_more_confident,100,100,200,0.5,17.5,0.175,0.825,0.06869148987293938,0.3244236024618551
arc1_normal_test,structural_defect_reversed_sanity,higher_is_more_confident,101,101,200,0.505,17.5,0.17326732673267325,0.8267326732673268,0.06800825922329423,0.3218848366872159
arc1_normal_test,structural_defect_reversed_sanity,higher_is_more_confident,102,102,200,0.51,17.5,0.1715686274509804,0.8284313725490196,0.06672901528745934,0.31938330902643397
arc1_normal_test,structural_defect_reversed_sanity,higher_is_more_confident,103,103,200,0.515,17.5,0.16990291262135923,0.8300970873786407,0.065991696514475,0.3169231962835994
arc1_normal_test,structural_defect_reversed_sanity,higher_is_more_confident,104,104,200,0.52,18.5,0.1778846153846154,0.8221153846153846,0.06517746904227806,0.31450256429089435
arc1_normal_test,structural_defect_reversed_sanity,higher_is_more_confident,105,105,200,0.525,18.5,0.1761904761904762,0.8238095238095238,0.06495338759813635,0.31212590546524904
arc1_normal_test,structural_defect_reversed_sanity,higher_is_more_confident,106,106,200,0.53,19.5,0.18396226415094338,0.8160377358490566,0.0634224518035359,0.3097796464684404
arc1_normal_test,structural_defect_reversed_sanity,higher_is_more_confident,107,107,200,0.535,19.5,0.1822429906542056,0.8177570093457944,0.06221205958937215,0.30746593070321543
arc1_normal_test,structural_defect_reversed_sanity,higher_is_more_confident,108,108,200,0.54,19.5,0.18055555555555555,0.8194444444444444,0.06120137140121362,0.30518570330227096
arc1_normal_test,structural_defect_reversed_sanity,higher_is_more_confident,109,109,200,0.545,19.5,0.17889908256880735,0.8211009174311926,0.06064457500247811,0.3029422067123646
arc1_normal_test,structural_defect_reversed_sanity,higher_is_more_confident,110,110,200,0.55,19.5,0.17727272727272728,0.8227272727272728,0.059601318075855114,0.3007300168156691
arc1_normal_test,structural_defect_reversed_sanity,higher_is_more_confident,111,111,200,0.555,19.5,0.17567567567567569,0.8243243243243243,0.059578428976301945,0.29855747998828736
arc1_normal_test,structural_defect_reversed_sanity,higher_is_more_confident,112,112,200,0.56,19.5,0.17410714285714285,0.8258928571428572,0.05938764463145918,0.29642203502974424
arc1_normal_test,structural_defect_reversed_sanity,higher_is_more_confident,113,113,200,0.565,19.5,0.17256637168141592,0.8274336283185841,0.05582232717903546,0.2942928340753132
arc1_normal_test,structural_defect_reversed_sanity,higher_is_more_confident,114,114,200,0.57,20.5,0.17982456140350878,0.8201754385964912,0.04966743371293547,0.2921469972300292
arc1_normal_test,structural_defect_reversed_sanity,higher_is_more_confident,115,115,200,0.575,20.5,0.1782608695652174,0.8217391304347826,0.046781105981691606,0.2900133807843915
arc1_normal_test,structural_defect_reversed_sanity,higher_is_more_confident,116,116,200,0.58,21.5,0.1853448275862069,0.8146551724137931,0.044205466621372924,0.2878943470416068
arc1_normal_test,structural_defect_reversed_sanity,higher_is_more_confident,117,117,200,0.585,21.5,0.18376068376068377,0.8162393162393162,0.04375795597190868,0.28580771122049825
arc1_normal_test,structural_defect_reversed_sanity,higher_is_more_confident,118,118,200,0.59,21.5,0.18220338983050846,0.8177966101694916,0.043722931476005256,0.28375614529046017
arc1_normal_test,structural_defect_reversed_sanity,higher_is_more_confident,119,119,200,0.595,21.5,0.18067226890756302,0.819327731092437,0.04321024805154716,0.2817347511960155
arc1_normal_test,structural_defect_reversed_sanity,higher_is_more_confident,120,120,200,0.6,21.5,0.17916666666666667,0.8208333333333333,0.041790609680125934,0.2797352166833831
arc1_normal_test,structural_defect_reversed_sanity,higher_is_more_confident,121,121,200,0.605,22.5,0.1859504132231405,0.8140495867768596,0.04131829573032786,0.27776482890691157
arc1_normal_test,structural_defect_reversed_sanity,higher_is_more_confident,122,122,200,0.61,23.5,0.19262295081967212,0.8073770491803278,0.04049816645081139,0.27582002019825497
arc1_normal_test,structural_defect_reversed_sanity,higher_is_more_confident,123,123,200,0.615,23.5,0.1910569105691057,0.8089430894308943,0.0404175441686343,0.27390617892972147
arc1_normal_test,structural_defect_reversed_sanity,higher_is_more_confident,124,124,200,0.62,23.5,0.18951612903225806,0.810483870967742,0.03805503128582133,0.2720041535454965
arc1_normal_test,structural_defect_reversed_sanity,higher_is_more_confident,125,125,200,0.625,23.5,0.188,0.812,0.03787479447892517,0.2701311186729639
arc1_normal_test,structural_defect_reversed_sanity,higher_is_more_confident,126,126,200,0.63,23.5,0.1865079365079365,0.8134920634920635,0.0371235828981209,0.2682818525160207
arc1_normal_test,structural_defect_reversed_sanity,higher_is_more_confident,127,127,200,0.635,23.5,0.18503937007874016,0.8149606299212598,0.036978638123990104,0.2664605673633275
arc1_normal_test,structural_defect_reversed_sanity,higher_is_more_confident,128,128,200,0.64,24.5,0.19140625,0.80859375,0.03571784802515521,0.2646578898684981
arc1_normal_test,structural_defect_reversed_sanity,higher_is_more_confident,129,129,200,0.645,24.5,0.18992248062015504,0.810077519379845,0.03560873192338254,0.26288231500070647
arc1_normal_test,structural_defect_reversed_sanity,higher_is_more_confident,130,130,200,0.65,24.5,0.18846153846153846,0.8115384615384615,0.03551805784113815,0.2611333591764021
arc1_normal_test,structural_defect_reversed_sanity,higher_is_more_confident,131,131,200,0.655,25.5,0.1946564885496183,0.8053435114503817,0.03348233483673069,0.25939556509747336
arc1_normal_test,structural_defect_reversed_sanity,higher_is_more_confident,132,132,200,0.66,25.5,0.19318181818181818,0.8068181818181819,0.03288327596681184,0.25767956290708954
arc1_normal_test,structural_defect_reversed_sanity,higher_is_more_confident,133,133,200,0.665,25.5,0.19172932330827067,0.8082706766917294,0.03269010608490286,0.25598791285579486
arc1_normal_test,structural_defect_reversed_sanity,higher_is_more_confident,134,134,200,0.67,25.5,0.19029850746268656,0.8097014925373134,0.03261431145886051,0.25432094568119085
arc1_normal_test,structural_defect_reversed_sanity,higher_is_more_confident,135,135,200,0.675,25.5,0.18888888888888888,0.8111111111111111,0.03156517803099046,0.25267090295785605
arc1_normal_test,structural_defect_reversed_sanity,higher_is_more_confident,136,136,200,0.68,25.5,0.1875,0.8125,0.03136620764308584,0.2510436625511298
arc1_normal_test,structural_defect_reversed_sanity,higher_is_more_confident,137,137,200,0.685,25.5,0.18613138686131386,0.8138686131386861,0.030951958755789044,0.24943715376430248
arc1_normal_test,structural_defect_reversed_sanity,higher_is_more_confident,138,138,200,0.69,26.5,0.19202898550724637,0.8079710144927537,0.030449486273633752,0.24785028660857297
arc1_normal_test,structural_defect_reversed_sanity,higher_is_more_confident,139,139,200,0.695,27.5,0.19784172661870503,0.802158273381295,0.028933898461723895,0.24627534856435104
arc1_normal_test,structural_defect_reversed_sanity,higher_is_more_confident,140,140,200,0.7,28.5,0.20357142857142857,0.7964285714285715,0.028086596153127474,0.24471685747569946
arc1_normal_test,structural_defect_reversed_sanity,higher_is_more_confident,141,141,200,0.705,29.5,0.20921985815602837,0.7907801418439716,0.02776080501858691,0.2431781620682022
arc1_normal_test,structural_defect_reversed_sanity,higher_is_more_confident,142,142,200,0.71,29.5,0.20774647887323944,0.7922535211267605,0.027022333253552966,0.24165593792162018
arc1_normal_test,structural_defect_reversed_sanity,higher_is_more_confident,143,143,200,0.715,30.5,0.21328671328671328,0.7867132867132867,0.026595000854980788,0.24015201528479055
arc1_normal_test,structural_defect_reversed_sanity,higher_is_more_confident,144,144,200,0.72,31.5,0.21875,0.78125,0.02604380285594121,0.23866515269847907
arc1_normal_test,structural_defect_reversed_sanity,higher_is_more_confident,145,145,200,0.725,32.5,0.22413793103448276,0.7758620689655172,0.024717613012331552,0.23718965242478152
arc1_normal_test,structural_defect_reversed_sanity,higher_is_more_confident,146,146,200,0.73,32.5,0.2226027397260274,0.7773972602739726,0.024277792108882035,0.23573135201165893
arc1_normal_test,structural_defect_reversed_sanity,higher_is_more_confident,147,147,200,0.735,33.5,0.22789115646258504,0.7721088435374149,0.021494319348585145,0.23427395723163802
arc1_normal_test,structural_defect_reversed_sanity,higher_is_more_confident,148,148,200,0.74,34.5,0.23310810810810811,0.7668918918918919,0.020763818786109,0.23283132116106012
arc1_normal_test,structural_defect_reversed_sanity,higher_is_more_confident,149,149,200,0.745,35.5,0.23825503355704697,0.761744966442953,0.020749296328655853,0.23140795186688287
arc1_normal_test,structural_defect_reversed_sanity,higher_is_more_confident,150,150,200,0.75,36.5,0.24333333333333335,0.7566666666666666,0.01988620784984585,0.2299978069067693
arc1_normal_test,structural_defect_reversed_sanity,higher_is_more_confident,151,151,200,0.755,37.5,0.24834437086092714,0.7516556291390728,0.019280723877600936,0.2286023295357152
arc1_normal_test,structural_defect_reversed_sanity,higher_is_more_confident,152,152,200,0.76,38.5,0.2532894736842105,0.7467105263157895,0.019146914339474908,0.22722433338310832
arc1_normal_test,structural_defect_reversed_sanity,higher_is_more_confident,153,153,200,0.765,38.5,0.25163398692810457,0.7483660130718954,0.01894602136522161,0.2258630372261287
arc1_normal_test,structural_defect_reversed_sanity,higher_is_more_confident,154,154,200,0.77,39.5,0.2564935064935065,0.7435064935064934,0.01853467019154109,0.2245167491285015
arc1_normal_test,structural_defect_reversed_sanity,higher_is_more_confident,155,155,200,0.775,40.5,0.26129032258064516,0.7387096774193549,0.017443349350424353,0.22318079171057842
arc1_normal_test,structural_defect_reversed_sanity,higher_is_more_confident,156,156,200,0.78,40.5,0.25961538461538464,0.7403846153846154,0.017382205735838818,0.22186157000561216
arc1_normal_test,structural_defect_reversed_sanity,higher_is_more_confident,157,157,200,0.785,40.5,0.25796178343949044,0.7420382165605095,0.01611413193089073,0.22055107676946742
arc1_normal_test,structural_defect_reversed_sanity,higher_is_more_confident,158,158,200,0.79,41.5,0.2626582278481013,0.7373417721518987,0.014270470782741462,0.21924550331385523
arc1_normal_test,structural_defect_reversed_sanity,higher_is_more_confident,159,159,200,0.795,42.5,0.2672955974842767,0.7327044025157232,0.01376229663340689,0.21795315610202853
arc1_normal_test,structural_defect_reversed_sanity,higher_is_more_confident,160,160,200,0.8,43.5,0.271875,0.728125,0.012943005567800925,0.2166718426611896
arc1_normal_test,structural_defect_reversed_sanity,higher_is_more_confident,161,161,200,0.805,44.5,0.27639751552795033,0.7236024844720497,0.012925542742036389,0.21540633769274767
arc1_normal_test,structural_defect_reversed_sanity,higher_is_more_confident,162,162,200,0.81,44.5,0.27469135802469136,0.7253086419753086,0.011627049206169526,0.21414844085023793
arc1_normal_test,structural_defect_reversed_sanity,higher_is_more_confident,163,163,200,0.815,44.5,0.27300613496932513,0.7269938650306749,0.010896320495900391,0.2129014953265917
arc1_normal_test,structural_defect_reversed_sanity,higher_is_more_confident,164,164,200,0.82,45.5,0.2774390243902439,0.7225609756097561,0.009309620290012477,0.21166008145441742
arc1_normal_test,structural_defect_reversed_sanity,higher_is_more_confident,165,165,200,0.825,46.5,0.2818181818181818,0.7181818181818183,0.008254530142208005,0.21042732053737373
arc1_normal_test,structural_defect_reversed_sanity,higher_is_more_confident,166,166,200,0.83,47.5,0.286144578313253,0.713855421686747,0.008005835598817623,0.2092079140015993
arc1_normal_test,structural_defect_reversed_sanity,higher_is_more_confident,167,167,200,0.835,48.5,0.2904191616766467,0.7095808383233533,0.0073683756609324025,0.2079992940115354
arc1_normal_test,structural_defect_reversed_sanity,higher_is_more_confident,168,168,200,0.84,49.5,0.29464285714285715,0.7053571428571428,0.007358760814376475,0.2068050051234571
arc1_normal_test,structural_defect_reversed_sanity,higher_is_more_confident,169,169,200,0.845,50.5,0.2988165680473373,0.7011834319526626,0.006968170756440295,0.20562253864791258
arc1_normal_test,structural_defect_reversed_sanity,higher_is_more_confident,170,170,200,0.85,51.5,0.3029411764705882,0.6970588235294117,0.006731334906670217,0.20445259039061114
arc1_normal_test,structural_defect_reversed_sanity,higher_is_more_confident,171,171,200,0.855,51.5,0.30116959064327486,0.6988304093567251,0.00644883382228334,0.20329467368553322
arc1_normal_test,structural_defect_reversed_sanity,higher_is_more_confident,172,172,200,0.86,52.5,0.30523255813953487,0.6947674418604651,0.006336709551388542,0.20214956924289285
arc1_normal_test,structural_defect_reversed_sanity,higher_is_more_confident,173,173,200,0.865,53.5,0.3092485549132948,0.6907514450867052,0.004213148094288632,0.20100542808018415
arc1_normal_test,structural_defect_reversed_sanity,higher_is_more_confident,174,174,200,0.87,54.5,0.3132183908045977,0.6867816091954023,0.003990591205096039,0.1998731589027411
arc1_normal_test,structural_defect_reversed_sanity,higher_is_more_confident,175,175,200,0.875,55.5,0.3171428571428571,0.6828571428571428,0.00399001597802795,0.19875382665745703
arc1_normal_test,structural_defect_reversed_sanity,higher_is_more_confident,176,176,200,0.88,56.5,0.3210227272727273,0.6789772727272727,0.003614339507711506,0.19764507957137892
arc1_normal_test,structural_defect_reversed_sanity,higher_is_more_confident,177,177,200,0.885,57.5,0.3248587570621469,0.6751412429378532,0.0033969594382048385,0.19654763256497682
arc1_normal_test,structural_defect_reversed_sanity,higher_is_more_confident,178,178,200,0.89,58.5,0.32865168539325845,0.6713483146067416,0.0028419789454481315,0.19545939855587835
arc1_normal_test,structural_defect_reversed_sanity,higher_is_more_confident,179,179,200,0.895,59.5,0.3324022346368715,0.6675977653631284,0.002491414796865654,0.19438136512705703
arc1_normal_test,structural_defect_reversed_sanity,higher_is_more_confident,180,180,200,0.9,60.5,0.33611111111111114,0.6638888888888889,0.001868012107772321,0.1933118464991721
arc1_normal_test,structural_defect_reversed_sanity,higher_is_more_confident,181,181,200,0.905,61.5,0.3397790055248619,0.660220994475138,0.0017800918071714245,0.19225366000916105
arc1_normal_test,structural_defect_reversed_sanity,higher_is_more_confident,182,182,200,0.91,62.5,0.3434065934065934,0.6565934065934066,0.001538213838601421,0.19120577294228983
arc1_normal_test,structural_defect_reversed_sanity,higher_is_more_confident,183,183,200,0.915,63.5,0.3469945355191257,0.6530054644808743,0.0014516457507134373,0.19016886514342876
arc1_normal_test,structural_defect_reversed_sanity,higher_is_more_confident,184,184,200,0.92,64.5,0.35054347826086957,0.6494565217391304,0.0008722546185083724,0.18914007921666287
arc1_normal_test,structural_defect_reversed_sanity,higher_is_more_confident,185,185,200,0.925,65.5,0.35405405405405405,0.645945945945946,0.0006400523261695934,0.18812116015238994
arc1_normal_test,structural_defect_reversed_sanity,higher_is_more_confident,186,186,200,0.93,66.5,0.3575268817204301,0.6424731182795699,0.0004050020908162866,0.1871119334961449
arc1_normal_test,structural_defect_reversed_sanity,higher_is_more_confident,187,187,200,0.935,67.5,0.3609625668449198,0.6390374331550802,0.00031840304665009533,0.18611303761138825
arc1_normal_test,structural_defect_reversed_sanity,higher_is_more_confident,188,188,200,0.94,68.5,0.36436170212765956,0.6356382978723405,0.00028037514539569486,0.18512456600252658
arc1_normal_test,structural_defect_reversed_sanity,higher_is_more_confident,189,189,200,0.945,69.5,0.36772486772486773,0.6322751322751323,0.00026894693709056394,0.1841464939439793
arc1_normal_test,structural_defect_reversed_sanity,higher_is_more_confident,190,190,200,0.95,70.5,0.37105263157894736,0.6289473684210527,0.00026600104934698665,0.18317870187611282
arc1_normal_test,structural_defect_reversed_sanity,higher_is_more_confident,191,191,200,0.955,71.5,0.3743455497382199,0.6256544502617801,0.00023480856540947226,0.1822208804451667
arc1_normal_test,structural_defect_reversed_sanity,higher_is_more_confident,192,192,200,0.96,72.5,0.3776041666666667,0.6223958333333333,9.48003331531222e-05,0.18127230711124998
arc1_normal_test,structural_defect_reversed_sanity,higher_is_more_confident,193,193,200,0.965,73.5,0.38082901554404147,0.6191709844559585,2.016169711638316e-05,0.1803331768241301
arc1_normal_test,structural_defect_reversed_sanity,higher_is_more_confident,194,194,200,0.97,74.5,0.38402061855670105,0.615979381443299,1.3578305236960908e-05,0.17940369435753786
arc1_normal_test,structural_defect_reversed_sanity,higher_is_more_confident,195,195,200,0.975,75.5,0.3871794871794872,0.6128205128205129,8.871089624995498e-06,0.1784837209048819
arc1_normal_test,structural_defect_reversed_sanity,higher_is_more_confident,196,196,200,0.98,76.5,0.3903061224489796,0.6096938775510203,0.0,0.17757308967577537
arc1_normal_test,structural_defect_reversed_sanity,higher_is_more_confident,197,197,200,0.985,77.5,0.3934010152284264,0.6065989847715736,0.0,0.17667170343376637
arc1_normal_test,structural_defect_reversed_sanity,higher_is_more_confident,198,198,200,0.99,78.5,0.39646464646464646,0.6035353535353536,0.0,0.17577942210329278
arc1_normal_test,structural_defect_reversed_sanity,higher_is_more_confident,199,199,200,0.995,79.5,0.39949748743718594,0.6005025125628141,0.0,0.17489610842438177
arc1_normal_test,structural_defect_reversed_sanity,higher_is_more_confident,200,200,200,1.0,80.5,0.4025,0.5974999999999999,0.0,0.17402162788225986
