dataset,statistic,confidence_orientation,confidence_rank,retained_puzzles,total_puzzles,coverage,b1_correct_count,accuracy,risk,threshold_value,mean_statistic_retained
arc2_supporting,structural_defect,lower_is_more_confident,1,1,120,0.008333333333333333,1.0,1.0,0.0,2.7079641083116446e-05,2.7079641083116446e-05
arc2_supporting,structural_defect,lower_is_more_confident,2,2,120,0.016666666666666666,1.0,0.5,0.5,0.00016644244562602495,9.67610433545707e-05
arc2_supporting,structural_defect,lower_is_more_confident,3,3,120,0.025,2.0,0.6666666666666666,0.33333333333333337,0.0003656121600676965,0.00018637808225894595
arc2_supporting,structural_defect,lower_is_more_confident,4,4,120,0.03333333333333333,2.0,0.5,0.5,0.0032397930512225726,0.0009497318244998526
arc2_supporting,structural_defect,lower_is_more_confident,5,5,120,0.041666666666666664,2.0,0.4,0.6,0.0039044801050135414,0.0015406814806025904
arc2_supporting,structural_defect,lower_is_more_confident,6,6,120,0.05,2.0,0.3333333333333333,0.6666666666666667,0.009405355206406951,0.002851460434903317
arc2_supporting,structural_defect,lower_is_more_confident,7,7,120,0.058333333333333334,2.0,0.2857142857142857,0.7142857142857143,0.0108267517924574,0.003990787771696758
arc2_supporting,structural_defect,lower_is_more_confident,8,8,120,0.06666666666666667,2.0,0.25,0.75,0.013551335980632184,0.005185856297813686
arc2_supporting,structural_defect,lower_is_more_confident,9,9,120,0.075,2.0,0.2222222222222222,0.7777777777777778,0.01459237224247989,0.006231024736109931
arc2_supporting,structural_defect,lower_is_more_confident,10,10,120,0.08333333333333333,2.0,0.2,0.8,0.018375297044605554,0.007445451966959493
arc2_supporting,structural_defect,lower_is_more_confident,11,11,120,0.09166666666666666,2.0,0.18181818181818182,0.8181818181818181,0.019013793769798504,0.008497119403581221
arc2_supporting,structural_defect,lower_is_more_confident,12,12,120,0.1,2.0,0.16666666666666666,0.8333333333333334,0.019567744841220924,0.00941967152338453
arc2_supporting,structural_defect,lower_is_more_confident,13,13,120,0.10833333333333334,2.0,0.15384615384615385,0.8461538461538461,0.019714963602377122,0.010211617067922422
arc2_supporting,structural_defect,lower_is_more_confident,14,14,120,0.11666666666666667,2.0,0.14285714285714285,0.8571428571428572,0.01992219818143892,0.010905230004602171
arc2_supporting,structural_defect,lower_is_more_confident,15,15,120,0.125,2.0,0.13333333333333333,0.8666666666666667,0.021286828004807523,0.011597336537949195
arc2_supporting,structural_defect,lower_is_more_confident,16,16,120,0.13333333333333333,2.0,0.125,0.875,0.02137015255109842,0.012208137538771022
arc2_supporting,structural_defect,lower_is_more_confident,17,17,120,0.14166666666666666,2.0,0.11764705882352941,0.8823529411764706,0.02180568326503113,0.012772699052080439
arc2_supporting,structural_defect,lower_is_more_confident,18,18,120,0.15,2.0,0.1111111111111111,0.8888888888888888,0.022752349709852626,0.013327124088623339
arc2_supporting,structural_defect,lower_is_more_confident,19,19,120,0.15833333333333333,2.0,0.10526315789473684,0.8947368421052632,0.023903708668782775,0.01388378643494752
arc2_supporting,structural_defect,lower_is_more_confident,20,20,120,0.16666666666666666,2.0,0.1,0.9,0.02472143210439115,0.014425668718419701
arc2_supporting,structural_defect,lower_is_more_confident,21,21,120,0.175,2.0,0.09523809523809523,0.9047619047619048,0.026041128796039037,0.014978785864973003
arc2_supporting,structural_defect,lower_is_more_confident,22,22,120,0.18333333333333332,2.0,0.09090909090909091,0.9090909090909091,0.02921844986585298,0.015626043319558455
arc2_supporting,structural_defect,lower_is_more_confident,23,23,120,0.19166666666666668,2.0,0.08695652173913043,0.9130434782608696,0.030251663616989943,0.01626193985422939
arc2_supporting,structural_defect,lower_is_more_confident,24,24,120,0.2,2.0,0.08333333333333333,0.9166666666666666,0.03575823519926846,0.01707428549360602
arc2_supporting,structural_defect,lower_is_more_confident,25,25,120,0.20833333333333334,2.0,0.08,0.92,0.03823158252801262,0.01792057737498228
arc2_supporting,structural_defect,lower_is_more_confident,26,26,120,0.21666666666666667,2.0,0.07692307692307693,0.9230769230769231,0.03916661328917659,0.018737732602451294
arc2_supporting,structural_defect,lower_is_more_confident,27,27,120,0.225,2.0,0.07407407407407407,0.9259259259259259,0.04077122498833685,0.01955378787600261
arc2_supporting,structural_defect,lower_is_more_confident,28,28,120,0.23333333333333334,2.0,0.07142857142857142,0.9285714285714286,0.045160350799979376,0.02046830798043035
arc2_supporting,structural_defect,lower_is_more_confident,29,29,120,0.24166666666666667,2.0,0.06896551724137931,0.9310344827586207,0.04674981299829639,0.02137456677414987
arc2_supporting,structural_defect,lower_is_more_confident,30,30,120,0.25,2.0,0.06666666666666667,0.9333333333333333,0.054579107625191914,0.022481384802517938
arc2_supporting,structural_defect,lower_is_more_confident,31,31,120,0.25833333333333336,2.0,0.06451612903225806,0.935483870967742,0.05635407923744584,0.023574052364934966
arc2_supporting,structural_defect,lower_is_more_confident,32,32,120,0.26666666666666666,2.0,0.0625,0.9375,0.05688508729619435,0.024615022206536823
arc2_supporting,structural_defect,lower_is_more_confident,33,33,120,0.275,2.0,0.06060606060606061,0.9393939393939394,0.05778242260817368,0.025620094945980363
arc2_supporting,structural_defect,lower_is_more_confident,34,34,120,0.2833333333333333,2.0,0.058823529411764705,0.9411764705882353,0.05969082889336019,0.026622175356197417
arc2_supporting,structural_defect,lower_is_more_confident,35,35,120,0.2916666666666667,2.0,0.05714285714285714,0.9428571428571428,0.06229565578605878,0.027641417654193458
arc2_supporting,structural_defect,lower_is_more_confident,36,36,120,0.3,2.0,0.05555555555555555,0.9444444444444444,0.06447539301483718,0.028664583636433563
arc2_supporting,structural_defect,lower_is_more_confident,37,37,120,0.30833333333333335,2.0,0.05405405405405406,0.9459459459459459,0.06508260213930961,0.029648854406781566
arc2_supporting,structural_defect,lower_is_more_confident,38,38,120,0.31666666666666665,2.0,0.05263157894736842,0.9473684210526316,0.06752739751055009,0.03064565817267021
arc2_supporting,structural_defect,lower_is_more_confident,39,39,120,0.325,2.0,0.05128205128205128,0.9487179487179487,0.06810480097095611,0.0316061490136519
arc2_supporting,structural_defect,lower_is_more_confident,40,40,120,0.3333333333333333,2.0,0.05,0.95,0.07318721667706951,0.03264567570523734
arc2_supporting,structural_defect,lower_is_more_confident,41,41,120,0.3416666666666667,2.0,0.04878048780487805,0.9512195121951219,0.07509389657611842,0.03368099816550274
arc2_supporting,structural_defect,lower_is_more_confident,42,42,120,0.35,2.0,0.047619047619047616,0.9523809523809523,0.07618748030829015,0.03469305726414053
arc2_supporting,structural_defect,lower_is_more_confident,43,43,120,0.35833333333333334,2.0,0.046511627906976744,0.9534883720930233,0.07683227950776239,0.0356730391767829
arc2_supporting,structural_defect,lower_is_more_confident,44,44,120,0.36666666666666664,2.0,0.045454545454545456,0.9545454545454546,0.0793845485271738,0.036666482571109965
arc2_supporting,structural_defect,lower_is_more_confident,45,45,120,0.375,2.0,0.044444444444444446,0.9555555555555556,0.07976373465627462,0.03762419928411362
arc2_supporting,structural_defect,lower_is_more_confident,46,46,120,0.38333333333333336,2.0,0.043478260869565216,0.9565217391304348,0.08207444397164232,0.03859050895123381
arc2_supporting,structural_defect,lower_is_more_confident,47,47,120,0.39166666666666666,2.0,0.0425531914893617,0.9574468085106383,0.08334094451816809,0.039542645878189855
arc2_supporting,structural_defect,lower_is_more_confident,48,48,120,0.4,2.0,0.041666666666666664,0.9583333333333334,0.0878305580742933,0.04054864404894201
arc2_supporting,structural_defect,lower_is_more_confident,49,49,120,0.4083333333333333,2.0,0.04081632653061224,0.9591836734693877,0.09223723401935291,0.04160351323201162
arc2_supporting,structural_defect,lower_is_more_confident,50,50,120,0.4166666666666667,2.0,0.04,0.96,0.09998822322394525,0.04277120743185029
arc2_supporting,structural_defect,lower_is_more_confident,51,51,120,0.425,2.0,0.0392156862745098,0.9607843137254902,0.10410273380253066,0.043973786380295
arc2_supporting,structural_defect,lower_is_more_confident,52,52,120,0.43333333333333335,2.0,0.038461538461538464,0.9615384615384616,0.10422766822682983,0.045132514877343745
arc2_supporting,structural_defect,lower_is_more_confident,53,53,120,0.44166666666666665,2.0,0.03773584905660377,0.9622641509433962,0.10714884152459658,0.04630263424804663
arc2_supporting,structural_defect,lower_is_more_confident,54,54,120,0.45,2.0,0.037037037037037035,0.962962962962963,0.11070412261120943,0.04749525440292001
arc2_supporting,structural_defect,lower_is_more_confident,55,55,120,0.4583333333333333,2.0,0.03636363636363636,0.9636363636363636,0.11101508901022106,0.048650160486689124
arc2_supporting,structural_defect,lower_is_more_confident,56,56,120,0.4666666666666667,2.0,0.03571428571428571,0.9642857142857143,0.11414541415233088,0.04981971858786129
arc2_supporting,structural_defect,lower_is_more_confident,57,57,120,0.475,2.0,0.03508771929824561,0.9649122807017544,0.12054947817892886,0.05106059156314319
arc2_supporting,structural_defect,lower_is_more_confident,58,58,120,0.48333333333333334,2.0,0.034482758620689655,0.9655172413793104,0.12293400838689106,0.05229978840493194
arc2_supporting,structural_defect,lower_is_more_confident,59,59,120,0.49166666666666664,2.0,0.03389830508474576,0.9661016949152542,0.12651539830532355,0.05355768009815892
arc2_supporting,structural_defect,lower_is_more_confident,60,60,120,0.5,2.0,0.03333333333333333,0.9666666666666667,0.13106978581599737,0.05484954852678956
arc2_supporting,structural_defect,lower_is_more_confident,61,61,120,0.5083333333333333,2.0,0.03278688524590164,0.9672131147540983,0.1367926723660995,0.05619287842579464
arc2_supporting,structural_defect,lower_is_more_confident,62,62,120,0.5166666666666667,2.0,0.03225806451612903,0.967741935483871,0.14120710451409646,0.05756407562076725
arc2_supporting,structural_defect,lower_is_more_confident,63,63,120,0.525,2.0,0.031746031746031744,0.9682539682539683,0.1480512375756895,0.05900037977878189
arc2_supporting,structural_defect,lower_is_more_confident,64,64,120,0.5333333333333333,2.0,0.03125,0.96875,0.15361657678976925,0.06047875785707857
arc2_supporting,structural_defect,lower_is_more_confident,65,65,120,0.5416666666666666,2.0,0.03076923076923077,0.9692307692307692,0.1739354790574993,0.062224245875546584
arc2_supporting,structural_defect,lower_is_more_confident,66,66,120,0.55,2.0,0.030303030303030304,0.9696969696969697,0.1771251834180385,0.06396516917164495
arc2_supporting,structural_defect,lower_is_more_confident,67,67,120,0.5583333333333333,2.0,0.029850746268656716,0.9701492537313433,0.18014886872280123,0.06569925423957265
arc2_supporting,structural_defect,lower_is_more_confident,68,68,120,0.5666666666666667,2.0,0.029411764705882353,0.9705882352941176,0.18841086265107232,0.06750383671621235
arc2_supporting,structural_defect,lower_is_more_confident,69,69,120,0.575,2.0,0.028985507246376812,0.9710144927536232,0.20881440121700945,0.06955181591187608
arc2_supporting,structural_defect,lower_is_more_confident,70,70,120,0.5833333333333334,2.0,0.02857142857142857,0.9714285714285714,0.2123333943154747,0.0715915527462132
arc2_supporting,structural_defect,lower_is_more_confident,71,71,120,0.5916666666666667,2.0,0.028169014084507043,0.971830985915493,0.22306488361325716,0.07372497994152367
arc2_supporting,structural_defect,lower_is_more_confident,72,72,120,0.6,2.0,0.027777777777777776,0.9722222222222222,0.2240440624396941,0.0758127449762205
arc2_supporting,structural_defect,lower_is_more_confident,73,73,120,0.6083333333333333,2.0,0.0273972602739726,0.9726027397260274,0.2410049825343633,0.07807565234003067
arc2_supporting,structural_defect,lower_is_more_confident,74,74,120,0.6166666666666667,2.0,0.02702702702702703,0.972972972972973,0.24105787993700617,0.08027811487512494
arc2_supporting,structural_defect,lower_is_more_confident,75,75,120,0.625,2.0,0.02666666666666667,0.9733333333333334,0.28151417178038607,0.08296126230052842
arc2_supporting,structural_defect,lower_is_more_confident,76,76,120,0.6333333333333333,2.0,0.02631578947368421,0.9736842105263158,0.3133019645658598,0.08599206101454594
arc2_supporting,structural_defect,lower_is_more_confident,77,77,120,0.6416666666666667,2.0,0.025974025974025976,0.974025974025974,0.3219004619359037,0.08905580648105708
arc2_supporting,structural_defect,lower_is_more_confident,78,78,120,0.65,2.0,0.02564102564102564,0.9743589743589743,0.35557392022867496,0.09247270537525731
arc2_supporting,structural_defect,lower_is_more_confident,79,79,120,0.6583333333333333,2.0,0.02531645569620253,0.9746835443037974,0.3610842222473376,0.09587285115844821
arc2_supporting,structural_defect,lower_is_more_confident,80,80,120,0.6666666666666666,2.5,0.03125,0.96875,0.40152159524470854,0.09969346045952646
arc2_supporting,structural_defect,lower_is_more_confident,81,81,120,0.675,3.0,0.037037037037037035,0.962962962962963,0.42287539867576945,0.10368336093133194
arc2_supporting,structural_defect,lower_is_more_confident,82,82,120,0.6833333333333333,3.0,0.036585365853658534,0.9634146341463414,0.4354089121622021,0.10772879448292792
arc2_supporting,structural_defect,lower_is_more_confident,83,83,120,0.6916666666666667,3.0,0.03614457831325301,0.963855421686747,0.4471565140292184,0.11181828507987118
arc2_supporting,structural_defect,lower_is_more_confident,84,84,120,0.7,3.5,0.041666666666666664,0.9583333333333334,0.4617295620661923,0.11598389552018454
arc2_supporting,structural_defect,lower_is_more_confident,85,85,120,0.7083333333333334,3.5,0.041176470588235294,0.9588235294117647,0.48469318063660144,0.12032165181567178
arc2_supporting,structural_defect,lower_is_more_confident,86,86,120,0.7166666666666667,3.5,0.040697674418604654,0.9593023255813954,0.5266990240924554,0.12504697009795995
arc2_supporting,structural_defect,lower_is_more_confident,87,87,120,0.725,3.5,0.040229885057471264,0.9597701149425287,0.5461556041344466,0.12988729922481612
arc2_supporting,structural_defect,lower_is_more_confident,88,88,120,0.7333333333333333,3.5,0.03977272727272727,0.9602272727272727,0.5539491618372312,0.13470618402722992
arc2_supporting,structural_defect,lower_is_more_confident,89,89,120,0.7416666666666667,3.5,0.03932584269662921,0.9606741573033708,0.6697380958646121,0.1407177785422567
arc2_supporting,structural_defect,lower_is_more_confident,90,90,120,0.75,3.5,0.03888888888888889,0.9611111111111111,0.6704045859050349,0.14660318751295423
arc2_supporting,structural_defect,lower_is_more_confident,91,91,120,0.7583333333333333,3.5,0.038461538461538464,0.9615384615384616,0.6752755142399673,0.1524127735209434
arc2_supporting,structural_defect,lower_is_more_confident,92,92,120,0.7666666666666667,3.5,0.03804347826086957,0.9619565217391304,0.6868840961748464,0.15822224441935537
arc2_supporting,structural_defect,lower_is_more_confident,93,93,120,0.775,3.5,0.03763440860215054,0.9623655913978495,0.7172358418969528,0.16423314331696395
arc2_supporting,structural_defect,lower_is_more_confident,94,94,120,0.7833333333333333,3.5,0.03723404255319149,0.9627659574468085,0.7351779855326228,0.17030702461713054
arc2_supporting,structural_defect,lower_is_more_confident,95,95,120,0.7916666666666666,3.5,0.03684210526315789,0.9631578947368421,0.7465620859814084,0.17637286736833346
arc2_supporting,structural_defect,lower_is_more_confident,96,96,120,0.8,3.5,0.036458333333333336,0.9635416666666666,0.7468803589499329,0.18231565373897515
arc2_supporting,structural_defect,lower_is_more_confident,97,97,120,0.8083333333333333,3.5,0.03608247422680412,0.9639175257731959,0.7662471440615979,0.1883355660103424
arc2_supporting,structural_defect,lower_is_more_confident,98,98,120,0.8166666666666667,3.5,0.03571428571428571,0.9642857142857143,0.7701967279516024,0.19427292480566138
arc2_supporting,structural_defect,lower_is_more_confident,99,99,120,0.825,3.5,0.03535353535353535,0.9646464646464646,0.7824548286457488,0.20021415615758142
arc2_supporting,structural_defect,lower_is_more_confident,100,100,120,0.8333333333333334,3.5,0.035,0.965,0.7875202413914302,0.20608721700991992
arc2_supporting,structural_defect,lower_is_more_confident,101,101,120,0.8416666666666667,3.5,0.034653465346534656,0.9653465346534653,0.8646707199400219,0.21260784575180214
arc2_supporting,structural_defect,lower_is_more_confident,102,102,120,0.85,3.5,0.03431372549019608,0.9656862745098039,0.8720254082464183,0.21907272381547485
arc2_supporting,structural_defect,lower_is_more_confident,103,103,120,0.8583333333333333,3.5,0.03398058252427184,0.9660194174757282,0.8846154379548856,0.22553430356440116
arc2_supporting,structural_defect,lower_is_more_confident,104,104,120,0.8666666666666667,3.5,0.03365384615384615,0.9663461538461539,0.8852136217781935,0.23187737393184144
arc2_supporting,structural_defect,lower_is_more_confident,105,105,120,0.875,3.5,0.03333333333333333,0.9666666666666667,0.8921563388257303,0.23816574502606896
arc2_supporting,structural_defect,lower_is_more_confident,106,106,120,0.8833333333333333,3.5,0.0330188679245283,0.9669811320754716,0.8951261160445503,0.24436348437529995
arc2_supporting,structural_defect,lower_is_more_confident,107,107,120,0.8916666666666667,3.5,0.03271028037383177,0.9672897196261683,0.91748792687918,0.2506543670155231
arc2_supporting,structural_defect,lower_is_more_confident,108,108,120,0.9,3.5,0.032407407407407406,0.9675925925925926,0.9201305551598635,0.2568532206094522
arc2_supporting,structural_defect,lower_is_more_confident,109,109,120,0.9083333333333333,3.5,0.03211009174311927,0.9678899082568807,0.9287323628214339,0.2630172494370851
arc2_supporting,structural_defect,lower_is_more_confident,110,110,120,0.9166666666666666,3.5,0.031818181818181815,0.9681818181818181,0.9292449895516345,0.2690738652563082
arc2_supporting,structural_defect,lower_is_more_confident,111,111,120,0.925,3.5,0.03153153153153153,0.9684684684684685,0.9362140600238634,0.2750841372812412
arc2_supporting,structural_defect,lower_is_more_confident,112,112,120,0.9333333333333333,3.5,0.03125,0.96875,0.9374538244046027,0.28099815234484266
arc2_supporting,structural_defect,lower_is_more_confident,113,113,120,0.9416666666666667,3.5,0.030973451327433628,0.9690265486725663,0.956838901262326,0.2869790439281832
arc2_supporting,structural_defect,lower_is_more_confident,114,114,120,0.95,3.5,0.03070175438596491,0.9692982456140351,0.9576109154040251,0.2928617796428835
arc2_supporting,structural_defect,lower_is_more_confident,115,115,120,0.9583333333333334,3.5,0.030434782608695653,0.9695652173913043,0.960892802126001,0.29867074505578023
arc2_supporting,structural_defect,lower_is_more_confident,116,116,120,0.9666666666666667,3.5,0.03017241379310345,0.9698275862068966,0.967458748410505,0.30443615887780373
arc2_supporting,structural_defect,lower_is_more_confident,117,117,120,0.975,3.5,0.029914529914529916,0.9700854700854701,0.9742884038040089,0.3101613917404209
arc2_supporting,structural_defect,lower_is_more_confident,118,118,120,0.9833333333333333,3.5,0.029661016949152543,0.9703389830508474,0.9746607060984979,0.3157927418620995
arc2_supporting,structural_defect,lower_is_more_confident,119,119,120,0.9916666666666667,3.5,0.029411764705882353,0.9705882352941176,0.9873271676278702,0.32143588829710595
arc2_supporting,structural_defect,lower_is_more_confident,120,120,120,1.0,3.5,0.029166666666666667,0.9708333333333333,0.9914287041388813,0.3270191617624541
arc2_supporting,vote_share,higher_is_more_confident,1,1,120,0.008333333333333333,1.0,1.0,0.0,0.9991319444444444,0.9991319444444444
arc2_supporting,vote_share,higher_is_more_confident,2,2,120,0.016666666666666666,2.0,1.0,0.0,0.987012987012987,0.9930724657287158
arc2_supporting,vote_share,higher_is_more_confident,3,3,120,0.025,2.0,0.6666666666666666,0.33333333333333337,0.98001998001998,0.9887216371591373
arc2_supporting,vote_share,higher_is_more_confident,4,4,120,0.03333333333333333,2.0,0.5,0.5,0.955044955044955,0.9803024666305917
arc2_supporting,vote_share,higher_is_more_confident,5,5,120,0.041666666666666664,2.0,0.4,0.6,0.8741258741258742,0.9590671481296482
arc2_supporting,vote_share,higher_is_more_confident,6,6,120,0.05,2.0,0.3333333333333333,0.6666666666666667,0.4905094905094905,0.8809742051929552
arc2_supporting,vote_share,higher_is_more_confident,7,7,120,0.058333333333333334,2.0,0.2857142857142857,0.7142857142857143,0.44755244755244755,0.8190568112443113
arc2_supporting,vote_share,higher_is_more_confident,8,8,120,0.06666666666666667,2.5,0.3125,0.6875,0.36063936063936064,0.7617546299186925
arc2_supporting,vote_share,higher_is_more_confident,9,9,120,0.075,2.5,0.2777777777777778,0.7222222222222222,0.35764235764235763,0.7168532663324331
arc2_supporting,vote_share,higher_is_more_confident,10,10,120,0.08333333333333333,2.5,0.25,0.75,0.33466533466533466,0.6786344731657232
arc2_supporting,vote_share,higher_is_more_confident,11,11,120,0.09166666666666666,2.5,0.22727272727272727,0.7727272727272727,0.3116883116883117,0.6452757312132312
arc2_supporting,vote_share,higher_is_more_confident,12,12,120,0.1,2.5,0.20833333333333334,0.7916666666666666,0.26073926073926074,0.6132310253404004
arc2_supporting,vote_share,higher_is_more_confident,13,13,120,0.10833333333333334,2.5,0.19230769230769232,0.8076923076923077,0.2597402597402597,0.5860394279865434
arc2_supporting,vote_share,higher_is_more_confident,14,14,120,0.11666666666666667,2.5,0.17857142857142858,0.8214285714285714,0.24125874125874125,0.5614122360774146
arc2_supporting,vote_share,higher_is_more_confident,15,15,120,0.125,2.5,0.16666666666666666,0.8333333333333334,0.23576423576423577,0.5397023693898695
arc2_supporting,vote_share,higher_is_more_confident,16,16,120,0.13333333333333333,2.5,0.15625,0.84375,0.23276723276723277,0.5205189233509546
arc2_supporting,vote_share,higher_is_more_confident,17,17,120,0.14166666666666666,2.5,0.14705882352941177,0.8529411764705882,0.22677322677322678,0.5032397647287353
arc2_supporting,vote_share,higher_is_more_confident,18,18,120,0.15,2.5,0.1388888888888889,0.8611111111111112,0.2192807192807193,0.48746426220384564
arc2_supporting,vote_share,higher_is_more_confident,19,19,120,0.15833333333333333,2.5,0.13157894736842105,0.868421052631579,0.2057942057942058,0.47263952239281193
arc2_supporting,vote_share,higher_is_more_confident,20,20,120,0.16666666666666666,3.0,0.15,0.85,0.20529470529470528,0.45927228153790656
arc2_supporting,vote_share,higher_is_more_confident,21,21,120,0.175,3.0,0.14285714285714285,0.8571428571428572,0.19880119880119881,0.4468688966456824
arc2_supporting,vote_share,higher_is_more_confident,22,22,120,0.18333333333333332,3.0,0.13636363636363635,0.8636363636363636,0.17382617382617382,0.43445786379025014
arc2_supporting,vote_share,higher_is_more_confident,23,23,120,0.19166666666666668,3.0,0.13043478260869565,0.8695652173913043,0.17082917082917082,0.42299574670498585
arc2_supporting,vote_share,higher_is_more_confident,24,24,120,0.2,3.0,0.125,0.875,0.16666666666666666,0.41231536837005583
arc2_supporting,vote_share,higher_is_more_confident,25,25,120,0.20833333333333334,3.0,0.12,0.88,0.15384615384615385,0.4019765997890998
arc2_supporting,vote_share,higher_is_more_confident,26,26,120,0.21666666666666667,3.0,0.11538461538461539,0.8846153846153846,0.15284715284715283,0.39239469798364024
arc2_supporting,vote_share,higher_is_more_confident,27,27,120,0.225,3.0,0.1111111111111111,0.8888888888888888,0.14685314685314685,0.38330056646028865
arc2_supporting,vote_share,higher_is_more_confident,28,28,120,0.23333333333333334,3.0,0.10714285714285714,0.8928571428571429,0.14285714285714285,0.37471330133160485
arc2_supporting,vote_share,higher_is_more_confident,29,29,120,0.24166666666666667,3.0,0.10344827586206896,0.896551724137931,0.13186813186813187,0.36633932997079544
arc2_supporting,vote_share,higher_is_more_confident,30,30,120,0.25,3.0,0.1,0.9,0.12887112887112886,0.35842372326747324
arc2_supporting,vote_share,higher_is_more_confident,31,31,120,0.25833333333333336,3.0,0.0967741935483871,0.9032258064516129,0.11388611388611389,0.3505354132874294
arc2_supporting,vote_share,higher_is_more_confident,32,32,120,0.26666666666666666,3.0,0.09375,0.90625,0.1128871128871129,0.3431089038999195
arc2_supporting,vote_share,higher_is_more_confident,33,33,120,0.275,3.0,0.09090909090909091,0.9090909090909091,0.11188811188811189,0.336102213232895
arc2_supporting,vote_share,higher_is_more_confident,34,34,120,0.2833333333333333,3.0,0.08823529411764706,0.9117647058823529,0.1108891108891109,0.32947829845807786
arc2_supporting,vote_share,higher_is_more_confident,35,35,120,0.2916666666666667,3.0,0.08571428571428572,0.9142857142857143,0.1023976023976024,0.32299027857063567
arc2_supporting,vote_share,higher_is_more_confident,36,36,120,0.3,3.0,0.08333333333333333,0.9166666666666666,0.0989010989010989,0.31676557913537073
arc2_supporting,vote_share,higher_is_more_confident,37,37,120,0.30833333333333335,3.5,0.0945945945945946,0.9054054054054054,0.08191808191808192,0.3104183494808494
arc2_supporting,vote_share,higher_is_more_confident,38,38,120,0.31666666666666665,3.5,0.09210526315789473,0.9078947368421053,0.07892107892107893,0.304326316045066
arc2_supporting,vote_share,higher_is_more_confident,39,39,120,0.325,3.5,0.08974358974358974,0.9102564102564102,0.07892107892107893,0.2985466945803484
arc2_supporting,vote_share,higher_is_more_confident,40,40,120,0.3333333333333333,3.5,0.0875,0.9125,0.07892107892107893,0.2930560541888666
arc2_supporting,vote_share,higher_is_more_confident,41,41,120,0.3416666666666667,3.5,0.08536585365853659,0.9146341463414634,0.07642357642357642,0.2877723352189815
arc2_supporting,vote_share,higher_is_more_confident,42,42,120,0.35,3.5,0.08333333333333333,0.9166666666666666,0.07542457542457542,0.2827164361762575
arc2_supporting,vote_share,higher_is_more_confident,43,43,120,0.35833333333333334,3.5,0.08139534883720931,0.9186046511627907,0.07292707292707293,0.2778376137751137
arc2_supporting,vote_share,higher_is_more_confident,44,44,120,0.36666666666666664,3.5,0.07954545454545454,0.9204545454545454,0.07092907092907093,0.27313514689224905
arc2_supporting,vote_share,higher_is_more_confident,45,45,120,0.375,3.5,0.07777777777777778,0.9222222222222223,0.06893106893106893,0.2685972784931117
arc2_supporting,vote_share,higher_is_more_confident,46,46,120,0.38333333333333336,3.5,0.07608695652173914,0.9239130434782609,0.061938061938061936,0.2641046868288715
arc2_supporting,vote_share,higher_is_more_confident,47,47,120,0.39166666666666666,3.5,0.07446808510638298,0.925531914893617,0.060939060939060936,0.2597820139375989
arc2_supporting,vote_share,higher_is_more_confident,48,48,120,0.4,3.5,0.07291666666666667,0.9270833333333334,0.060939060939060936,0.25563945241679603
arc2_supporting,vote_share,higher_is_more_confident,49,49,120,0.4083333333333333,3.5,0.07142857142857142,0.9285714285714286,0.055944055944055944,0.25156403616225037
arc2_supporting,vote_share,higher_is_more_confident,50,50,120,0.4166666666666667,3.5,0.07,0.9299999999999999,0.05028305028305028,0.24753841644466637
arc2_supporting,vote_share,higher_is_more_confident,51,51,120,0.425,3.5,0.06862745098039216,0.9313725490196079,0.04995004995004995,0.2436641347486935
arc2_supporting,vote_share,higher_is_more_confident,52,52,120,0.43333333333333335,3.5,0.0673076923076923,0.9326923076923077,0.04595404595404595,0.23986201765648874
arc2_supporting,vote_share,higher_is_more_confident,53,53,120,0.44166666666666665,3.5,0.0660377358490566,0.9339622641509434,0.04295704295704296,0.2361468294546124
arc2_supporting,vote_share,higher_is_more_confident,54,54,120,0.45,3.5,0.06481481481481481,0.9351851851851852,0.04145854145854146,0.2325414907880185
arc2_supporting,vote_share,higher_is_more_confident,55,55,120,0.4583333333333333,3.5,0.06363636363636363,0.9363636363636364,0.036297036297036296,0.22897340979727335
arc2_supporting,vote_share,higher_is_more_confident,56,56,120,0.4666666666666667,3.5,0.0625,0.9375,0.03496503496503497,0.22550897453241195
arc2_supporting,vote_share,higher_is_more_confident,57,57,120,0.475,3.5,0.06140350877192982,0.9385964912280702,0.03196803196803197,0.22211351939970356
arc2_supporting,vote_share,higher_is_more_confident,58,58,120,0.48333333333333334,3.5,0.0603448275862069,0.9396551724137931,0.03196803196803197,0.2188351489267437
arc2_supporting,vote_share,higher_is_more_confident,59,59,120,0.49166666666666664,3.5,0.059322033898305086,0.940677966101695,0.029470529470529472,0.21562557910545194
arc2_supporting,vote_share,higher_is_more_confident,60,60,120,0.5,3.5,0.058333333333333334,0.9416666666666667,0.028971028971028972,0.2125146699365449
arc2_supporting,vote_share,higher_is_more_confident,61,61,120,0.5083333333333333,3.5,0.05737704918032787,0.9426229508196722,0.028971028971028972,0.2095057577895692
arc2_supporting,vote_share,higher_is_more_confident,62,62,120,0.5166666666666667,3.5,0.056451612903225805,0.9435483870967742,0.026973026973026976,0.20656168148607656
arc2_supporting,vote_share,higher_is_more_confident,63,63,120,0.525,3.5,0.05555555555555555,0.9444444444444444,0.022977022977022976,0.20364763928752017
arc2_supporting,vote_share,higher_is_more_confident,64,64,120,0.5333333333333333,3.5,0.0546875,0.9453125,0.022977022977022976,0.20082466090766865
arc2_supporting,vote_share,higher_is_more_confident,65,65,120,0.5416666666666666,3.5,0.05384615384615385,0.9461538461538461,0.02197802197802198,0.19807317415490486
arc2_supporting,vote_share,higher_is_more_confident,66,66,120,0.55,3.5,0.05303030303030303,0.946969696969697,0.021978021978021976,0.19540506578858843
arc2_supporting,vote_share,higher_is_more_confident,67,67,120,0.5583333333333333,3.5,0.05223880597014925,0.9477611940298507,0.017982017982017984,0.1927569605974456
arc2_supporting,vote_share,higher_is_more_confident,68,68,120,0.5666666666666667,3.5,0.051470588235294115,0.9485294117647058,0.015984015984015984,0.1901573584707775
arc2_supporting,vote_share,higher_is_more_confident,69,69,120,0.575,3.5,0.050724637681159424,0.9492753623188406,0.015984015984015984,0.18763310713038966
arc2_supporting,vote_share,higher_is_more_confident,70,70,120,0.5833333333333334,3.5,0.05,0.95,0.015484515484515484,0.1851738415354486
arc2_supporting,vote_share,higher_is_more_confident,71,71,120,0.5916666666666667,3.5,0.04929577464788732,0.9507042253521126,0.014985014985014986,0.18277681580938615
arc2_supporting,vote_share,higher_is_more_confident,72,72,120,0.6,3.5,0.04861111111111111,0.9513888888888888,0.014985014985014986,0.1804463741312699
arc2_supporting,vote_share,higher_is_more_confident,73,73,120,0.6083333333333333,3.5,0.04794520547945205,0.952054794520548,0.014985014985014986,0.1781797801703623
arc2_supporting,vote_share,higher_is_more_confident,74,74,120,0.6166666666666667,3.5,0.0472972972972973,0.9527027027027027,0.014985014985014984,0.17597444550569544
arc2_supporting,vote_share,higher_is_more_confident,75,75,120,0.625,3.5,0.04666666666666667,0.9533333333333334,0.014485514485514486,0.1738212597587597
arc2_supporting,vote_share,higher_is_more_confident,76,76,120,0.6333333333333333,3.5,0.046052631578947366,0.9539473684210527,0.013986013986013986,0.1717181644196446
arc2_supporting,vote_share,higher_is_more_confident,77,77,120,0.6416666666666667,3.5,0.045454545454545456,0.9545454545454546,0.012987012987012988,0.1696567208945455
arc2_supporting,vote_share,higher_is_more_confident,78,78,120,0.65,3.5,0.04487179487179487,0.9551282051282052,0.01098901098901099,0.1676225194855002
arc2_supporting,vote_share,higher_is_more_confident,79,79,120,0.6583333333333333,3.5,0.04430379746835443,0.9556962025316456,0.01098901098901099,0.16563981684630413
arc2_supporting,vote_share,higher_is_more_confident,80,80,120,0.6666666666666666,3.5,0.04375,0.95625,0.01098901098901099,0.16370668177308795
arc2_supporting,vote_share,higher_is_more_confident,81,81,120,0.675,3.5,0.043209876543209874,0.9567901234567902,0.010989010989010988,0.16182127843007466
arc2_supporting,vote_share,higher_is_more_confident,82,82,120,0.6833333333333333,3.5,0.042682926829268296,0.9573170731707317,0.008991008991008992,0.15995749465642753
arc2_supporting,vote_share,higher_is_more_confident,83,83,120,0.6916666666666667,3.5,0.04216867469879518,0.9578313253012049,0.008991008991008992,0.1581386213351574
arc2_supporting,vote_share,higher_is_more_confident,84,84,120,0.7,3.5,0.041666666666666664,0.9583333333333334,0.007992007992007992,0.15635116165250088
arc2_supporting,vote_share,higher_is_more_confident,85,85,120,0.7083333333333334,3.5,0.041176470588235294,0.9588235294117647,0.007992007992007992,0.15460575984473038
arc2_supporting,vote_share,higher_is_more_confident,86,86,120,0.7166666666666667,3.5,0.040697674418604654,0.9593023255813954,0.005994005994005994,0.15287771619530335
arc2_supporting,vote_share,higher_is_more_confident,87,87,120,0.725,3.5,0.040229885057471264,0.9597701149425287,0.005994005994005994,0.1511893976872425
arc2_supporting,vote_share,higher_is_more_confident,88,88,120,0.7333333333333333,3.5,0.03977272727272727,0.9602272727272727,0.005494505494505494,0.149533773912325
arc2_supporting,vote_share,higher_is_more_confident,89,89,120,0.7416666666666667,3.5,0.03932584269662921,0.9606741573033708,0.005494505494505494,0.14791535516605736
arc2_supporting,vote_share,higher_is_more_confident,90,90,120,0.75,3.5,0.03888888888888889,0.9611111111111111,0.005494505494505494,0.1463329012808179
arc2_supporting,vote_share,higher_is_more_confident,91,91,120,0.7583333333333333,3.5,0.038461538461538464,0.9615384615384616,0.004995004995004995,0.1447797375853694
arc2_supporting,vote_share,higher_is_more_confident,92,92,120,0.7666666666666667,3.5,0.03804347826086957,0.9619565217391304,0.004495504495504496,0.1432549089648274
arc2_supporting,vote_share,higher_is_more_confident,93,93,120,0.775,3.5,0.03763440860215054,0.9623655913978495,0.004495504495504496,0.1417628723576304
arc2_supporting,vote_share,higher_is_more_confident,94,94,120,0.7833333333333333,3.5,0.03723404255319149,0.9627659574468085,0.004495504495504496,0.14030258121016098
arc2_supporting,vote_share,higher_is_more_confident,95,95,120,0.7916666666666666,3.5,0.03684210526315789,0.9631578947368421,0.0034965034965034965,0.13886251723422774
arc2_supporting,vote_share,higher_is_more_confident,96,96,120,0.8,3.5,0.036458333333333336,0.9635416666666666,0.002997002997002997,0.13744725146092332
arc2_supporting,vote_share,higher_is_more_confident,97,97,120,0.8083333333333333,3.5,0.03608247422680412,0.9639175257731959,0.002997002997002997,0.1360611664252128
arc2_supporting,vote_share,higher_is_more_confident,98,98,120,0.8166666666666667,3.5,0.03571428571428571,0.9642857142857143,0.002997002997002997,0.13470336883921064
arc2_supporting,vote_share,higher_is_more_confident,99,99,120,0.825,3.5,0.03535353535353535,0.9646464646464646,0.0024975024975024975,0.13336795604788027
arc2_supporting,vote_share,higher_is_more_confident,100,100,120,0.8333333333333334,3.5,0.035,0.965,0.0024975024975024975,0.1320592515123765
arc2_supporting,vote_share,higher_is_more_confident,101,101,120,0.8416666666666667,3.5,0.034653465346534656,0.9653465346534653,0.001998001998001998,0.13077151636866982
arc2_supporting,vote_share,higher_is_more_confident,102,102,120,0.85,3.5,0.03431372549019608,0.9656862745098039,0.001998001998001998,0.12950903093366326
arc2_supporting,vote_share,higher_is_more_confident,103,103,120,0.8583333333333333,3.5,0.03398058252427184,0.9660194174757282,0.001998001998001998,0.12827105977894812
arc2_supporting,vote_share,higher_is_more_confident,104,104,120,0.8666666666666667,3.5,0.03365384615384615,0.9663461538461539,0.001998001998001998,0.12705689576182363
arc2_supporting,vote_share,higher_is_more_confident,105,105,120,0.875,3.5,0.03333333333333333,0.9666666666666667,0.001998001998001998,0.12586585867835867
arc2_supporting,vote_share,higher_is_more_confident,106,106,120,0.8833333333333333,3.5,0.0330188679245283,0.9669811320754716,0.001998001998001998,0.12469729399269493
arc2_supporting,vote_share,higher_is_more_confident,107,107,120,0.8916666666666667,3.5,0.03271028037383177,0.9672897196261683,0.001998001998001998,0.12355057163760433
arc2_supporting,vote_share,higher_is_more_confident,108,108,120,0.9,3.5,0.032407407407407406,0.9675925925925926,0.001998001998001998,0.12242508488168209
arc2_supporting,vote_share,higher_is_more_confident,109,109,120,0.9083333333333333,3.5,0.03211009174311927,0.9678899082568807,0.001998001998001998,0.12132024925889603
arc2_supporting,vote_share,higher_is_more_confident,110,110,120,0.9166666666666666,3.5,0.031818181818181815,0.9681818181818181,0.001998001998001998,0.12023550155652428
arc2_supporting,vote_share,higher_is_more_confident,111,111,120,0.925,3.5,0.03153153153153153,0.9684684684684685,0.0014985014985014985,0.11916579885329884
arc2_supporting,vote_share,higher_is_more_confident,112,112,120,0.9333333333333333,3.5,0.03125,0.96875,0.0014985014985014985,0.11811519798405958
arc2_supporting,vote_share,higher_is_more_confident,113,113,120,0.9416666666666667,3.5,0.030973451327433628,0.9690265486725663,0.0014985014985014985,0.11708319182047057
arc2_supporting,vote_share,higher_is_more_confident,114,114,120,0.95,3.5,0.03070175438596491,0.9692982456140351,0.000999000999000999,0.11606490944484363
arc2_supporting,vote_share,higher_is_more_confident,115,115,120,0.9583333333333334,3.5,0.030434782608695653,0.9695652173913043,0.000999000999000999,0.11506433632792325
arc2_supporting,vote_share,higher_is_more_confident,116,116,120,0.9666666666666667,3.5,0.03017241379310345,0.9698275862068966,0.000999000999000999,0.11408101447163943
arc2_supporting,vote_share,higher_is_more_confident,117,117,120,0.975,3.5,0.029914529914529916,0.9700854700854701,0.000999000999000999,0.11311450153597585
arc2_supporting,vote_share,higher_is_more_confident,118,118,120,0.9833333333333333,3.5,0.029661016949152543,0.9703389830508474,0.000999000999000999,0.11216437017549301
arc2_supporting,vote_share,higher_is_more_confident,119,119,120,0.9916666666666667,3.5,0.029411764705882353,0.9705882352941176,0.000999000999000999,0.11123020740930399
arc2_supporting,vote_share,higher_is_more_confident,120,120,120,1.0,3.5,0.029166666666666667,0.9708333333333333,0.000999000999000999,0.11031161402255146
arc2_supporting,vote_margin,higher_is_more_confident,1,1,120,0.008333333333333333,1.0,1.0,0.0,0.9982638888888888,0.9982638888888888
arc2_supporting,vote_margin,higher_is_more_confident,2,2,120,0.016666666666666666,2.0,1.0,0.0,0.983016983016983,0.9906404359529359
arc2_supporting,vote_margin,higher_is_more_confident,3,3,120,0.025,2.0,0.6666666666666666,0.33333333333333337,0.9690309690309691,0.9834372803122804
arc2_supporting,vote_margin,higher_is_more_confident,4,4,120,0.03333333333333333,2.0,0.5,0.5,0.948051948051948,0.9745909472471973
arc2_supporting,vote_margin,higher_is_more_confident,5,5,120,0.041666666666666664,2.0,0.4,0.6,0.8511488511488512,0.949902528027528
arc2_supporting,vote_margin,higher_is_more_confident,6,6,120,0.05,2.0,0.3333333333333333,0.6666666666666667,0.35864135864135865,0.8513589997964998
arc2_supporting,vote_margin,higher_is_more_confident,7,7,120,0.058333333333333334,2.5,0.35714285714285715,0.6428571428571428,0.33116883116883117,0.7770461185639758
arc2_supporting,vote_margin,higher_is_more_confident,8,8,120,0.06666666666666667,2.5,0.3125,0.6875,0.2997002997002997,0.7173778912060162
arc2_supporting,vote_margin,higher_is_more_confident,9,9,120,0.075,2.5,0.2777777777777778,0.7222222222222222,0.2827172827172827,0.6690822680406013
arc2_supporting,vote_margin,higher_is_more_confident,10,10,120,0.08333333333333333,2.5,0.25,0.75,0.26023976023976025,0.6281980172605173
arc2_supporting,vote_margin,higher_is_more_confident,11,11,120,0.09166666666666666,2.5,0.22727272727272727,0.7727272727272727,0.23876123876123878,0.5927946737605828
arc2_supporting,vote_margin,higher_is_more_confident,12,12,120,0.1,2.5,0.20833333333333334,0.7916666666666666,0.19930069930069932,0.5600035092222592
arc2_supporting,vote_margin,higher_is_more_confident,13,13,120,0.10833333333333334,2.5,0.19230769230769232,0.8076923076923077,0.1968031968031968,0.532065023651562
arc2_supporting,vote_margin,higher_is_more_confident,14,14,120,0.11666666666666667,2.5,0.17857142857142858,0.8214285714285714,0.16283716283716285,0.5056916050219622
arc2_supporting,vote_margin,higher_is_more_confident,15,15,120,0.125,2.5,0.16666666666666666,0.8333333333333334,0.15084915084915085,0.4820354414104414
arc2_supporting,vote_margin,higher_is_more_confident,16,16,120,0.13333333333333333,2.5,0.15625,0.84375,0.1111111111111111,0.45885267076673325
arc2_supporting,vote_margin,higher_is_more_confident,17,17,120,0.14166666666666666,2.5,0.14705882352941177,0.8529411764705882,0.10939060939060939,0.4382960789210789
arc2_supporting,vote_margin,higher_is_more_confident,18,18,120,0.15,2.5,0.1388888888888889,0.8611111111111112,0.1048951048951049,0.4197738025863026
arc2_supporting,vote_margin,higher_is_more_confident,19,19,120,0.15833333333333333,3.0,0.15789473684210525,0.8421052631578947,0.09890109890109891,0.4028857655502392
arc2_supporting,vote_margin,higher_is_more_confident,20,20,120,0.16666666666666666,3.0,0.15,0.85,0.0959040959040959,0.38753668206793207
arc2_supporting,vote_margin,higher_is_more_confident,21,21,120,0.175,3.0,0.14285714285714285,0.8571428571428572,0.08491508491508491,0.3731261298225584
arc2_supporting,vote_margin,higher_is_more_confident,22,22,120,0.18333333333333332,3.0,0.13636363636363635,0.8636363636363636,0.08441558441558442,0.36000292321315047
arc2_supporting,vote_margin,higher_is_more_confident,23,23,120,0.19166666666666668,3.0,0.13043478260869565,0.8695652173913043,0.07892107892107893,0.3477819734613213
arc2_supporting,vote_margin,higher_is_more_confident,24,24,120,0.2,3.0,0.125,0.875,0.07792207792207792,0.33653781114718617
arc2_supporting,vote_margin,higher_is_more_confident,25,25,120,0.20833333333333334,3.0,0.12,0.88,0.05644355644355644,0.32533404095904095
arc2_supporting,vote_margin,higher_is_more_confident,26,26,120,0.21666666666666667,3.5,0.1346153846153846,0.8653846153846154,0.055944055944055944,0.31497288768923387
arc2_supporting,vote_margin,higher_is_more_confident,27,27,120,0.225,3.5,0.12962962962962962,0.8703703703703703,0.055944055944055944,0.30537922725422734
arc2_supporting,vote_margin,higher_is_more_confident,28,28,120,0.23333333333333334,3.5,0.125,0.875,0.04795204795204795,0.2961853994220066
arc2_supporting,vote_margin,higher_is_more_confident,29,29,120,0.24166666666666667,3.5,0.1206896551724138,0.8793103448275862,0.04795204795204795,0.28762562868166325
arc2_supporting,vote_margin,higher_is_more_confident,30,30,120,0.25,3.5,0.11666666666666667,0.8833333333333333,0.04795204795204795,0.2796365093240094
arc2_supporting,vote_margin,higher_is_more_confident,31,31,120,0.25833333333333336,3.5,0.11290322580645161,0.8870967741935484,0.04728604728604729,0.2721413331292364
arc2_supporting,vote_margin,higher_is_more_confident,32,32,120,0.26666666666666666,3.5,0.109375,0.890625,0.04195804195804196,0.26494810528013657
arc2_supporting,vote_margin,higher_is_more_confident,33,33,120,0.275,3.5,0.10606060606060606,0.8939393939393939,0.03696303696303696,0.2580394668462851
arc2_supporting,vote_margin,higher_is_more_confident,34,34,120,0.2833333333333333,3.5,0.10294117647058823,0.8970588235294118,0.03696303696303696,0.25153721890854247
arc2_supporting,vote_margin,higher_is_more_confident,35,35,120,0.2916666666666667,3.5,0.1,0.9,0.03496503496503497,0.24534944222444227
arc2_supporting,vote_margin,higher_is_more_confident,36,36,120,0.3,3.5,0.09722222222222222,0.9027777777777778,0.034465534465534464,0.23949155589780594
arc2_supporting,vote_margin,higher_is_more_confident,37,37,120,0.30833333333333335,3.5,0.0945945945945946,0.9054054054054054,0.03396603396603397,0.2339368120618121
arc2_supporting,vote_margin,higher_is_more_confident,38,38,120,0.31666666666666665,3.5,0.09210526315789473,0.9078947368421053,0.029970029970029972,0.22856926516465997
arc2_supporting,vote_margin,higher_is_more_confident,39,39,120,0.325,3.5,0.08974358974358974,0.9102564102564102,0.027639027639027643,0.22341720779220786
arc2_supporting,vote_margin,higher_is_more_confident,40,40,120,0.3333333333333333,3.5,0.0875,0.9125,0.025474525474525476,0.2184686407342658
arc2_supporting,vote_margin,higher_is_more_confident,41,41,120,0.3416666666666667,3.5,0.08536585365853659,0.9146341463414634,0.025474525474525476,0.21376146719134528
arc2_supporting,vote_margin,higher_is_more_confident,42,42,120,0.35,3.5,0.08333333333333333,0.9166666666666666,0.024975024975024976,0.20926655190048052
arc2_supporting,vote_margin,higher_is_more_confident,43,43,120,0.35833333333333334,3.5,0.08139534883720931,0.9186046511627907,0.022977022977022976,0.20493423727435356
arc2_supporting,vote_margin,higher_is_more_confident,44,44,120,0.36666666666666664,3.5,0.07954545454545454,0.9204545454545454,0.02197802197802198,0.20077614147216422
arc2_supporting,vote_margin,higher_is_more_confident,45,45,120,0.375,3.5,0.07777777777777778,0.9222222222222223,0.01998001998001998,0.1967584498834499
arc2_supporting,vote_margin,higher_is_more_confident,46,46,120,0.38333333333333336,3.5,0.07608695652173914,0.9239130434782609,0.01898101898101898,0.1928937231247014
arc2_supporting,vote_margin,higher_is_more_confident,47,47,120,0.39166666666666666,3.5,0.07446808510638298,0.925531914893617,0.017982017982017984,0.1891721974833677
arc2_supporting,vote_margin,higher_is_more_confident,48,48,120,0.4,3.5,0.07291666666666667,0.9270833333333334,0.017982017982017984,0.1856057354104229
arc2_supporting,vote_margin,higher_is_more_confident,49,49,120,0.4083333333333333,3.5,0.07142857142857142,0.9285714285714286,0.016483516483516484,0.18215426155477177
arc2_supporting,vote_margin,higher_is_more_confident,50,50,120,0.4166666666666667,3.5,0.07,0.9299999999999999,0.012987012987012988,0.1787709165834166
arc2_supporting,vote_margin,higher_is_more_confident,51,51,120,0.425,3.5,0.06862745098039216,0.9313725490196079,0.01048951048951049,0.17547128116981056
arc2_supporting,vote_margin,higher_is_more_confident,52,52,120,0.43333333333333335,3.5,0.0673076923076923,0.9326923076923077,0.01048951048951049,0.17229855481057402
arc2_supporting,vote_margin,higher_is_more_confident,53,53,120,0.44166666666666665,3.5,0.0660377358490566,0.9339622641509434,0.00999000999000999,0.16923612943660113
arc2_supporting,vote_margin,higher_is_more_confident,54,54,120,0.45,3.5,0.06481481481481481,0.9351851851851852,0.008991008991008992,0.1662686272061272
arc2_supporting,vote_margin,higher_is_more_confident,55,55,120,0.4583333333333333,3.5,0.06363636363636363,0.9363636363636364,0.007992007992007992,0.16339087049314321
arc2_supporting,vote_margin,higher_is_more_confident,56,56,120,0.4666666666666667,3.5,0.0625,0.9375,0.007992007992007992,0.16061589080562297
arc2_supporting,vote_margin,higher_is_more_confident,57,57,120,0.475,3.5,0.06140350877192982,0.9385964912280702,0.007992007992007992,0.15793827882643674
arc2_supporting,vote_margin,higher_is_more_confident,58,58,120,0.48333333333333334,3.5,0.0603448275862069,0.9396551724137931,0.006993006993006993,0.15533577413965347
arc2_supporting,vote_margin,higher_is_more_confident,59,59,120,0.49166666666666664,3.5,0.059322033898305086,0.940677966101695,0.006993006993006993,0.15282148995072725
arc2_supporting,vote_margin,higher_is_more_confident,60,60,120,0.5,3.5,0.058333333333333334,0.9416666666666667,0.006993006993006993,0.15039101523476525
arc2_supporting,vote_margin,higher_is_more_confident,61,61,120,0.5083333333333333,3.5,0.05737704918032787,0.9426229508196722,0.005994005994005994,0.14802385114885117
arc2_supporting,vote_margin,higher_is_more_confident,62,62,120,0.5166666666666667,3.5,0.056451612903225805,0.9435483870967742,0.005994005994005994,0.14573304719474076
arc2_supporting,vote_margin,higher_is_more_confident,63,63,120,0.525,3.5,0.05555555555555555,0.9444444444444444,0.005994005994005994,0.1435149671756815
arc2_supporting,vote_margin,higher_is_more_confident,64,64,120,0.5333333333333333,3.5,0.0546875,0.9453125,0.005494505494505494,0.14135839746191312
arc2_supporting,vote_margin,higher_is_more_confident,65,65,120,0.5416666666666666,3.5,0.05384615384615385,0.9461538461538461,0.005494505494505494,0.1392681837393376
arc2_supporting,vote_margin,higher_is_more_confident,66,66,120,0.55,3.5,0.05303030303030303,0.946969696969697,0.005494505494505494,0.13724130982653712
arc2_supporting,vote_margin,higher_is_more_confident,67,67,120,0.5583333333333333,3.5,0.05223880597014925,0.9477611940298507,0.004995004995004995,0.13526748438129038
arc2_supporting,vote_margin,higher_is_more_confident,68,68,120,0.5666666666666667,3.5,0.051470588235294115,0.9485294117647058,0.004995004995004995,0.1333517126256097
arc2_supporting,vote_margin,higher_is_more_confident,69,69,120,0.575,3.5,0.050724637681159424,0.9492753623188406,0.004995004995004995,0.1314914704860357
arc2_supporting,vote_margin,higher_is_more_confident,70,70,120,0.5833333333333334,3.5,0.05,0.95,0.004995004995004995,0.1296843781218781
arc2_supporting,vote_margin,higher_is_more_confident,71,71,120,0.5916666666666667,3.5,0.04929577464788732,0.9507042253521126,0.004995004995004995,0.12792818976797848
arc2_supporting,vote_margin,higher_is_more_confident,72,72,120,0.6,3.5,0.04861111111111111,0.9513888888888888,0.004662004662004662,0.1262161594192844
arc2_supporting,vote_margin,higher_is_more_confident,73,73,120,0.6083333333333333,3.5,0.04794520547945205,0.952054794520548,0.003996003996003996,0.1245419107148559
arc2_supporting,vote_margin,higher_is_more_confident,74,74,120,0.6166666666666667,3.5,0.0472972972972973,0.9527027027027027,0.003996003996003996,0.12291291197541196
arc2_supporting,vote_margin,higher_is_more_confident,75,75,120,0.625,3.5,0.04666666666666667,0.9533333333333334,0.003996003996003996,0.12132735320235319
arc2_supporting,vote_margin,higher_is_more_confident,76,76,120,0.6333333333333333,3.5,0.046052631578947366,0.9539473684210527,0.002997002997002997,0.11977037491017753
arc2_supporting,vote_margin,higher_is_more_confident,77,77,120,0.6416666666666667,3.5,0.045454545454545456,0.9545454545454546,0.002997002997002997,0.11825383761260382
arc2_supporting,vote_margin,higher_is_more_confident,78,78,120,0.65,3.5,0.04487179487179487,0.9551282051282052,0.002997002997002997,0.11677618588676278
arc2_supporting,vote_margin,higher_is_more_confident,79,79,120,0.6583333333333333,3.5,0.04430379746835443,0.9556962025316456,0.002997002997002997,0.1153359430653734
arc2_supporting,vote_margin,higher_is_more_confident,80,80,120,0.6666666666666666,3.5,0.04375,0.95625,0.002997002997002997,0.11393170631451877
arc2_supporting,vote_margin,higher_is_more_confident,81,81,120,0.675,3.5,0.043209876543209874,0.9567901234567902,0.0024975024975024975,0.11255597540319759
arc2_supporting,vote_margin,higher_is_more_confident,82,82,120,0.6833333333333333,3.5,0.042682926829268296,0.9573170731707317,0.001998001998001998,0.11120770743484154
arc2_supporting,vote_margin,higher_is_more_confident,83,83,120,0.6916666666666667,3.5,0.04216867469879518,0.9578313253012049,0.001998001998001998,0.10989192785126517
arc2_supporting,vote_margin,higher_is_more_confident,84,84,120,0.7,3.5,0.041666666666666664,0.9583333333333334,0.001998001998001998,0.10860747635301203
arc2_supporting,vote_margin,higher_is_more_confident,85,85,120,0.7083333333333334,3.5,0.041176470588235294,0.9588235294117647,0.001998001998001998,0.1073532472429531
arc2_supporting,vote_margin,higher_is_more_confident,86,86,120,0.7166666666666667,3.5,0.040697674418604654,0.9593023255813954,0.001998001998001998,0.10612818625173273
arc2_supporting,vote_margin,higher_is_more_confident,87,87,120,0.725,3.5,0.040229885057471264,0.9597701149425287,0.0014985014985014985,0.10492554619709789
arc2_supporting,vote_margin,higher_is_more_confident,88,88,120,0.7333333333333333,3.5,0.03977272727272727,0.9602272727272727,0.0014985014985014985,0.10375023887097747
arc2_supporting,vote_margin,higher_is_more_confident,89,89,120,0.7416666666666667,3.5,0.03932584269662921,0.9606741573033708,0.0014985014985014985,0.10260134294544403
arc2_supporting,vote_margin,higher_is_more_confident,90,90,120,0.75,3.5,0.03888888888888889,0.9611111111111111,0.0014985014985014985,0.10147797804047799
arc2_supporting,vote_margin,higher_is_more_confident,91,91,120,0.7583333333333333,3.5,0.038461538461538464,0.9615384615384616,0.000999000999000999,0.10037381345760461
arc2_supporting,vote_margin,higher_is_more_confident,92,92,120,0.7666666666666667,3.5,0.03804347826086957,0.9619565217391304,0.000999000999000999,0.09929365245261979
arc2_supporting,vote_margin,higher_is_more_confident,93,93,120,0.775,3.5,0.03763440860215054,0.9623655913978495,0.000999000999000999,0.09823672071655935
arc2_supporting,vote_margin,higher_is_more_confident,94,94,120,0.7833333333333333,3.5,0.03723404255319149,0.9627659574468085,0.000999000999000999,0.09720227688977681
arc2_supporting,vote_margin,higher_is_more_confident,95,95,120,0.7916666666666666,3.5,0.03684210526315789,0.9631578947368421,0.000999000999000999,0.09618961082776864
arc2_supporting,vote_margin,higher_is_more_confident,96,96,120,0.8,3.5,0.036458333333333336,0.9635416666666666,0.000999000999000999,0.09519804197538563
arc2_supporting,vote_margin,higher_is_more_confident,97,97,120,0.8083333333333333,3.5,0.03608247422680412,0.9639175257731959,0.000999000999000999,0.09422691784160847
arc2_supporting,vote_margin,higher_is_more_confident,98,98,120,0.8166666666666667,3.5,0.03571428571428571,0.9642857142857143,0.000999000999000999,0.0932756125677043
arc2_supporting,vote_margin,higher_is_more_confident,99,99,120,0.825,3.5,0.03535353535353535,0.9646464646464646,0.000999000999000999,0.09234352558216183
arc2_supporting,vote_margin,higher_is_more_confident,100,100,120,0.8333333333333334,3.5,0.035,0.965,0.000999000999000999,0.09143008033633021
arc2_supporting,vote_margin,higher_is_more_confident,101,101,120,0.8416666666666667,3.5,0.034653465346534656,0.9653465346534653,0.000999000999000999,0.09053472311516854
arc2_supporting,vote_margin,higher_is_more_confident,102,102,120,0.85,3.5,0.03431372549019608,0.9656862745098039,0.000999000999000999,0.0896569219179512
arc2_supporting,vote_margin,higher_is_more_confident,103,103,120,0.8583333333333333,3.5,0.03398058252427184,0.9660194174757282,0.0004995004995004995,0.08879131588476236
arc2_supporting,vote_margin,higher_is_more_confident,104,104,120,0.8666666666666667,3.5,0.03365384615384615,0.9663461538461539,0.0004995004995004995,0.08794235612144254
arc2_supporting,vote_margin,higher_is_more_confident,105,105,120,0.875,3.5,0.03333333333333333,0.9666666666666667,0.0004995004995004995,0.08710956702028119
arc2_supporting,vote_margin,higher_is_more_confident,106,106,120,0.8833333333333333,3.5,0.0330188679245283,0.9669811320754716,0.0,0.08628777865216533
arc2_supporting,vote_margin,higher_is_more_confident,107,107,120,0.8916666666666667,3.5,0.03271028037383177,0.9672897196261683,0.0,0.08548135081429463
arc2_supporting,vote_margin,higher_is_more_confident,108,108,120,0.9,3.5,0.032407407407407406,0.9675925925925926,0.0,0.08468985682527339
arc2_supporting,vote_margin,higher_is_more_confident,109,109,120,0.9083333333333333,3.5,0.03211009174311927,0.9678899082568807,0.0,0.08391288566173877
arc2_supporting,vote_margin,higher_is_more_confident,110,110,120,0.9166666666666666,3.5,0.031818181818181815,0.9681818181818181,0.0,0.08315004124663204
arc2_supporting,vote_margin,higher_is_more_confident,111,111,120,0.925,3.5,0.03153153153153153,0.9684684684684685,0.0,0.08240094177594166
arc2_supporting,vote_margin,higher_is_more_confident,112,112,120,0.9333333333333333,3.5,0.03125,0.96875,0.0,0.08166521908151361
arc2_supporting,vote_margin,higher_is_more_confident,113,113,120,0.9416666666666667,3.5,0.030973451327433628,0.9690265486725663,0.0,0.0809425180276949
arc2_supporting,vote_margin,higher_is_more_confident,114,114,120,0.95,3.5,0.03070175438596491,0.9692982456140351,0.0,0.08023249593973268
arc2_supporting,vote_margin,higher_is_more_confident,115,115,120,0.9583333333333334,3.5,0.030434782608695653,0.9695652173913043,0.0,0.07953482206199587
arc2_supporting,vote_margin,higher_is_more_confident,116,116,120,0.9666666666666667,3.5,0.03017241379310345,0.9698275862068966,0.0,0.07884917704422004
arc2_supporting,vote_margin,higher_is_more_confident,117,117,120,0.975,3.5,0.029914529914529916,0.9700854700854701,0.0,0.07817525245409851
arc2_supporting,vote_margin,higher_is_more_confident,118,118,120,0.9833333333333333,3.5,0.029661016949152543,0.9703389830508474,0.0,0.07751275031465699
arc2_supporting,vote_margin,higher_is_more_confident,119,119,120,0.9916666666666667,3.5,0.029411764705882353,0.9705882352941176,0.0,0.07686138266495399
arc2_supporting,vote_margin,higher_is_more_confident,120,120,120,1.0,3.5,0.029166666666666667,0.9708333333333333,0.0,0.07622087114274605
arc2_supporting,vote_entropy,lower_is_more_confident,1,1,120,0.008333333333333333,1.0,1.0,0.0,0.006384756165240347,0.006384756165240347
arc2_supporting,vote_entropy,lower_is_more_confident,2,2,120,0.016666666666666666,2.0,1.0,0.0,0.09240931073730133,0.04939703345127083
arc2_supporting,vote_entropy,lower_is_more_confident,3,3,120,0.025,2.0,0.6666666666666666,0.33333333333333337,0.12678818384915916,0.07519408358390027
arc2_supporting,vote_entropy,lower_is_more_confident,4,4,120,0.03333333333333333,2.0,0.5,0.5,0.320470510320481,0.13651319026804545
arc2_supporting,vote_entropy,lower_is_more_confident,5,5,120,0.041666666666666664,2.0,0.4,0.6,0.7404147386620419,0.25729349994684475
arc2_supporting,vote_entropy,lower_is_more_confident,6,6,120,0.05,2.0,0.3333333333333333,0.6666666666666667,1.487826304800758,0.4623823007558303
arc2_supporting,vote_entropy,lower_is_more_confident,7,7,120,0.058333333333333334,2.0,0.2857142857142857,0.7142857142857143,2.7088615626021313,0.7833079095910163
arc2_supporting,vote_entropy,lower_is_more_confident,8,8,120,0.06666666666666667,2.0,0.25,0.75,2.7527897602835996,1.0294931409275891
arc2_supporting,vote_entropy,lower_is_more_confident,9,9,120,0.075,2.0,0.2222222222222222,0.7777777777777778,2.8546863622992134,1.2322923877466585
arc2_supporting,vote_entropy,lower_is_more_confident,10,10,120,0.08333333333333333,2.0,0.2,0.8,2.9837740267926485,1.4074405516512576
arc2_supporting,vote_entropy,lower_is_more_confident,11,11,120,0.09166666666666666,2.0,0.18181818181818182,0.8181818181818181,3.2727195419075406,1.577011368947283
arc2_supporting,vote_entropy,lower_is_more_confident,12,12,120,0.1,2.0,0.16666666666666666,0.8333333333333334,3.290296303008209,1.7197851134523603
arc2_supporting,vote_entropy,lower_is_more_confident,13,13,120,0.10833333333333334,2.0,0.15384615384615385,0.8461538461538461,3.3185865391451763,1.842769838505654
arc2_supporting,vote_entropy,lower_is_more_confident,14,14,120,0.11666666666666667,2.0,0.14285714285714285,0.8571428571428572,3.3413550743925056,1.9498116410690005
arc2_supporting,vote_entropy,lower_is_more_confident,15,15,120,0.125,2.0,0.13333333333333333,0.8666666666666667,3.5166776855590465,2.0542693773683367
arc2_supporting,vote_entropy,lower_is_more_confident,16,16,120,0.13333333333333333,2.0,0.125,0.875,3.701214968596892,2.1572034768201216
arc2_supporting,vote_entropy,lower_is_more_confident,17,17,120,0.14166666666666666,2.0,0.11764705882352941,0.8823529411764706,3.7064193593411785,2.2483338228507717
arc2_supporting,vote_entropy,lower_is_more_confident,18,18,120,0.15,2.0,0.1111111111111111,0.8888888888888888,3.759352778752713,2.33227932040088
arc2_supporting,vote_entropy,lower_is_more_confident,19,19,120,0.15833333333333333,2.0,0.10526315789473684,0.8947368421052632,4.022060800701214,2.4212151877851076
arc2_supporting,vote_entropy,lower_is_more_confident,20,20,120,0.16666666666666666,2.0,0.1,0.9,4.123960141032615,2.506352435447483
arc2_supporting,vote_entropy,lower_is_more_confident,21,21,120,0.175,2.0,0.09523809523809523,0.9047619047619048,4.14996509171835,2.5846197047937145
arc2_supporting,vote_entropy,lower_is_more_confident,22,22,120,0.18333333333333332,2.5,0.11363636363636363,0.8863636363636364,4.174206646807725,2.6568736567034423
arc2_supporting,vote_entropy,lower_is_more_confident,23,23,120,0.19166666666666668,2.5,0.10869565217391304,0.8913043478260869,4.236646822713024,2.725559446529946
arc2_supporting,vote_entropy,lower_is_more_confident,24,24,120,0.2,2.5,0.10416666666666667,0.8958333333333334,4.29289944621029,2.7908652798499602
arc2_supporting,vote_entropy,lower_is_more_confident,25,25,120,0.20833333333333334,3.0,0.12,0.88,4.515637191143295,2.859856156301694
arc2_supporting,vote_entropy,lower_is_more_confident,26,26,120,0.21666666666666667,3.0,0.11538461538461539,0.8846153846153846,4.595523981778354,2.926612611127719
arc2_supporting,vote_entropy,lower_is_more_confident,27,27,120,0.225,3.0,0.1111111111111111,0.8888888888888888,4.635567737949115,2.9899072454544378
arc2_supporting,vote_entropy,lower_is_more_confident,28,28,120,0.23333333333333334,3.0,0.10714285714285714,0.8928571428571429,4.680207726341234,3.050275119771823
arc2_supporting,vote_entropy,lower_is_more_confident,29,29,120,0.24166666666666667,3.0,0.10344827586206896,0.896551724137931,4.742735878732577,3.108635835598056
arc2_supporting,vote_entropy,lower_is_more_confident,30,30,120,0.25,3.0,0.1,0.9,4.823095820636642,3.165784501766009
arc2_supporting,vote_entropy,lower_is_more_confident,31,31,120,0.25833333333333336,3.0,0.0967741935483871,0.9032258064516129,4.825232839385118,3.2193150933021095
arc2_supporting,vote_entropy,lower_is_more_confident,32,32,120,0.26666666666666666,3.0,0.09375,0.90625,4.859447744229612,3.270569238643594
arc2_supporting,vote_entropy,lower_is_more_confident,33,33,120,0.275,3.0,0.09090909090909091,0.9090909090909091,4.930538631743147,3.3208713414647923
arc2_supporting,vote_entropy,lower_is_more_confident,34,34,120,0.2833333333333333,3.0,0.08823529411764706,0.9117647058823529,5.091789515183297,3.3729571701035717
arc2_supporting,vote_entropy,lower_is_more_confident,35,35,120,0.2916666666666667,3.0,0.08571428571428572,0.9142857142857143,5.161321034777304,3.424053280522821
arc2_supporting,vote_entropy,lower_is_more_confident,36,36,120,0.3,3.0,0.08333333333333333,0.9166666666666666,5.227476682183944,3.4741483750134083
arc2_supporting,vote_entropy,lower_is_more_confident,37,37,120,0.30833333333333335,3.0,0.08108108108108109,0.9189189189189189,5.266912806745013,3.522601467762911
arc2_supporting,vote_entropy,lower_is_more_confident,38,38,120,0.31666666666666665,3.0,0.07894736842105263,0.9210526315789473,5.277458503019521,3.5687819160591374
arc2_supporting,vote_entropy,lower_is_more_confident,39,39,120,0.325,3.0,0.07692307692307693,0.9230769230769231,5.299038706521424,3.61314747478894
arc2_supporting,vote_entropy,lower_is_more_confident,40,40,120,0.3333333333333333,3.0,0.075,0.925,5.2996531282168196,3.6553101161246366
arc2_supporting,vote_entropy,lower_is_more_confident,41,41,120,0.3416666666666667,3.0,0.07317073170731707,0.926829268292683,5.38537629717991,3.697506852247936
arc2_supporting,vote_entropy,lower_is_more_confident,42,42,120,0.35,3.0,0.07142857142857142,0.9285714285714286,5.390946430841252,3.737826842214443
arc2_supporting,vote_entropy,lower_is_more_confident,43,43,120,0.35833333333333334,3.0,0.06976744186046512,0.9302325581395349,5.505192229645689,3.7789283628523793
arc2_supporting,vote_entropy,lower_is_more_confident,44,44,120,0.36666666666666664,3.0,0.06818181818181818,0.9318181818181819,5.598922192470976,3.8202918589800747
arc2_supporting,vote_entropy,lower_is_more_confident,45,45,120,0.375,3.0,0.06666666666666667,0.9333333333333333,5.706974607231961,3.862218142274561
arc2_supporting,vote_entropy,lower_is_more_confident,46,46,120,0.38333333333333336,3.0,0.06521739130434782,0.9347826086956522,5.779428166923932,3.9038966210712864
arc2_supporting,vote_entropy,lower_is_more_confident,47,47,120,0.39166666666666666,3.0,0.06382978723404255,0.9361702127659575,5.7963208749317054,3.944160966898104
arc2_supporting,vote_entropy,lower_is_more_confident,48,48,120,0.4,3.0,0.0625,0.9375,5.95193030379906,3.985989494750207
arc2_supporting,vote_entropy,lower_is_more_confident,49,49,120,0.4083333333333333,3.0,0.061224489795918366,0.9387755102040817,5.9643003007108915,4.0263631846677725
arc2_supporting,vote_entropy,lower_is_more_confident,50,50,120,0.4166666666666667,3.0,0.06,0.94,5.991014236346496,4.065656205701347
arc2_supporting,vote_entropy,lower_is_more_confident,51,51,120,0.425,3.0,0.058823529411764705,0.9411764705882353,6.01550833418017,4.103888600377402
arc2_supporting,vote_entropy,lower_is_more_confident,52,52,120,0.43333333333333335,3.0,0.057692307692307696,0.9423076923076923,6.081970335862685,4.141928633752119
arc2_supporting,vote_entropy,lower_is_more_confident,53,53,120,0.44166666666666665,3.0,0.05660377358490566,0.9433962264150944,6.1291004016601125,4.179422440693779
arc2_supporting,vote_entropy,lower_is_more_confident,54,54,120,0.45,3.0,0.05555555555555555,0.9444444444444444,6.158178589407195,4.216066073077361
arc2_supporting,vote_entropy,lower_is_more_confident,55,55,120,0.4583333333333333,3.0,0.05454545454545454,0.9454545454545454,6.171209228374197,4.251614130446394
arc2_supporting,vote_entropy,lower_is_more_confident,56,56,120,0.4666666666666667,3.5,0.0625,0.9375,6.179425939404054,4.286039341320638
arc2_supporting,vote_entropy,lower_is_more_confident,57,57,120,0.475,3.5,0.06140350877192982,0.9385964912280702,6.187888182643048,4.319405110466645
arc2_supporting,vote_entropy,lower_is_more_confident,58,58,120,0.48333333333333334,3.5,0.0603448275862069,0.9396551724137931,6.227181787626315,4.352297811796984
arc2_supporting,vote_entropy,lower_is_more_confident,59,59,120,0.49166666666666664,3.5,0.059322033898305086,0.940677966101695,6.249961213366187,4.3844615982642585
arc2_supporting,vote_entropy,lower_is_more_confident,60,60,120,0.5,3.5,0.058333333333333334,0.9416666666666667,6.270425288713726,4.4158943264384165
arc2_supporting,vote_entropy,lower_is_more_confident,61,61,120,0.5083333333333333,3.5,0.05737704918032787,0.9426229508196722,6.330528879408362,4.447281778126448
arc2_supporting,vote_entropy,lower_is_more_confident,62,62,120,0.5166666666666667,3.5,0.056451612903225805,0.9435483870967742,6.413033729106764,4.4789874547551625
arc2_supporting,vote_entropy,lower_is_more_confident,63,63,120,0.525,3.5,0.05555555555555555,0.9444444444444444,6.5059213628292545,4.511161008851577
arc2_supporting,vote_entropy,lower_is_more_confident,64,64,120,0.5333333333333333,3.5,0.0546875,0.9453125,6.5263356412631435,4.542648112483008
arc2_supporting,vote_entropy,lower_is_more_confident,65,65,120,0.5416666666666666,3.5,0.05384615384615385,0.9461538461538461,6.584267818766356,4.574057646425828
arc2_supporting,vote_entropy,lower_is_more_confident,66,66,120,0.55,3.5,0.05303030303030303,0.946969696969697,6.627423317490615,4.605169247502568
arc2_supporting,vote_entropy,lower_is_more_confident,67,67,120,0.5583333333333333,3.5,0.05223880597014925,0.9477611940298507,6.636941328558155,4.635494203936234
arc2_supporting,vote_entropy,lower_is_more_confident,68,68,120,0.5666666666666667,3.5,0.051470588235294115,0.9485294117647058,6.637129169357657,4.664930012251254
arc2_supporting,vote_entropy,lower_is_more_confident,69,69,120,0.575,3.5,0.050724637681159424,0.9492753623188406,6.641850331843309,4.6935810313757775
arc2_supporting,vote_entropy,lower_is_more_confident,70,70,120,0.5833333333333334,3.5,0.05,0.95,6.65395373816208,4.721586355758439
arc2_supporting,vote_entropy,lower_is_more_confident,71,71,120,0.5916666666666667,3.5,0.04929577464788732,0.9507042253521126,6.655104678609381,4.74881900819296
arc2_supporting,vote_entropy,lower_is_more_confident,72,72,120,0.6,3.5,0.04861111111111111,0.9513888888888888,6.6735946414425396,4.775552003099204
arc2_supporting,vote_entropy,lower_is_more_confident,73,73,120,0.6083333333333333,3.5,0.04794520547945205,0.952054794520548,6.679469553807509,4.801633065437674
arc2_supporting,vote_entropy,lower_is_more_confident,74,74,120,0.6166666666666667,3.5,0.0472972972972973,0.9527027027027027,6.696036123672663,4.827233106765174
arc2_supporting,vote_entropy,lower_is_more_confident,75,75,120,0.625,3.5,0.04666666666666667,0.9533333333333334,6.697767183119758,4.852173561116569
arc2_supporting,vote_entropy,lower_is_more_confident,76,76,120,0.6333333333333333,3.5,0.046052631578947366,0.9539473684210527,6.699136692519588,4.876475707582398
arc2_supporting,vote_entropy,lower_is_more_confident,77,77,120,0.6416666666666667,3.5,0.045454545454545456,0.9545454545454546,6.727074893616354,4.900509463245177
arc2_supporting,vote_entropy,lower_is_more_confident,78,78,120,0.65,3.5,0.04487179487179487,0.9551282051282052,6.768630558123804,4.924459733692339
arc2_supporting,vote_entropy,lower_is_more_confident,79,79,120,0.6583333333333333,3.5,0.04430379746835443,0.9556962025316456,6.775913258031483,4.947895854253593
arc2_supporting,vote_entropy,lower_is_more_confident,80,80,120,0.6666666666666666,3.5,0.04375,0.95625,6.78111053504464,4.9708110377634815
arc2_supporting,vote_entropy,lower_is_more_confident,81,81,120,0.675,3.5,0.043209876543209874,0.9567901234567902,6.783239164360712,4.993186693647399
arc2_supporting,vote_entropy,lower_is_more_confident,82,82,120,0.6833333333333333,3.5,0.042682926829268296,0.9573170731707317,6.807106588933328,5.015307667980154
arc2_supporting,vote_entropy,lower_is_more_confident,83,83,120,0.6916666666666667,3.5,0.04216867469879518,0.9578313253012049,6.810848112449826,5.036940685383403
arc2_supporting,vote_entropy,lower_is_more_confident,84,84,120,0.7,3.5,0.041666666666666664,0.9583333333333334,6.82755865927153,5.058257566024928
arc2_supporting,vote_entropy,lower_is_more_confident,85,85,120,0.7083333333333334,3.5,0.041176470588235294,0.9588235294117647,6.832451314243395,5.079130433651027
arc2_supporting,vote_entropy,lower_is_more_confident,86,86,120,0.7166666666666667,3.5,0.040697674418604654,0.9593023255813954,6.843677857989941,5.099648426957294
arc2_supporting,vote_entropy,lower_is_more_confident,87,87,120,0.725,3.5,0.040229885057471264,0.9597701149425287,6.86193816425675,5.119904630834299
arc2_supporting,vote_entropy,lower_is_more_confident,88,88,120,0.7333333333333333,3.5,0.03977272727272727,0.9602272727272727,6.864341449553346,5.1397277765015605
arc2_supporting,vote_entropy,lower_is_more_confident,89,89,120,0.7416666666666667,3.5,0.03932584269662921,0.9606741573033708,6.866898019401754,5.1591341837251585
arc2_supporting,vote_entropy,lower_is_more_confident,90,90,120,0.75,3.5,0.03888888888888889,0.9611111111111111,6.8671804207734075,5.178112475247916
arc2_supporting,vote_entropy,lower_is_more_confident,91,91,120,0.7583333333333333,3.5,0.038461538461538464,0.9615384615384616,6.879884929885115,5.196813271452721
arc2_supporting,vote_entropy,lower_is_more_confident,92,92,120,0.7666666666666667,3.5,0.03804347826086957,0.9619565217391304,6.880011139445163,5.215108900452639
arc2_supporting,vote_entropy,lower_is_more_confident,93,93,120,0.775,3.5,0.03763440860215054,0.9623655913978495,6.886901110545141,5.2330851607762146
arc2_supporting,vote_entropy,lower_is_more_confident,94,94,120,0.7833333333333333,3.5,0.03723404255319149,0.9627659574468085,6.888137329351801,5.250692098739784
arc2_supporting,vote_entropy,lower_is_more_confident,95,95,120,0.7916666666666666,3.5,0.03684210526315789,0.9631578947368421,6.8971182021251645,5.268022899828051
arc2_supporting,vote_entropy,lower_is_more_confident,96,96,120,0.8,3.5,0.036458333333333336,0.9635416666666666,6.898276325026022,5.285004706340531
arc2_supporting,vote_entropy,lower_is_more_confident,97,97,120,0.8083333333333333,3.5,0.03608247422680412,0.9639175257731959,6.899752867879375,5.301651594603817
arc2_supporting,vote_entropy,lower_is_more_confident,98,98,120,0.8166666666666667,3.5,0.03571428571428571,0.9642857142857143,6.902261324073539,5.3179843469453445
arc2_supporting,vote_entropy,lower_is_more_confident,99,99,120,0.825,3.5,0.03535353535353535,0.9646464646464646,6.9026578399318375,5.333991149904804
arc2_supporting,vote_entropy,lower_is_more_confident,100,100,120,0.8333333333333334,3.5,0.035,0.965,6.9032151415085465,5.349683389820842
arc2_supporting,vote_entropy,lower_is_more_confident,101,101,120,0.8416666666666667,3.5,0.034653465346534656,0.9653465346534653,6.904077325541868,5.365073428788377
arc2_supporting,vote_entropy,lower_is_more_confident,102,102,120,0.85,3.5,0.03431372549019608,0.9656862745098039,6.904600050960214,5.380166827044963
arc2_supporting,vote_entropy,lower_is_more_confident,103,103,120,0.8583333333333333,3.5,0.03398058252427184,0.9660194174757282,6.905292505686049,5.394973872468663
arc2_supporting,vote_entropy,lower_is_more_confident,104,104,120,0.8666666666666667,3.5,0.03365384615384615,0.9663461538461539,6.906677415137716,5.409509483455865
arc2_supporting,vote_entropy,lower_is_more_confident,105,105,120,0.875,3.5,0.03333333333333333,0.9666666666666667,6.906677415137716,5.423768225662358
arc2_supporting,vote_entropy,lower_is_more_confident,106,106,120,0.8833333333333333,3.5,0.0330188679245283,0.9669811320754716,6.906677415137717,5.43775793499703
arc2_supporting,vote_entropy,lower_is_more_confident,107,107,120,0.8916666666666667,3.5,0.03271028037383177,0.9672897196261683,6.907369869863551,5.451492625977092
arc2_supporting,vote_entropy,lower_is_more_confident,108,108,120,0.9,3.5,0.032407407407407406,0.9675925925925926,6.907369869863551,5.464972970827893
arc2_supporting,vote_entropy,lower_is_more_confident,109,109,120,0.9083333333333333,3.5,0.03211009174311927,0.9678899082568807,6.907369869863551,5.478205969901615
arc2_supporting,vote_entropy,lower_is_more_confident,110,110,120,0.9166666666666666,3.5,0.031818181818181815,0.9681818181818181,6.907369869863551,5.491198368992179
arc2_supporting,vote_entropy,lower_is_more_confident,111,111,120,0.925,3.5,0.03153153153153153,0.9684684684684685,6.907369869863551,5.5039566708018315
arc2_supporting,vote_entropy,lower_is_more_confident,112,112,120,0.9333333333333333,3.5,0.03125,0.96875,6.907369869863551,5.516487145793454
arc2_supporting,vote_entropy,lower_is_more_confident,113,113,120,0.9416666666666667,3.5,0.030973451327433628,0.9690265486725663,6.908062324589385,5.528801970384569
arc2_supporting,vote_entropy,lower_is_more_confident,114,114,120,0.95,3.5,0.03070175438596491,0.9692982456140351,6.908754779315219,5.540906819585715
arc2_supporting,vote_entropy,lower_is_more_confident,115,115,120,0.9583333333333334,3.5,0.030434782608695653,0.9695652173913043,6.908754779315219,5.55280114967032
arc2_supporting,vote_entropy,lower_is_more_confident,116,116,120,0.9666666666666667,3.5,0.03017241379310345,0.9698275862068966,6.908754779315219,5.564490405098294
arc2_supporting,vote_entropy,lower_is_more_confident,117,117,120,0.975,3.5,0.029914529914529916,0.9700854700854701,6.908754779315219,5.575979844194165
arc2_supporting,vote_entropy,lower_is_more_confident,118,118,120,0.9833333333333333,3.5,0.029661016949152543,0.9703389830508474,6.908754779315219,5.587274547034174
arc2_supporting,vote_entropy,lower_is_more_confident,119,119,120,0.9916666666666667,3.5,0.029411764705882353,0.9705882352941176,6.908754779315219,5.598379422935696
arc2_supporting,vote_entropy,lower_is_more_confident,120,120,120,1.0,3.5,0.029166666666666667,0.9708333333333333,6.908754779315219,5.609299217572191
arc2_supporting,winner_mean_q,higher_is_more_confident,1,1,120,0.008333333333333333,1.0,1.0,0.0,0.9997275125002263,0.9997275125002263
arc2_supporting,winner_mean_q,higher_is_more_confident,2,2,120,0.016666666666666666,2.0,1.0,0.0,0.995959130677617,0.9978433215889216
arc2_supporting,winner_mean_q,higher_is_more_confident,3,3,120,0.025,2.0,0.6666666666666666,0.33333333333333337,0.9902000650004024,0.9952955693927485
arc2_supporting,winner_mean_q,higher_is_more_confident,4,4,120,0.03333333333333333,2.0,0.5,0.5,0.9884097576141357,0.9935741164480953
arc2_supporting,winner_mean_q,higher_is_more_confident,5,5,120,0.041666666666666664,2.0,0.4,0.6,0.9858868720952936,0.992036667577535
arc2_supporting,winner_mean_q,higher_is_more_confident,6,6,120,0.05,2.0,0.3333333333333333,0.6666666666666667,0.9805795554358225,0.9901271488872495
arc2_supporting,winner_mean_q,higher_is_more_confident,7,7,120,0.058333333333333334,2.0,0.2857142857142857,0.7142857142857143,0.9685877786029743,0.987050095989496
arc2_supporting,winner_mean_q,higher_is_more_confident,8,8,120,0.06666666666666667,2.0,0.25,0.75,0.9426527896831776,0.9815004327012061
arc2_supporting,winner_mean_q,higher_is_more_confident,9,9,120,0.075,2.5,0.2777777777777778,0.7222222222222222,0.9417733177355047,0.9770863088161281
arc2_supporting,winner_mean_q,higher_is_more_confident,10,10,120,0.08333333333333333,2.5,0.25,0.75,0.9272919022589922,0.9721068681604145
arc2_supporting,winner_mean_q,higher_is_more_confident,11,11,120,0.09166666666666666,2.5,0.22727272727272727,0.7727272727272727,0.9205175908615014,0.9674169338605133
arc2_supporting,winner_mean_q,higher_is_more_confident,12,12,120,0.1,2.5,0.20833333333333334,0.7916666666666666,0.9167556166648865,0.9631951574275445
arc2_supporting,winner_mean_q,higher_is_more_confident,13,13,120,0.10833333333333334,2.5,0.19230769230769232,0.8076923076923077,0.9139575172554363,0.9594076466450746
arc2_supporting,winner_mean_q,higher_is_more_confident,14,14,120,0.11666666666666667,2.5,0.17857142857142858,0.8214285714285714,0.8763390176883146,0.9534741731481632
arc2_supporting,winner_mean_q,higher_is_more_confident,15,15,120,0.125,2.5,0.16666666666666666,0.8333333333333334,0.8637217895802832,0.9474906809103045
arc2_supporting,winner_mean_q,higher_is_more_confident,16,16,120,0.13333333333333333,2.5,0.15625,0.84375,0.8596184486125269,0.9419986663916935
arc2_supporting,winner_mean_q,higher_is_more_confident,17,17,120,0.14166666666666666,2.5,0.14705882352941177,0.8529411764705882,0.85125245088548,0.9366606537148574
arc2_supporting,winner_mean_q,higher_is_more_confident,18,18,120,0.15,2.5,0.1388888888888889,0.8611111111111112,0.834943716234078,0.931009712743703
arc2_supporting,winner_mean_q,higher_is_more_confident,19,19,120,0.15833333333333333,2.5,0.13157894736842105,0.868421052631579,0.7992146867643861,0.9240731324290021
arc2_supporting,winner_mean_q,higher_is_more_confident,20,20,120,0.16666666666666666,2.5,0.125,0.875,0.7892092100719907,0.9173299363111516
arc2_supporting,winner_mean_q,higher_is_more_confident,21,21,120,0.175,2.5,0.11904761904761904,0.8809523809523809,0.7817194090495186,0.9108722921558358
arc2_supporting,winner_mean_q,higher_is_more_confident,22,22,120,0.18333333333333332,2.5,0.11363636363636363,0.8863636363636364,0.7752198188052494,0.9047062706399001
arc2_supporting,winner_mean_q,higher_is_more_confident,23,23,120,0.19166666666666668,2.5,0.10869565217391304,0.8913043478260869,0.7707332545205167,0.8988813568955791
arc2_supporting,winner_mean_q,higher_is_more_confident,24,24,120,0.2,2.5,0.10416666666666667,0.8958333333333334,0.763189869792494,0.8932275449329506
arc2_supporting,winner_mean_q,higher_is_more_confident,25,25,120,0.20833333333333334,2.5,0.1,0.9,0.7587183818410513,0.8878471784092747
arc2_supporting,winner_mean_q,higher_is_more_confident,26,26,120,0.21666666666666667,2.5,0.09615384615384616,0.9038461538461539,0.7450095388807099,0.8823534230427914
arc2_supporting,winner_mean_q,higher_is_more_confident,27,27,120,0.225,2.5,0.09259259259259259,0.9074074074074074,0.7408609115074029,0.8771129596525918
arc2_supporting,winner_mean_q,higher_is_more_confident,28,28,120,0.23333333333333334,2.5,0.08928571428571429,0.9107142857142857,0.7350928070390375,0.8720408113449649
arc2_supporting,winner_mean_q,higher_is_more_confident,29,29,120,0.24166666666666667,2.5,0.08620689655172414,0.9137931034482758,0.7262282390957293,0.8670127916122327
arc2_supporting,winner_mean_q,higher_is_more_confident,30,30,120,0.25,2.5,0.08333333333333333,0.9166666666666666,0.7187267849221826,0.8620699247225644
arc2_supporting,winner_mean_q,higher_is_more_confident,31,31,120,0.25833333333333336,2.5,0.08064516129032258,0.9193548387096774,0.7138265043241272,0.85728787890326
arc2_supporting,winner_mean_q,higher_is_more_confident,32,32,120,0.26666666666666666,2.5,0.078125,0.921875,0.7059812531083575,0.8525595468471693
arc2_supporting,winner_mean_q,higher_is_more_confident,33,33,120,0.275,2.5,0.07575757575757576,0.9242424242424242,0.7035978790962055,0.8480455569153218
arc2_supporting,winner_mean_q,higher_is_more_confident,34,34,120,0.2833333333333333,2.5,0.07352941176470588,0.9264705882352942,0.697396752734979,0.843614709733547
arc2_supporting,winner_mean_q,higher_is_more_confident,35,35,120,0.2916666666666667,2.5,0.07142857142857142,0.9285714285714286,0.6935916366272195,0.8393283362162234
arc2_supporting,winner_mean_q,higher_is_more_confident,36,36,120,0.3,2.5,0.06944444444444445,0.9305555555555556,0.6894389390945435,0.8351647418517323
arc2_supporting,winner_mean_q,higher_is_more_confident,37,37,120,0.30833333333333335,2.5,0.06756756756756757,0.9324324324324325,0.6845817132429644,0.8310949302677114
arc2_supporting,winner_mean_q,higher_is_more_confident,38,38,120,0.31666666666666665,2.5,0.06578947368421052,0.9342105263157895,0.6678079125878955,0.8267979034866637
arc2_supporting,winner_mean_q,higher_is_more_confident,39,39,120,0.325,2.5,0.0641025641025641,0.9358974358974359,0.6613002327121013,0.8225543734668032
arc2_supporting,winner_mean_q,higher_is_more_confident,40,40,120,0.3333333333333333,2.5,0.0625,0.9375,0.648890033364296,0.8182127649642406
arc2_supporting,winner_mean_q,higher_is_more_confident,41,41,120,0.3416666666666667,2.5,0.06097560975609756,0.9390243902439024,0.643372121182355,0.8139483590183408
arc2_supporting,winner_mean_q,higher_is_more_confident,42,42,120,0.35,2.5,0.05952380952380952,0.9404761904761905,0.6013484097899752,0.8088864554652846
arc2_supporting,winner_mean_q,higher_is_more_confident,43,43,120,0.35833333333333334,2.5,0.05813953488372093,0.9418604651162791,0.5874110184685543,0.8037358639072211
arc2_supporting,winner_mean_q,higher_is_more_confident,44,44,120,0.36666666666666664,2.5,0.056818181818181816,0.9431818181818182,0.5725340936882091,0.7984812782204255
arc2_supporting,winner_mean_q,higher_is_more_confident,45,45,120,0.375,2.5,0.05555555555555555,0.9444444444444444,0.5377994225120516,0.7926883480935727
arc2_supporting,winner_mean_q,higher_is_more_confident,46,46,120,0.38333333333333336,2.5,0.05434782608695652,0.9456521739130435,0.5283751865582806,0.7869424097993272
arc2_supporting,winner_mean_q,higher_is_more_confident,47,47,120,0.39166666666666666,2.5,0.05319148936170213,0.9468085106382979,0.49963295546327724,0.7808294426857942
arc2_supporting,winner_mean_q,higher_is_more_confident,48,48,120,0.4,2.5,0.052083333333333336,0.9479166666666666,0.4958063215017319,0.7748914609944596
arc2_supporting,winner_mean_q,higher_is_more_confident,49,49,120,0.4083333333333333,2.5,0.05102040816326531,0.9489795918367347,0.4952902663111066,0.7691853141641871
arc2_supporting,winner_mean_q,higher_is_more_confident,50,50,120,0.4166666666666667,2.5,0.05,0.95,0.48725246239838926,0.7635466571288712
arc2_supporting,winner_mean_q,higher_is_more_confident,51,51,120,0.425,2.5,0.049019607843137254,0.9509803921568627,0.47548910138792677,0.7578984697614016
arc2_supporting,winner_mean_q,higher_is_more_confident,52,52,120,0.43333333333333335,2.5,0.04807692307692308,0.9519230769230769,0.4619163369590586,0.7522065056690489
arc2_supporting,winner_mean_q,higher_is_more_confident,53,53,120,0.44166666666666665,2.5,0.04716981132075472,0.9528301886792453,0.432100569208463,0.7461667710188492
arc2_supporting,winner_mean_q,higher_is_more_confident,54,54,120,0.45,3.0,0.05555555555555555,0.9444444444444444,0.43051046100541696,0.7403212837963783
arc2_supporting,winner_mean_q,higher_is_more_confident,55,55,120,0.4583333333333333,3.5,0.06363636363636363,0.9363636363636364,0.41924422374911263,0.7344835190682462
arc2_supporting,winner_mean_q,higher_is_more_confident,56,56,120,0.4666666666666667,3.5,0.0625,0.9375,0.41303829005254167,0.7287434256929657
arc2_supporting,winner_mean_q,higher_is_more_confident,57,57,120,0.475,3.5,0.06140350877192982,0.9385964912280702,0.4100492438201036,0.7231522996951961
arc2_supporting,winner_mean_q,higher_is_more_confident,58,58,120,0.48333333333333334,3.5,0.0603448275862069,0.9396551724137931,0.40976644056784733,0.7177490952274833
arc2_supporting,winner_mean_q,higher_is_more_confident,59,59,120,0.49166666666666664,3.5,0.059322033898305086,0.940677966101695,0.4073359249647428,0.7124878550535385
arc2_supporting,winner_mean_q,higher_is_more_confident,60,60,120,0.5,3.5,0.058333333333333334,0.9416666666666667,0.4010972458761065,0.707298011567248
arc2_supporting,winner_mean_q,higher_is_more_confident,61,61,120,0.5083333333333333,3.5,0.05737704918032787,0.9426229508196722,0.38480908881153975,0.702011307915515
arc2_supporting,winner_mean_q,higher_is_more_confident,62,62,120,0.5166666666666667,3.5,0.056451612903225805,0.9435483870967742,0.3824843378229575,0.6968576471075706
arc2_supporting,winner_mean_q,higher_is_more_confident,63,63,120,0.525,3.5,0.05555555555555555,0.9444444444444444,0.36969146877527237,0.691664533165788
arc2_supporting,winner_mean_q,higher_is_more_confident,64,64,120,0.5333333333333333,3.5,0.0546875,0.9453125,0.3641176358189272,0.6865466128947434
arc2_supporting,winner_mean_q,higher_is_more_confident,65,65,120,0.5416666666666666,3.5,0.05384615384615385,0.9461538461538461,0.36223218539463625,0.6815571601639725
arc2_supporting,winner_mean_q,higher_is_more_confident,66,66,120,0.55,3.5,0.05303030303030303,0.946969696969697,0.3468927414342761,0.6764864871529165
arc2_supporting,winner_mean_q,higher_is_more_confident,67,67,120,0.5583333333333333,3.5,0.05223880597014925,0.9477611940298507,0.33634406066499656,0.6714097345187685
arc2_supporting,winner_mean_q,higher_is_more_confident,68,68,120,0.5666666666666667,3.5,0.051470588235294115,0.9485294117647058,0.33000385388731956,0.6663890598036001
arc2_supporting,winner_mean_q,higher_is_more_confident,69,69,120,0.575,3.5,0.050724637681159424,0.9492753623188406,0.3217899529263377,0.6613948698488572
arc2_supporting,winner_mean_q,higher_is_more_confident,70,70,120,0.5833333333333334,3.5,0.05,0.95,0.31273476585097937,0.6564140112203161
arc2_supporting,winner_mean_q,higher_is_more_confident,71,71,120,0.5916666666666667,3.5,0.04929577464788732,0.9507042253521126,0.2850329947968324,0.6511832926791402
arc2_supporting,winner_mean_q,higher_is_more_confident,72,72,120,0.6,3.5,0.04861111111111111,0.9513888888888888,0.27330272995643845,0.6459349515302137
arc2_supporting,winner_mean_q,higher_is_more_confident,73,73,120,0.6083333333333333,3.5,0.04794520547945205,0.952054794520548,0.2591650178655982,0.6406367332608355
arc2_supporting,winner_mean_q,higher_is_more_confident,74,74,120,0.6166666666666667,3.5,0.0472972972972973,0.9527027027027027,0.2539503276348114,0.6354112412929163
arc2_supporting,winner_mean_q,higher_is_more_confident,75,75,120,0.625,3.5,0.04666666666666667,0.9533333333333334,0.24910095921191183,0.6302604375318361
arc2_supporting,winner_mean_q,higher_is_more_confident,76,76,120,0.6333333333333333,3.5,0.046052631578947366,0.9539473684210527,0.24245120026171207,0.6251576844098609
arc2_supporting,winner_mean_q,higher_is_more_confident,77,77,120,0.6416666666666667,3.5,0.045454545454545456,0.9545454545454546,0.2341094521969995,0.6200791359395639
arc2_supporting,winner_mean_q,higher_is_more_confident,78,78,120,0.65,3.5,0.04487179487179487,0.9551282051282052,0.23202223889529705,0.6151040475159194
arc2_supporting,winner_mean_q,higher_is_more_confident,79,79,120,0.6583333333333333,3.5,0.04430379746835443,0.9556962025316456,0.20940382012527356,0.6099686015995822
arc2_supporting,winner_mean_q,higher_is_more_confident,80,80,120,0.6666666666666666,3.5,0.04375,0.95625,0.20205706730484962,0.604869707420898
arc2_supporting,winner_mean_q,higher_is_more_confident,81,81,120,0.675,3.5,0.043209876543209874,0.9567901234567902,0.1980163029261998,0.5998468258839265
arc2_supporting,winner_mean_q,higher_is_more_confident,82,82,120,0.6833333333333333,3.5,0.042682926829268296,0.9573170731707317,0.16824461583947314,0.5945833842980184
arc2_supporting,winner_mean_q,higher_is_more_confident,83,83,120,0.6916666666666667,3.5,0.04216867469879518,0.9578313253012049,0.1681436255048408,0.5894455558788235
arc2_supporting,winner_mean_q,higher_is_more_confident,84,84,120,0.7,3.5,0.041666666666666664,0.9583333333333334,0.15159309493998685,0.5842330265819327
arc2_supporting,winner_mean_q,higher_is_more_confident,85,85,120,0.7083333333333334,3.5,0.041176470588235294,0.9588235294117647,0.15152931234753522,0.5791423946497632
arc2_supporting,winner_mean_q,higher_is_more_confident,86,86,120,0.7166666666666667,3.5,0.040697674418604654,0.9593023255813954,0.1461649388074875,0.5741077730702019
arc2_supporting,winner_mean_q,higher_is_more_confident,87,87,120,0.725,3.5,0.040229885057471264,0.9597701149425287,0.14447091253678082,0.569169418351427
arc2_supporting,winner_mean_q,higher_is_more_confident,88,88,120,0.7333333333333333,3.5,0.03977272727272727,0.9602272727272727,0.13747215560482193,0.5642637676383973
arc2_supporting,winner_mean_q,higher_is_more_confident,89,89,120,0.7416666666666667,3.5,0.03932584269662921,0.9606741573033708,0.13506157983404896,0.5594412711462137
arc2_supporting,winner_mean_q,higher_is_more_confident,90,90,120,0.75,3.5,0.03888888888888889,0.9611111111111111,0.1349289339656631,0.554724467399763
arc2_supporting,winner_mean_q,higher_is_more_confident,91,91,120,0.7583333333333333,3.5,0.038461538461538464,0.9615384615384616,0.12004410691150631,0.5499477601416504
arc2_supporting,winner_mean_q,higher_is_more_confident,92,92,120,0.7666666666666667,3.5,0.03804347826086957,0.9619565217391304,0.10632486196118407,0.5451257721179497
arc2_supporting,winner_mean_q,higher_is_more_confident,93,93,120,0.775,3.5,0.03763440860215054,0.9623655913978495,0.10308199375867844,0.5403726132108607
arc2_supporting,winner_mean_q,higher_is_more_confident,94,94,120,0.7833333333333333,3.5,0.03723404255319149,0.9627659574468085,0.0955708771944046,0.5356406798489834
arc2_supporting,winner_mean_q,higher_is_more_confident,95,95,120,0.7916666666666666,3.5,0.03684210526315789,0.9631578947368421,0.09552177300702169,0.531007849250647
arc2_supporting,winner_mean_q,higher_is_more_confident,96,96,120,0.8,3.5,0.036458333333333336,0.9635416666666666,0.09315015674413492,0.5264468316203709
arc2_supporting,winner_mean_q,higher_is_more_confident,97,97,120,0.8083333333333333,3.5,0.03608247422680412,0.9639175257731959,0.08528126180754043,0.5218987329625067
arc2_supporting,winner_mean_q,higher_is_more_confident,98,98,120,0.8166666666666667,3.5,0.03571428571428571,0.9642857142857143,0.08227213028847247,0.5174127472209349
arc2_supporting,winner_mean_q,higher_is_more_confident,99,99,120,0.825,3.5,0.03535353535353535,0.9646464646464646,0.08100453081230323,0.5130045834188275
arc2_supporting,winner_mean_q,higher_is_more_confident,100,100,120,0.8333333333333334,3.5,0.035,0.965,0.07868751883506775,0.5086614127729898
arc2_supporting,winner_mean_q,higher_is_more_confident,101,101,120,0.8416666666666667,3.5,0.034653465346534656,0.9653465346534653,0.06183680612593889,0.5042374067665835
arc2_supporting,winner_mean_q,higher_is_more_confident,102,102,120,0.85,3.5,0.03431372549019608,0.9656862745098039,0.060950163876016934,0.4998914534049112
arc2_supporting,winner_mean_q,higher_is_more_confident,103,103,120,0.8583333333333333,3.5,0.03398058252427184,0.9660194174757282,0.05848513297470553,0.4956059551483072
arc2_supporting,winner_mean_q,higher_is_more_confident,104,104,120,0.8666666666666667,3.5,0.03365384615384615,0.9663461538461539,0.05745704763830872,0.491392984883788
arc2_supporting,winner_mean_q,higher_is_more_confident,105,105,120,0.875,3.5,0.03333333333333333,0.9666666666666667,0.05310362456657458,0.48721880049981453
arc2_supporting,winner_mean_q,higher_is_more_confident,106,106,120,0.8833333333333333,3.5,0.0330188679245283,0.9669811320754716,0.05108377807971857,0.48310431915622876
arc2_supporting,winner_mean_q,higher_is_more_confident,107,107,120,0.8916666666666667,3.5,0.03271028037383177,0.9672897196261683,0.045493099838495255,0.47901449467662377
arc2_supporting,winner_mean_q,higher_is_more_confident,108,108,120,0.9,3.5,0.032407407407407406,0.9675925925925926,0.038102019811049104,0.4749319717612018
arc2_supporting,winner_mean_q,higher_is_more_confident,109,109,120,0.9083333333333333,3.5,0.03211009174311927,0.9678899082568807,0.03299790512149533,0.4708775307828559
arc2_supporting,winner_mean_q,higher_is_more_confident,110,110,120,0.9166666666666666,3.5,0.031818181818181815,0.9681818181818181,0.027119809540246415,0.4668433696806503
arc2_supporting,winner_mean_q,higher_is_more_confident,111,111,120,0.925,3.5,0.03153153153153153,0.9684684684684685,0.01940459618344903,0.4628123897392341
arc2_supporting,winner_mean_q,higher_is_more_confident,112,112,120,0.9333333333333333,3.5,0.03125,0.96875,0.010284677147865295,0.458771963733954
arc2_supporting,winner_mean_q,higher_is_more_confident,113,113,120,0.9416666666666667,3.5,0.030973451327433628,0.9690265486725663,0.009273025440052152,0.4547940970233885
arc2_supporting,winner_mean_q,higher_is_more_confident,114,114,120,0.95,3.5,0.03070175438596491,0.9692982456140351,0.0017752009079825876,0.45082024705746393
arc2_supporting,winner_mean_q,higher_is_more_confident,115,115,120,0.9583333333333334,3.5,0.030434782608695653,0.9695652173913043,0.0016142029845569697,0.44691410754378647
arc2_supporting,winner_mean_q,higher_is_more_confident,116,116,120,0.9666666666666667,3.5,0.03017241379310345,0.9698275862068966,0.00041627449536463246,0.44306498829336904
arc2_supporting,winner_mean_q,higher_is_more_confident,117,117,120,0.975,3.5,0.029914529914529916,0.9700854700854701,0.0003599934570956975,0.43928118491870005
arc2_supporting,winner_mean_q,higher_is_more_confident,118,118,120,0.9833333333333333,3.5,0.029661016949152543,0.9703389830508474,0.00034456154389772564,0.43556138302569325
arc2_supporting,winner_mean_q,higher_is_more_confident,119,119,120,0.9916666666666667,3.5,0.029411764705882353,0.9705882352941176,0.000317903867107816,0.43190387479746983
arc2_supporting,winner_mean_q,higher_is_more_confident,120,120,120,1.0,3.5,0.029166666666666667,0.9708333333333333,0.00030290291033452377,0.42830720003174366
arc2_supporting,structural_defect_reversed_sanity,higher_is_more_confident,1,1,120,0.008333333333333333,0.0,0.0,1.0,0.9914287041388813,0.9914287041388813
arc2_supporting,structural_defect_reversed_sanity,higher_is_more_confident,2,2,120,0.016666666666666666,0.0,0.0,1.0,0.9873271676278702,0.9893779358833757
arc2_supporting,structural_defect_reversed_sanity,higher_is_more_confident,3,3,120,0.025,0.0,0.0,1.0,0.9746607060984979,0.9844721926217498
arc2_supporting,structural_defect_reversed_sanity,higher_is_more_confident,4,4,120,0.03333333333333333,0.0,0.0,1.0,0.9742884038040089,0.9819262454173145
arc2_supporting,structural_defect_reversed_sanity,higher_is_more_confident,5,5,120,0.041666666666666664,0.0,0.0,1.0,0.967458748410505,0.9790327460159526
arc2_supporting,structural_defect_reversed_sanity,higher_is_more_confident,6,6,120,0.05,0.0,0.0,1.0,0.960892802126001,0.9760094220342941
arc2_supporting,structural_defect_reversed_sanity,higher_is_more_confident,7,7,120,0.058333333333333334,0.0,0.0,1.0,0.9576109154040251,0.9733810639442557
arc2_supporting,structural_defect_reversed_sanity,higher_is_more_confident,8,8,120,0.06666666666666667,0.0,0.0,1.0,0.956838901262326,0.9713132936090145
arc2_supporting,structural_defect_reversed_sanity,higher_is_more_confident,9,9,120,0.075,0.0,0.0,1.0,0.9374538244046027,0.9675511303640799
arc2_supporting,structural_defect_reversed_sanity,higher_is_more_confident,10,10,120,0.08333333333333333,0.0,0.0,1.0,0.9362140600238634,0.9644174233300582
arc2_supporting,structural_defect_reversed_sanity,higher_is_more_confident,11,11,120,0.09166666666666666,0.0,0.0,1.0,0.9292449895516345,0.9612199293502015
arc2_supporting,structural_defect_reversed_sanity,higher_is_more_confident,12,12,120,0.1,0.0,0.0,1.0,0.9287323628214339,0.9585126321394708
arc2_supporting,structural_defect_reversed_sanity,higher_is_more_confident,13,13,120,0.10833333333333334,0.0,0.0,1.0,0.9201305551598635,0.955560164679501
arc2_supporting,structural_defect_reversed_sanity,higher_is_more_confident,14,14,120,0.11666666666666667,0.0,0.0,1.0,0.91748792687918,0.9528407191223351
arc2_supporting,structural_defect_reversed_sanity,higher_is_more_confident,15,15,120,0.125,0.0,0.0,1.0,0.8951261160445503,0.9489930789171496
arc2_supporting,structural_defect_reversed_sanity,higher_is_more_confident,16,16,120,0.13333333333333333,0.0,0.0,1.0,0.8921563388257303,0.9454407826614358
arc2_supporting,structural_defect_reversed_sanity,higher_is_more_confident,17,17,120,0.14166666666666666,0.0,0.0,1.0,0.8852136217781935,0.9418980084918334
arc2_supporting,structural_defect_reversed_sanity,higher_is_more_confident,18,18,120,0.15,0.0,0.0,1.0,0.8846154379548856,0.9387156434620029
arc2_supporting,structural_defect_reversed_sanity,higher_is_more_confident,19,19,120,0.15833333333333333,0.0,0.0,1.0,0.8720254082464183,0.9352056310822353
arc2_supporting,structural_defect_reversed_sanity,higher_is_more_confident,20,20,120,0.16666666666666666,0.0,0.0,1.0,0.8646707199400219,0.9316788855251247
arc2_supporting,structural_defect_reversed_sanity,higher_is_more_confident,21,21,120,0.175,0.0,0.0,1.0,0.7875202413914302,0.9248141881854249
arc2_supporting,structural_defect_reversed_sanity,higher_is_more_confident,22,22,120,0.18333333333333332,0.0,0.0,1.0,0.7824548286457488,0.9183433082063487
arc2_supporting,structural_defect_reversed_sanity,higher_is_more_confident,23,23,120,0.19166666666666668,0.0,0.0,1.0,0.7701967279516024,0.9119021525430988
arc2_supporting,structural_defect_reversed_sanity,higher_is_more_confident,24,24,120,0.2,0.0,0.0,1.0,0.7662471440615979,0.9058331938563696
arc2_supporting,structural_defect_reversed_sanity,higher_is_more_confident,25,25,120,0.20833333333333334,0.0,0.0,1.0,0.7468803589499329,0.8994750804601123
arc2_supporting,structural_defect_reversed_sanity,higher_is_more_confident,26,26,120,0.21666666666666667,0.0,0.0,1.0,0.7465620859814084,0.8935938114417006
arc2_supporting,structural_defect_reversed_sanity,higher_is_more_confident,27,27,120,0.225,0.0,0.0,1.0,0.7351779855326228,0.8877265586302533
arc2_supporting,structural_defect_reversed_sanity,higher_is_more_confident,28,28,120,0.23333333333333334,0.0,0.0,1.0,0.7172358418969528,0.8816376044612069
arc2_supporting,structural_defect_reversed_sanity,higher_is_more_confident,29,29,120,0.24166666666666667,0.0,0.0,1.0,0.6868840961748464,0.8749219662444359
arc2_supporting,structural_defect_reversed_sanity,higher_is_more_confident,30,30,120,0.25,0.0,0.0,1.0,0.6752755142399673,0.8682670845109536
arc2_supporting,structural_defect_reversed_sanity,higher_is_more_confident,31,31,120,0.25833333333333336,0.0,0.0,1.0,0.6704045859050349,0.8618844232656013
arc2_supporting,structural_defect_reversed_sanity,higher_is_more_confident,32,32,120,0.26666666666666666,0.0,0.0,1.0,0.6697380958646121,0.8558798505343205
arc2_supporting,structural_defect_reversed_sanity,higher_is_more_confident,33,33,120,0.275,0.0,0.0,1.0,0.5539491618372312,0.8467304357253178
arc2_supporting,structural_defect_reversed_sanity,higher_is_more_confident,34,34,120,0.2833333333333333,0.0,0.0,1.0,0.5461556041344466,0.8378899995020569
arc2_supporting,structural_defect_reversed_sanity,higher_is_more_confident,35,35,120,0.2916666666666667,0.0,0.0,1.0,0.5266990240924554,0.8289988287760682
arc2_supporting,structural_defect_reversed_sanity,higher_is_more_confident,36,36,120,0.3,0.0,0.0,1.0,0.48469318063660144,0.8194347829944164
arc2_supporting,structural_defect_reversed_sanity,higher_is_more_confident,37,37,120,0.30833333333333335,0.5,0.013513513513513514,0.9864864864864865,0.4617295620661923,0.8097670743206806
arc2_supporting,structural_defect_reversed_sanity,higher_is_more_confident,38,38,120,0.31666666666666665,0.5,0.013157894736842105,0.9868421052631579,0.4471565140292184,0.8002246911551157
arc2_supporting,structural_defect_reversed_sanity,higher_is_more_confident,39,39,120,0.325,0.5,0.01282051282051282,0.9871794871794872,0.4354089121622021,0.7908704404117077
arc2_supporting,structural_defect_reversed_sanity,higher_is_more_confident,40,40,120,0.3333333333333333,1.0,0.025,0.975,0.42287539867576945,0.7816705643683093
arc2_supporting,structural_defect_reversed_sanity,higher_is_more_confident,41,41,120,0.3416666666666667,1.5,0.036585365853658534,0.9634146341463414,0.40152159524470854,0.772398638292124
arc2_supporting,structural_defect_reversed_sanity,higher_is_more_confident,42,42,120,0.35,1.5,0.03571428571428571,0.9642857142857143,0.3610842222473376,0.7626054379101052
arc2_supporting,structural_defect_reversed_sanity,higher_is_more_confident,43,43,120,0.35833333333333334,1.5,0.03488372093023256,0.9651162790697675,0.35557392022867496,0.7531395886616997
arc2_supporting,structural_defect_reversed_sanity,higher_is_more_confident,44,44,120,0.36666666666666664,1.5,0.03409090909090909,0.9659090909090909,0.3219004619359037,0.7433386994179316
arc2_supporting,structural_defect_reversed_sanity,higher_is_more_confident,45,45,120,0.375,1.5,0.03333333333333333,0.9666666666666667,0.3133019645658598,0.7337823275323301
arc2_supporting,structural_defect_reversed_sanity,higher_is_more_confident,46,46,120,0.38333333333333336,1.5,0.03260869565217391,0.967391304347826,0.28151417178038607,0.72395041110294
arc2_supporting,structural_defect_reversed_sanity,higher_is_more_confident,47,47,120,0.39166666666666666,1.5,0.031914893617021274,0.9680851063829787,0.24105787993700617,0.7136761019291966
arc2_supporting,structural_defect_reversed_sanity,higher_is_more_confident,48,48,120,0.4,1.5,0.03125,0.96875,0.2410049825343633,0.7038287869418043
arc2_supporting,structural_defect_reversed_sanity,higher_is_more_confident,49,49,120,0.4083333333333333,1.5,0.030612244897959183,0.9693877551020408,0.2240440624396941,0.6940372619519654
arc2_supporting,structural_defect_reversed_sanity,higher_is_more_confident,50,50,120,0.4166666666666667,1.5,0.03,0.97,0.22306488361325716,0.6846178143851911
arc2_supporting,structural_defect_reversed_sanity,higher_is_more_confident,51,51,120,0.425,1.5,0.029411764705882353,0.9705882352941176,0.2123333943154747,0.6753573355602946
arc2_supporting,structural_defect_reversed_sanity,higher_is_more_confident,52,52,120,0.43333333333333335,1.5,0.028846153846153848,0.9711538461538461,0.20881440121700945,0.6663853560536931
arc2_supporting,structural_defect_reversed_sanity,higher_is_more_confident,53,53,120,0.44166666666666665,1.5,0.02830188679245283,0.9716981132075472,0.18841086265107232,0.6573669693857191
arc2_supporting,structural_defect_reversed_sanity,higher_is_more_confident,54,54,120,0.45,1.5,0.027777777777777776,0.9722222222222222,0.18014886872280123,0.6485295971512207
arc2_supporting,structural_defect_reversed_sanity,higher_is_more_confident,55,55,120,0.4583333333333333,1.5,0.02727272727272727,0.9727272727272728,0.1771251834180385,0.6399586078106174
arc2_supporting,structural_defect_reversed_sanity,higher_is_more_confident,56,56,120,0.4666666666666667,1.5,0.026785714285714284,0.9732142857142857,0.1739354790574993,0.6316367662257403
arc2_supporting,structural_defect_reversed_sanity,higher_is_more_confident,57,57,120,0.475,1.5,0.02631578947368421,0.9736842105263158,0.15361657678976925,0.6232504471128285
arc2_supporting,structural_defect_reversed_sanity,higher_is_more_confident,58,58,120,0.48333333333333334,1.5,0.02586206896551724,0.9741379310344828,0.1480512375756895,0.6150573572932225
arc2_supporting,structural_defect_reversed_sanity,higher_is_more_confident,59,59,120,0.49166666666666664,1.5,0.025423728813559324,0.9745762711864406,0.14120710451409646,0.6070259970766272
arc2_supporting,structural_defect_reversed_sanity,higher_is_more_confident,60,60,120,0.5,1.5,0.025,0.975,0.1367926723660995,0.5991887749981184
arc2_supporting,structural_defect_reversed_sanity,higher_is_more_confident,61,61,120,0.5083333333333333,1.5,0.02459016393442623,0.9754098360655737,0.13106978581599737,0.5915146932082475
arc2_supporting,structural_defect_reversed_sanity,higher_is_more_confident,62,62,120,0.5166666666666667,1.5,0.024193548387096774,0.9758064516129032,0.12651539830532355,0.584014704580781
arc2_supporting,structural_defect_reversed_sanity,higher_is_more_confident,63,63,120,0.525,1.5,0.023809523809523808,0.9761904761904762,0.12293400838689106,0.5766959633713542
arc2_supporting,structural_defect_reversed_sanity,higher_is_more_confident,64,64,120,0.5333333333333333,1.5,0.0234375,0.9765625,0.12054947817892886,0.5695686745402225
arc2_supporting,structural_defect_reversed_sanity,higher_is_more_confident,65,65,120,0.5416666666666666,1.5,0.023076923076923078,0.9769230769230769,0.11414541415233088,0.5625621628419473
arc2_supporting,structural_defect_reversed_sanity,higher_is_more_confident,66,66,120,0.55,1.5,0.022727272727272728,0.9772727272727273,0.11101508901022106,0.5557205405111636
arc2_supporting,structural_defect_reversed_sanity,higher_is_more_confident,67,67,120,0.5583333333333333,1.5,0.022388059701492536,0.9776119402985075,0.11070412261120943,0.5490785044231046
arc2_supporting,structural_defect_reversed_sanity,higher_is_more_confident,68,68,120,0.5666666666666667,1.5,0.022058823529411766,0.9779411764705882,0.10714884152459658,0.5425795387922442
arc2_supporting,structural_defect_reversed_sanity,higher_is_more_confident,69,69,120,0.575,1.5,0.021739130434782608,0.9782608695652174,0.10422766822682983,0.5362266131318758
arc2_supporting,structural_defect_reversed_sanity,higher_is_more_confident,70,70,120,0.5833333333333334,1.5,0.02142857142857143,0.9785714285714285,0.10410273380253066,0.5300534148557423
arc2_supporting,structural_defect_reversed_sanity,higher_is_more_confident,71,71,120,0.5916666666666667,1.5,0.02112676056338028,0.9788732394366197,0.09998822322394525,0.5239961586355761
arc2_supporting,structural_defect_reversed_sanity,higher_is_more_confident,72,72,120,0.6,1.5,0.020833333333333332,0.9791666666666666,0.09223723401935291,0.5179995069047952
arc2_supporting,structural_defect_reversed_sanity,higher_is_more_confident,73,73,120,0.6083333333333333,1.5,0.02054794520547945,0.9794520547945206,0.0878305580742933,0.51210678157835
arc2_supporting,structural_defect_reversed_sanity,higher_is_more_confident,74,74,120,0.6166666666666667,1.5,0.02027027027027027,0.9797297297297297,0.08334094451816809,0.5063126486451044
arc2_supporting,structural_defect_reversed_sanity,higher_is_more_confident,75,75,120,0.625,1.5,0.02,0.98,0.08207444397164232,0.5006561392494582
arc2_supporting,structural_defect_reversed_sanity,higher_is_more_confident,76,76,120,0.6333333333333333,1.5,0.019736842105263157,0.9802631578947368,0.07976373465627462,0.4951180812942847
arc2_supporting,structural_defect_reversed_sanity,higher_is_more_confident,77,77,120,0.6416666666666667,1.5,0.01948051948051948,0.9805194805194806,0.0793845485271738,0.48971894450510145
arc2_supporting,structural_defect_reversed_sanity,higher_is_more_confident,78,78,120,0.65,1.5,0.019230769230769232,0.9807692307692307,0.07683227950776239,0.4844255257230843
arc2_supporting,structural_defect_reversed_sanity,higher_is_more_confident,79,79,120,0.6583333333333333,1.5,0.0189873417721519,0.9810126582278481,0.07618748030829015,0.4792579555279603
arc2_supporting,structural_defect_reversed_sanity,higher_is_more_confident,80,80,120,0.6666666666666666,1.5,0.01875,0.98125,0.07509389657611842,0.47420590479106234
arc2_supporting,structural_defect_reversed_sanity,higher_is_more_confident,81,81,120,0.675,1.5,0.018518518518518517,0.9814814814814815,0.07318721667706951,0.469255056789655
arc2_supporting,structural_defect_reversed_sanity,higher_is_more_confident,82,82,120,0.6833333333333333,1.5,0.018292682926829267,0.9817073170731707,0.06810480097095611,0.46436298049918306
arc2_supporting,structural_defect_reversed_sanity,higher_is_more_confident,83,83,120,0.6916666666666667,1.5,0.018072289156626505,0.9819277108433735,0.06752739751055009,0.4595818288969104
arc2_supporting,structural_defect_reversed_sanity,higher_is_more_confident,84,84,120,0.7,1.5,0.017857142857142856,0.9821428571428571,0.06508260213930961,0.4548854095307486
arc2_supporting,structural_defect_reversed_sanity,higher_is_more_confident,85,85,120,0.7083333333333334,1.5,0.01764705882352941,0.9823529411764705,0.06447539301483718,0.45029235051291433
arc2_supporting,structural_defect_reversed_sanity,higher_is_more_confident,86,86,120,0.7166666666666667,1.5,0.01744186046511628,0.9825581395348837,0.06229565578605878,0.4457807610393462
arc2_supporting,structural_defect_reversed_sanity,higher_is_more_confident,87,87,120,0.725,1.5,0.017241379310344827,0.9827586206896551,0.05969082889336019,0.4413429457273234
arc2_supporting,structural_defect_reversed_sanity,higher_is_more_confident,88,88,120,0.7333333333333333,1.5,0.017045454545454544,0.9829545454545454,0.05778242260817368,0.4369843034191512
arc2_supporting,structural_defect_reversed_sanity,higher_is_more_confident,89,89,120,0.7416666666666667,1.5,0.016853932584269662,0.9831460674157303,0.05688508729619435,0.4327135257099045
arc2_supporting,structural_defect_reversed_sanity,higher_is_more_confident,90,90,120,0.75,1.5,0.016666666666666666,0.9833333333333333,0.05635407923744584,0.4285317540824327
arc2_supporting,structural_defect_reversed_sanity,higher_is_more_confident,91,91,120,0.7583333333333333,1.5,0.016483516483516484,0.9835164835164835,0.054579107625191914,0.4244223843411444
arc2_supporting,structural_defect_reversed_sanity,higher_is_more_confident,92,92,120,0.7666666666666667,1.5,0.016304347826086956,0.9836956521739131,0.04674981299829639,0.42031724769611345
arc2_supporting,structural_defect_reversed_sanity,higher_is_more_confident,93,93,120,0.775,1.5,0.016129032258064516,0.9838709677419355,0.045160350799979376,0.41628330256819807
arc2_supporting,structural_defect_reversed_sanity,higher_is_more_confident,94,94,120,0.7833333333333333,1.5,0.015957446808510637,0.9840425531914894,0.04077122498833685,0.41228849323224215
arc2_supporting,structural_defect_reversed_sanity,higher_is_more_confident,95,95,120,0.7916666666666666,1.5,0.015789473684210527,0.9842105263157894,0.03916661328917659,0.4083608944959993
arc2_supporting,structural_defect_reversed_sanity,higher_is_more_confident,96,96,120,0.8,1.5,0.015625,0.984375,0.03823158252801262,0.40450538082966614
arc2_supporting,structural_defect_reversed_sanity,higher_is_more_confident,97,97,120,0.8083333333333333,1.5,0.015463917525773196,0.9845360824742269,0.03575823519926846,0.4007038638644043
arc2_supporting,structural_defect_reversed_sanity,higher_is_more_confident,98,98,120,0.8166666666666667,1.5,0.015306122448979591,0.9846938775510204,0.030251663616989943,0.3969237393720837
arc2_supporting,structural_defect_reversed_sanity,higher_is_more_confident,99,99,120,0.825,1.5,0.015151515151515152,0.9848484848484849,0.02921844986585298,0.3932095445285864
arc2_supporting,structural_defect_reversed_sanity,higher_is_more_confident,100,100,120,0.8333333333333334,1.5,0.015,0.985,0.026041128796039037,0.3895378603712609
arc2_supporting,structural_defect_reversed_sanity,higher_is_more_confident,101,101,120,0.8416666666666667,1.5,0.01485148514851485,0.9851485148514851,0.02472143210439115,0.3859258165270345
arc2_supporting,structural_defect_reversed_sanity,higher_is_more_confident,102,102,120,0.85,1.5,0.014705882352941176,0.9852941176470589,0.023903708668782775,0.38237658017548304
arc2_supporting,structural_defect_reversed_sanity,higher_is_more_confident,103,103,120,0.8583333333333333,1.5,0.014563106796116505,0.9854368932038835,0.022752349709852626,0.3788850827923216
arc2_supporting,structural_defect_reversed_sanity,higher_is_more_confident,104,104,120,0.8666666666666667,1.5,0.014423076923076924,0.9855769230769231,0.02180568326503113,0.37545162702763607
arc2_supporting,structural_defect_reversed_sanity,higher_is_more_confident,105,105,120,0.875,1.5,0.014285714285714285,0.9857142857142858,0.02137015255109842,0.37207942250881193
arc2_supporting,structural_defect_reversed_sanity,higher_is_more_confident,106,106,120,0.8833333333333333,1.5,0.014150943396226415,0.9858490566037735,0.021286828004807523,0.3687700584097175
arc2_supporting,structural_defect_reversed_sanity,higher_is_more_confident,107,107,120,0.8916666666666667,1.5,0.014018691588785047,0.985981308411215,0.01992219818143892,0.36550979803375233
arc2_supporting,structural_defect_reversed_sanity,higher_is_more_confident,108,108,120,0.9,1.5,0.013888888888888888,0.9861111111111112,0.019714963602377122,0.36230799401123953
arc2_supporting,structural_defect_reversed_sanity,higher_is_more_confident,109,109,120,0.9083333333333333,1.5,0.013761467889908258,0.9862385321100917,0.019567744841220924,0.35916358805555126
arc2_supporting,structural_defect_reversed_sanity,higher_is_more_confident,110,110,120,0.9166666666666666,1.5,0.013636363636363636,0.9863636363636363,0.019013793769798504,0.3560713171984081
arc2_supporting,structural_defect_reversed_sanity,higher_is_more_confident,111,111,120,0.925,1.5,0.013513513513513514,0.9864864864864865,0.018375297044605554,0.353029010710536
arc2_supporting,structural_defect_reversed_sanity,higher_is_more_confident,112,112,120,0.9333333333333333,1.5,0.013392857142857142,0.9866071428571429,0.01459237224247989,0.3500072550099284
arc2_supporting,structural_defect_reversed_sanity,higher_is_more_confident,113,113,120,0.9416666666666667,1.5,0.01327433628318584,0.9867256637168141,0.013551335980632184,0.34702976900081955
arc2_supporting,structural_defect_reversed_sanity,higher_is_more_confident,114,114,120,0.95,1.5,0.013157894736842105,0.9868421052631579,0.0108267517924574,0.344080619727062
arc2_supporting,structural_defect_reversed_sanity,higher_is_more_confident,115,115,120,0.9583333333333334,1.5,0.013043478260869565,0.9869565217391304,0.009405355206406951,0.341170400035578
arc2_supporting,structural_defect_reversed_sanity,higher_is_more_confident,116,116,120,0.9666666666666667,1.5,0.01293103448275862,0.9870689655172413,0.0039044801050135414,0.3382629352085904
arc2_supporting,structural_defect_reversed_sanity,higher_is_more_confident,117,117,120,0.975,1.5,0.01282051282051282,0.9871794871794872,0.0032397930512225726,0.3353994895491257
arc2_supporting,structural_defect_reversed_sanity,higher_is_more_confident,118,118,120,0.9833333333333333,2.5,0.0211864406779661,0.978813559322034,0.0003656121600676965,0.3325602194017608
arc2_supporting,structural_defect_reversed_sanity,higher_is_more_confident,119,119,120,0.9916666666666667,2.5,0.02100840336134454,0.9789915966386554,0.00016644244562602495,0.3297669943853227
arc2_supporting,structural_defect_reversed_sanity,higher_is_more_confident,120,120,120,1.0,3.5,0.029166666666666667,0.9708333333333333,2.7079641083116446e-05,0.32701916176245405
