dataset,statistic,confidence_orientation,confidence_rank,retained_puzzles,total_puzzles,coverage,b1_correct_count,accuracy,risk,threshold_value,mean_statistic_retained
arc1_blank_test,structural_defect,lower_is_more_confident,1,1,200,0.005,1.0,1.0,0.0,0.0,0.0
arc1_blank_test,structural_defect,lower_is_more_confident,2,2,200,0.01,1.0,0.5,0.5,0.00995309502711883,0.004976547513559415
arc1_blank_test,structural_defect,lower_is_more_confident,3,3,200,0.015,1.0,0.3333333333333333,0.6666666666666667,0.01936289346197606,0.00977199616303163
arc1_blank_test,structural_defect,lower_is_more_confident,4,4,200,0.02,1.0,0.25,0.75,0.02393450197093805,0.013312622615008235
arc1_blank_test,structural_defect,lower_is_more_confident,5,5,200,0.025,1.0,0.2,0.8,0.024328511557494936,0.015515800403505576
arc1_blank_test,structural_defect,lower_is_more_confident,6,6,200,0.03,1.0,0.16666666666666666,0.8333333333333334,0.03330292213234842,0.01848032069164605
arc1_blank_test,structural_defect,lower_is_more_confident,7,7,200,0.035,1.0,0.14285714285714285,0.8571428571428572,0.04331531281759793,0.022028176709639174
arc1_blank_test,structural_defect,lower_is_more_confident,8,8,200,0.04,1.0,0.125,0.875,0.044989798211197085,0.024898379397333914
arc1_blank_test,structural_defect,lower_is_more_confident,9,9,200,0.045,1.0,0.1111111111111111,0.8888888888888888,0.05666862219502378,0.02842840637485501
arc1_blank_test,structural_defect,lower_is_more_confident,10,10,200,0.05,1.0,0.1,0.9,0.0601161343536345,0.031597179172732956
arc1_blank_test,structural_defect,lower_is_more_confident,11,11,200,0.055,1.0,0.09090909090909091,0.9090909090909091,0.061335393088585155,0.034300653165083156
arc1_blank_test,structural_defect,lower_is_more_confident,12,12,200,0.06,1.0,0.08333333333333333,0.9166666666666666,0.06517502714657808,0.03687351766354107
arc1_blank_test,structural_defect,lower_is_more_confident,13,13,200,0.065,1.0,0.07692307692307693,0.9230769230769231,0.07037542557384935,0.03945058750279555
arc1_blank_test,structural_defect,lower_is_more_confident,14,14,200,0.07,1.0,0.07142857142857142,0.9285714285714286,0.07107679876317485,0.041709602592822644
arc1_blank_test,structural_defect,lower_is_more_confident,15,15,200,0.075,1.0,0.06666666666666667,0.9333333333333333,0.0727985285130548,0.043782197654171455
arc1_blank_test,structural_defect,lower_is_more_confident,16,16,200,0.08,1.0,0.0625,0.9375,0.07282910142499499,0.045597629139847926
arc1_blank_test,structural_defect,lower_is_more_confident,17,17,200,0.085,1.0,0.058823529411764705,0.9411764705882353,0.07716049506217582,0.047454268311749565
arc1_blank_test,structural_defect,lower_is_more_confident,18,18,200,0.09,1.0,0.05555555555555555,0.9444444444444444,0.0830686563921551,0.04943284542732765
arc1_blank_test,structural_defect,lower_is_more_confident,19,19,200,0.095,1.0,0.05263157894736842,0.9473684210526316,0.08616972577523674,0.051366365445638655
arc1_blank_test,structural_defect,lower_is_more_confident,20,20,200,0.1,1.0,0.05,0.95,0.08715239638623629,0.053155666992668535
arc1_blank_test,structural_defect,lower_is_more_confident,21,21,200,0.105,1.0,0.047619047619047616,0.9523809523809523,0.0873771947740295,0.05478526355368572
arc1_blank_test,structural_defect,lower_is_more_confident,22,22,200,0.11,1.0,0.045454545454545456,0.9545454545454546,0.09109471862724372,0.05643569332975654
arc1_blank_test,structural_defect,lower_is_more_confident,23,23,200,0.115,1.0,0.043478260869565216,0.9565217391304348,0.09798344294317074,0.058242117225991936
arc1_blank_test,structural_defect,lower_is_more_confident,24,24,200,0.12,1.0,0.041666666666666664,0.9583333333333334,0.10601675805383759,0.06023272726048551
arc1_blank_test,structural_defect,lower_is_more_confident,25,25,200,0.125,1.0,0.04,0.96,0.11209511356094803,0.06230722271250401
arc1_blank_test,structural_defect,lower_is_more_confident,26,26,200,0.13,1.0,0.038461538461538464,0.9615384615384616,0.11649287726183355,0.06439128634901668
arc1_blank_test,structural_defect,lower_is_more_confident,27,27,200,0.135,1.0,0.037037037037037035,0.962962962962963,0.1168852026063828,0.06633550546965987
arc1_blank_test,structural_defect,lower_is_more_confident,28,28,200,0.14,1.0,0.03571428571428571,0.9642857142857143,0.11706395595151775,0.06814723584401194
arc1_blank_test,structural_defect,lower_is_more_confident,29,29,200,0.145,1.0,0.034482758620689655,0.9655172413793104,0.12390850005382614,0.07007003805814346
arc1_blank_test,structural_defect,lower_is_more_confident,30,30,200,0.15,1.0,0.03333333333333333,0.9666666666666667,0.1258307962657063,0.07192872999839556
arc1_blank_test,structural_defect,lower_is_more_confident,31,31,200,0.155,1.0,0.03225806451612903,0.967741935483871,0.13031114862619597,0.07381203382509881
arc1_blank_test,structural_defect,lower_is_more_confident,32,32,200,0.16,1.0,0.03125,0.96875,0.13081114897849389,0.0755932561736424
arc1_blank_test,structural_defect,lower_is_more_confident,33,33,200,0.165,1.0,0.030303030303030304,0.9696969696969697,0.13156456359922875,0.07728935639866016
arc1_blank_test,structural_defect,lower_is_more_confident,34,34,200,0.17,2.0,0.058823529411764705,0.9411764705882353,0.1323608399897782,0.078909105916046
arc1_blank_test,structural_defect,lower_is_more_confident,35,35,200,0.175,2.0,0.05714285714285714,0.9428571428571428,0.13262596033782303,0.08044387318523963
arc1_blank_test,structural_defect,lower_is_more_confident,36,36,200,0.18,3.0,0.08333333333333333,0.9166666666666666,0.13387645719301555,0.08192811162990006
arc1_blank_test,structural_defect,lower_is_more_confident,37,37,200,0.185,3.0,0.08108108108108109,0.9189189189189189,0.1359210528585688,0.08338738031175598
arc1_blank_test,structural_defect,lower_is_more_confident,38,38,200,0.19,4.0,0.10526315789473684,0.8947368421052632,0.13763285425268934,0.0848148927838858
arc1_blank_test,structural_defect,lower_is_more_confident,39,39,200,0.195,4.0,0.10256410256410256,0.8974358974358975,0.14203536479639023,0.08628208437395002
arc1_blank_test,structural_defect,lower_is_more_confident,40,40,200,0.2,4.0,0.1,0.9,0.14259285144088107,0.0876898535506233
arc1_blank_test,structural_defect,lower_is_more_confident,41,41,200,0.205,4.0,0.0975609756097561,0.9024390243902439,0.14703458026166505,0.0891372859094292
arc1_blank_test,structural_defect,lower_is_more_confident,42,42,200,0.21,4.0,0.09523809523809523,0.9047619047619048,0.1473240849462577,0.09052268588649655
arc1_blank_test,structural_defect,lower_is_more_confident,43,43,200,0.215,4.0,0.09302325581395349,0.9069767441860466,0.15171130574681413,0.09194567704603882
arc1_blank_test,structural_defect,lower_is_more_confident,44,44,200,0.22,4.0,0.09090909090909091,0.9090909090909091,0.15290012253803753,0.09333100535267515
arc1_blank_test,structural_defect,lower_is_more_confident,45,45,200,0.225,4.0,0.08888888888888889,0.9111111111111111,0.15390190197087494,0.09467702527752403
arc1_blank_test,structural_defect,lower_is_more_confident,46,46,200,0.23,4.0,0.08695652173913043,0.9130434782608696,0.1610756644798601,0.09612047395583569
arc1_blank_test,structural_defect,lower_is_more_confident,47,47,200,0.235,4.0,0.0851063829787234,0.9148936170212766,0.16533071634124974,0.09759303230446151
arc1_blank_test,structural_defect,lower_is_more_confident,48,48,200,0.24,5.0,0.10416666666666667,0.8958333333333334,0.17513414475834088,0.09920847214725066
arc1_blank_test,structural_defect,lower_is_more_confident,49,49,200,0.245,5.0,0.10204081632653061,0.8979591836734694,0.17530098695416396,0.10076138061269788
arc1_blank_test,structural_defect,lower_is_more_confident,50,50,200,0.25,5.0,0.1,0.9,0.17861786689833647,0.10231851033841063
arc1_blank_test,structural_defect,lower_is_more_confident,51,51,200,0.255,5.0,0.09803921568627451,0.9019607843137255,0.18688738507151204,0.10397672356847146
arc1_blank_test,structural_defect,lower_is_more_confident,52,52,200,0.26,5.0,0.09615384615384616,0.9038461538461539,0.1914269500871959,0.10565845869383153
arc1_blank_test,structural_defect,lower_is_more_confident,53,53,200,0.265,5.0,0.09433962264150944,0.9056603773584906,0.19541473584491376,0.10735197335705948
arc1_blank_test,structural_defect,lower_is_more_confident,54,54,200,0.27,5.0,0.09259259259259259,0.9074074074074074,0.1956489477928205,0.10898710251327728
arc1_blank_test,structural_defect,lower_is_more_confident,55,55,200,0.275,5.0,0.09090909090909091,0.9090909090909091,0.19811581371080444,0.1106076245350505
arc1_blank_test,structural_defect,lower_is_more_confident,56,56,200,0.28,5.0,0.08928571428571429,0.9107142857142857,0.20113594248318856,0.11222420164126724
arc1_blank_test,structural_defect,lower_is_more_confident,57,57,200,0.285,5.0,0.08771929824561403,0.9122807017543859,0.2110627639196364,0.11395821150580003
arc1_blank_test,structural_defect,lower_is_more_confident,58,58,200,0.29,5.0,0.08620689655172414,0.9137931034482758,0.21159300663873482,0.11564157004257476
arc1_blank_test,structural_defect,lower_is_more_confident,59,59,200,0.295,5.0,0.0847457627118644,0.9152542372881356,0.21864424368077628,0.11738737807034089
arc1_blank_test,structural_defect,lower_is_more_confident,60,60,200,0.3,5.0,0.08333333333333333,0.9166666666666666,0.22067678268452784,0.11910886814724402
arc1_blank_test,structural_defect,lower_is_more_confident,61,61,200,0.305,5.0,0.08196721311475409,0.9180327868852459,0.22374088562432126,0.12082414712227806
arc1_blank_test,structural_defect,lower_is_more_confident,62,62,200,0.31,5.0,0.08064516129032258,0.9193548387096774,0.2385493780428437,0.12272294116938395
arc1_blank_test,structural_defect,lower_is_more_confident,63,63,200,0.315,5.0,0.07936507936507936,0.9206349206349207,0.24237826555878017,0.1246222320327077
arc1_blank_test,structural_defect,lower_is_more_confident,64,64,200,0.32,5.0,0.078125,0.921875,0.24354334680600231,0.12648037445104043
arc1_blank_test,structural_defect,lower_is_more_confident,65,65,200,0.325,6.0,0.09230769230769231,0.9076923076923077,0.2470744441217757,0.1283356678305902
arc1_blank_test,structural_defect,lower_is_more_confident,66,66,200,0.33,6.0,0.09090909090909091,0.9090909090909091,0.2581149950769386,0.1303020212737167
arc1_blank_test,structural_defect,lower_is_more_confident,67,67,200,0.335,6.0,0.08955223880597014,0.9104477611940298,0.25885863713891755,0.13222077673439134
arc1_blank_test,structural_defect,lower_is_more_confident,68,68,200,0.34,6.0,0.08823529411764706,0.9117647058823529,0.27943670551386857,0.1343857168635013
arc1_blank_test,structural_defect,lower_is_more_confident,69,69,200,0.345,6.0,0.08695652173913043,0.9130434782608696,0.2870796618025284,0.1365986725872553
arc1_blank_test,structural_defect,lower_is_more_confident,70,70,200,0.35,6.0,0.08571428571428572,0.9142857142857143,0.28713524494377995,0.13874919504949138
arc1_blank_test,structural_defect,lower_is_more_confident,71,71,200,0.355,6.0,0.08450704225352113,0.9154929577464789,0.29473892895677045,0.14094623355522767
arc1_blank_test,structural_defect,lower_is_more_confident,72,72,200,0.36,6.0,0.08333333333333333,0.9166666666666666,0.30163436044308634,0.14317801309533684
arc1_blank_test,structural_defect,lower_is_more_confident,73,73,200,0.365,6.0,0.0821917808219178,0.9178082191780822,0.30288894921509535,0.14536583413807325
arc1_blank_test,structural_defect,lower_is_more_confident,74,74,200,0.37,7.0,0.0945945945945946,0.9054054054054054,0.3039094032946028,0.1475083148023507
arc1_blank_test,structural_defect,lower_is_more_confident,75,75,200,0.375,7.0,0.09333333333333334,0.9066666666666666,0.3134902307280788,0.14972140701469372
arc1_blank_test,structural_defect,lower_is_more_confident,76,76,200,0.38,7.0,0.09210526315789473,0.9078947368421053,0.31797102939935373,0.1519352178355445
arc1_blank_test,structural_defect,lower_is_more_confident,77,77,200,0.385,7.0,0.09090909090909091,0.9090909090909091,0.31943523302847376,0.15411054270817995
arc1_blank_test,structural_defect,lower_is_more_confident,78,78,200,0.39,7.0,0.08974358974358974,0.9102564102564102,0.32091500345376134,0.1562490614356874
arc1_blank_test,structural_defect,lower_is_more_confident,79,79,200,0.395,7.0,0.08860759493670886,0.9113924050632911,0.3218362106272131,0.15834510129887125
arc1_blank_test,structural_defect,lower_is_more_confident,80,80,200,0.4,7.0,0.0875,0.9125,0.3273663980364043,0.1604578675080904
arc1_blank_test,structural_defect,lower_is_more_confident,81,81,200,0.405,7.0,0.08641975308641975,0.9135802469135803,0.3448102846580693,0.16273382327537408
arc1_blank_test,structural_defect,lower_is_more_confident,82,82,200,0.41,7.0,0.08536585365853659,0.9146341463414634,0.3579746704007951,0.165114809215928
arc1_blank_test,structural_defect,lower_is_more_confident,83,83,200,0.415,7.0,0.08433734939759036,0.9156626506024097,0.3657911959949329,0.16753259700844614
arc1_blank_test,structural_defect,lower_is_more_confident,84,84,200,0.42,7.0,0.08333333333333333,0.9166666666666666,0.367816069331941,0.16991692405991632
arc1_blank_test,structural_defect,lower_is_more_confident,85,85,200,0.425,7.0,0.08235294117647059,0.9176470588235294,0.37609297867100633,0.17234252470239975
arc1_blank_test,structural_defect,lower_is_more_confident,86,86,200,0.43,7.0,0.08139534883720931,0.9186046511627907,0.37975541559643167,0.17475430250349314
arc1_blank_test,structural_defect,lower_is_more_confident,87,87,200,0.435,7.0,0.08045977011494253,0.9195402298850575,0.3818113101958859,0.1771342681091528
arc1_blank_test,structural_defect,lower_is_more_confident,88,88,200,0.44,7.0,0.07954545454545454,0.9204545454545454,0.3924430289497237,0.1795809585732502
arc1_blank_test,structural_defect,lower_is_more_confident,89,89,200,0.445,7.0,0.07865168539325842,0.9213483146067416,0.4068402796375181,0.18213443409082625
arc1_blank_test,structural_defect,lower_is_more_confident,90,90,200,0.45,7.0,0.07777777777777778,0.9222222222222223,0.4191100135429251,0.1847674960847385
arc1_blank_test,structural_defect,lower_is_more_confident,91,91,200,0.455,7.0,0.07692307692307693,0.9230769230769231,0.42203426148286094,0.18737482317702553
arc1_blank_test,structural_defect,lower_is_more_confident,92,92,200,0.46,7.0,0.07608695652173914,0.9239130434782609,0.426702718282848,0.18997621334121925
arc1_blank_test,structural_defect,lower_is_more_confident,93,93,200,0.465,8.0,0.08602150537634409,0.9139784946236559,0.48727863147143347,0.19317301353616778
arc1_blank_test,structural_defect,lower_is_more_confident,94,94,200,0.47,8.0,0.0851063829787234,0.9148936170212766,0.5031089388607779,0.19647020423111045
arc1_blank_test,structural_defect,lower_is_more_confident,95,95,200,0.475,8.0,0.08421052631578947,0.9157894736842105,0.5139901307483725,0.1998125192470816
arc1_blank_test,structural_defect,lower_is_more_confident,96,96,200,0.48,8.0,0.08333333333333333,0.9166666666666666,0.5283955863880251,0.2032352595297998
arc1_blank_test,structural_defect,lower_is_more_confident,97,97,200,0.485,8.0,0.08247422680412371,0.9175257731958762,0.5414017123154972,0.206721511620374
arc1_blank_test,structural_defect,lower_is_more_confident,98,98,200,0.49,8.0,0.08163265306122448,0.9183673469387755,0.5529003741368204,0.21025394899299077
arc1_blank_test,structural_defect,lower_is_more_confident,99,99,200,0.495,8.0,0.08080808080808081,0.9191919191919192,0.5540712722519132,0.2137268512481314
arc1_blank_test,structural_defect,lower_is_more_confident,100,100,200,0.5,8.0,0.08,0.92,0.5577234207805284,0.21716681694345538
arc1_blank_test,structural_defect,lower_is_more_confident,101,101,200,0.505,8.0,0.07920792079207921,0.9207920792079208,0.565977190692791,0.2206203850003795
arc1_blank_test,structural_defect,lower_is_more_confident,102,102,200,0.51,8.0,0.0784313725490196,0.9215686274509804,0.5689752190785762,0.2240356284717344
arc1_blank_test,structural_defect,lower_is_more_confident,103,103,200,0.515,8.0,0.07766990291262135,0.9223300970873787,0.6008374990168028,0.22769389905955056
arc1_blank_test,structural_defect,lower_is_more_confident,104,104,200,0.52,8.0,0.07692307692307693,0.9230769230769231,0.6018005464582439,0.23129107836146107
arc1_blank_test,structural_defect,lower_is_more_confident,105,105,200,0.525,8.0,0.0761904761904762,0.9238095238095239,0.6021763524047132,0.2348233190666349
arc1_blank_test,structural_defect,lower_is_more_confident,106,106,200,0.53,8.0,0.07547169811320754,0.9245283018867925,0.6181823391828032,0.2384399135960327
arc1_blank_test,structural_defect,lower_is_more_confident,107,107,200,0.535,8.0,0.07476635514018691,0.9252336448598131,0.6232693072793135,0.24203644998559606
arc1_blank_test,structural_defect,lower_is_more_confident,108,108,200,0.54,8.0,0.07407407407407407,0.9259259259259259,0.624387615394813,0.24557673855419992
arc1_blank_test,structural_defect,lower_is_more_confident,109,109,200,0.545,8.0,0.07339449541284404,0.926605504587156,0.6407042414289325,0.24920176151635343
arc1_blank_test,structural_defect,lower_is_more_confident,110,110,200,0.55,8.0,0.07272727272727272,0.9272727272727272,0.641811391894415,0.2527709399743358
arc1_blank_test,structural_defect,lower_is_more_confident,111,111,200,0.555,8.0,0.07207207207207207,0.9279279279279279,0.6561956092370373,0.2564053964541799
arc1_blank_test,structural_defect,lower_is_more_confident,112,112,200,0.56,8.0,0.07142857142857142,0.9285714285714286,0.6601690212282791,0.2600104288182344
arc1_blank_test,structural_defect,lower_is_more_confident,113,113,200,0.565,8.0,0.07079646017699115,0.9292035398230089,0.6637550591274413,0.2635833901484044
arc1_blank_test,structural_defect,lower_is_more_confident,114,114,200,0.57,8.0,0.07017543859649122,0.9298245614035088,0.6646012329329176,0.2671010905237071
arc1_blank_test,structural_defect,lower_is_more_confident,115,115,200,0.575,8.0,0.06956521739130435,0.9304347826086956,0.6673939000829805,0.270581897563353
arc1_blank_test,structural_defect,lower_is_more_confident,116,116,200,0.58,8.0,0.06896551724137931,0.9310344827586207,0.6860342774138208,0.2741633835965467
arc1_blank_test,structural_defect,lower_is_more_confident,117,117,200,0.585,8.0,0.06837606837606838,0.9316239316239316,0.6960632079936049,0.2777693650016497
arc1_blank_test,structural_defect,lower_is_more_confident,118,118,200,0.59,8.0,0.06779661016949153,0.9322033898305084,0.6965387298461096,0.2813182579240604
arc1_blank_test,structural_defect,lower_is_more_confident,119,119,200,0.595,8.0,0.06722689075630252,0.9327731092436975,0.7041383649769929,0.28487136806736235
arc1_blank_test,structural_defect,lower_is_more_confident,120,120,200,0.6,8.0,0.06666666666666667,0.9333333333333333,0.7056181658537917,0.2883775913822493
arc1_blank_test,structural_defect,lower_is_more_confident,121,121,200,0.605,8.0,0.06611570247933884,0.9338842975206612,0.7065412524131873,0.29183348940729836
arc1_blank_test,structural_defect,lower_is_more_confident,122,122,200,0.61,8.0,0.06557377049180328,0.9344262295081968,0.7090030893850826,0.29525291235793594
arc1_blank_test,structural_defect,lower_is_more_confident,123,123,200,0.615,8.0,0.06504065040650407,0.9349593495934959,0.7133941673641767,0.29865243475636066
arc1_blank_test,structural_defect,lower_is_more_confident,124,124,200,0.62,8.0,0.06451612903225806,0.935483870967742,0.7217642705365827,0.3020646269803947
arc1_blank_test,structural_defect,lower_is_more_confident,125,125,200,0.625,8.0,0.064,0.9359999999999999,0.743332186819095,0.30559476745910436
arc1_blank_test,structural_defect,lower_is_more_confident,126,126,200,0.63,8.0,0.06349206349206349,0.9365079365079365,0.7494059510537064,0.3091170784400139
arc1_blank_test,structural_defect,lower_is_more_confident,127,127,200,0.635,8.0,0.06299212598425197,0.937007874015748,0.7568939609668586,0.3126428806646347
arc1_blank_test,structural_defect,lower_is_more_confident,128,128,200,0.64,8.0,0.0625,0.9375,0.7576005651168928,0.316119112574418
arc1_blank_test,structural_defect,lower_is_more_confident,129,129,200,0.645,8.0,0.06201550387596899,0.937984496124031,0.7599963721544892,0.3195600215634108
arc1_blank_test,structural_defect,lower_is_more_confident,130,130,200,0.65,8.0,0.06153846153846154,0.9384615384615385,0.7659153649345061,0.32299352420472693
arc1_blank_test,structural_defect,lower_is_more_confident,131,131,200,0.655,8.0,0.061068702290076333,0.9389312977099237,0.7668550499327844,0.32638178012631514
arc1_blank_test,structural_defect,lower_is_more_confident,132,132,200,0.66,8.0,0.06060606060606061,0.9393939393939394,0.7837172478910271,0.3298464427608963
arc1_blank_test,structural_defect,lower_is_more_confident,133,133,200,0.665,8.0,0.06015037593984962,0.9398496240601504,0.7870802111101477,0.3332842906432215
arc1_blank_test,structural_defect,lower_is_more_confident,134,134,200,0.67,8.0,0.05970149253731343,0.9402985074626866,0.7902895366487697,0.3366947775537107
arc1_blank_test,structural_defect,lower_is_more_confident,135,135,200,0.675,8.0,0.05925925925925926,0.9407407407407408,0.7978191441269936,0.34011051360240174
arc1_blank_test,structural_defect,lower_is_more_confident,136,136,200,0.68,8.0,0.058823529411764705,0.9411764705882353,0.799166908058565,0.34348592826752056
arc1_blank_test,structural_defect,lower_is_more_confident,137,137,200,0.685,8.0,0.058394160583941604,0.9416058394160584,0.8049979820288331,0.3468546293898659
arc1_blank_test,structural_defect,lower_is_more_confident,138,138,200,0.69,8.0,0.057971014492753624,0.9420289855072463,0.8057307423523427,0.3501798186142317
arc1_blank_test,structural_defect,lower_is_more_confident,139,139,200,0.695,8.0,0.05755395683453238,0.9424460431654677,0.8082425714813632,0.35347523410248444
arc1_blank_test,structural_defect,lower_is_more_confident,140,140,200,0.7,8.0,0.05714285714285714,0.9428571428571428,0.8108015817987633,0.3567418508717436
arc1_blank_test,structural_defect,lower_is_more_confident,141,141,200,0.705,8.0,0.05673758865248227,0.9432624113475178,0.8135312750567383,0.35998149217802017
arc1_blank_test,structural_defect,lower_is_more_confident,142,142,200,0.71,8.0,0.056338028169014086,0.9436619718309859,0.8161998770688086,0.3631942977054201
arc1_blank_test,structural_defect,lower_is_more_confident,143,143,200,0.715,8.0,0.055944055944055944,0.9440559440559441,0.8181639168691518,0.3663759034338378
arc1_blank_test,structural_defect,lower_is_more_confident,144,144,200,0.72,8.0,0.05555555555555555,0.9444444444444444,0.8248479839193714,0.3695597373260984
arc1_blank_test,structural_defect,lower_is_more_confident,145,145,200,0.725,8.0,0.05517241379310345,0.9448275862068966,0.8265071127312845,0.3727110985357894
arc1_blank_test,structural_defect,lower_is_more_confident,146,146,200,0.73,8.0,0.0547945205479452,0.9452054794520548,0.830236416861801,0.37584483359281684
arc1_blank_test,structural_defect,lower_is_more_confident,147,147,200,0.735,8.0,0.05442176870748299,0.9455782312925171,0.8332716400320366,0.3789565805753966
arc1_blank_test,structural_defect,lower_is_more_confident,148,148,200,0.74,8.0,0.05405405405405406,0.9459459459459459,0.8368222322837652,0.38205026741126397
arc1_blank_test,structural_defect,lower_is_more_confident,149,149,200,0.745,8.0,0.053691275167785234,0.9463087248322147,0.8385150621774866,0.38511378952378894
arc1_blank_test,structural_defect,lower_is_more_confident,150,150,200,0.75,8.0,0.05333333333333334,0.9466666666666667,0.8403096486957468,0.3881484285849353
arc1_blank_test,structural_defect,lower_is_more_confident,151,151,200,0.755,8.0,0.052980132450331126,0.9470198675496688,0.8413088257714441,0.3911494908179585
arc1_blank_test,structural_defect,lower_is_more_confident,152,152,200,0.76,8.0,0.05263157894736842,0.9473684210526316,0.8449426842678489,0.39413497235381306
arc1_blank_test,structural_defect,lower_is_more_confident,153,153,200,0.765,8.0,0.05228758169934641,0.9477124183006536,0.8491630445660875,0.39710901204147503
arc1_blank_test,structural_defect,lower_is_more_confident,154,154,200,0.77,8.0,0.05194805194805195,0.948051948051948,0.849184674427149,0.40004456829073265
arc1_blank_test,structural_defect,lower_is_more_confident,155,155,200,0.775,8.0,0.05161290322580645,0.9483870967741935,0.850950005487984,0.4029536356274891
arc1_blank_test,structural_defect,lower_is_more_confident,156,156,200,0.78,8.0,0.05128205128205128,0.9487179487179487,0.8509519979425697,0.4058254200013037
arc1_blank_test,structural_defect,lower_is_more_confident,157,157,200,0.785,8.0,0.050955414012738856,0.9490445859872612,0.8543964488916607,0.4086825603127073
arc1_blank_test,structural_defect,lower_is_more_confident,158,158,200,0.79,8.0,0.05063291139240506,0.9493670886075949,0.8584134897778084,0.41152895860046107
arc1_blank_test,structural_defect,lower_is_more_confident,159,159,200,0.795,8.0,0.050314465408805034,0.949685534591195,0.8592751730710397,0.414344972527949
arc1_blank_test,structural_defect,lower_is_more_confident,160,160,200,0.8,8.0,0.05,0.95,0.8595450860301731,0.41712747323733784
arc1_blank_test,structural_defect,lower_is_more_confident,161,161,200,0.805,8.0,0.049689440993788817,0.9503105590062112,0.8668478671907245,0.41992076760971914
arc1_blank_test,structural_defect,lower_is_more_confident,162,162,200,0.81,8.0,0.04938271604938271,0.9506172839506173,0.8688055141000826,0.42269166110657325
arc1_blank_test,structural_defect,lower_is_more_confident,163,163,200,0.815,8.0,0.049079754601226995,0.950920245398773,0.8693821211293291,0.42543209337665155
arc1_blank_test,structural_defect,lower_is_more_confident,164,164,200,0.82,8.0,0.04878048780487805,0.9512195121951219,0.8697300488603051,0.4281412272515519
arc1_blank_test,structural_defect,lower_is_more_confident,165,165,200,0.825,8.0,0.048484848484848485,0.9515151515151515,0.8717912226766408,0.430830015102613
arc1_blank_test,structural_defect,lower_is_more_confident,166,166,200,0.83,8.0,0.04819277108433735,0.9518072289156626,0.8769521088860586,0.43351749759528435
arc1_blank_test,structural_defect,lower_is_more_confident,167,167,200,0.835,8.0,0.04790419161676647,0.9520958083832335,0.8785724447269683,0.4361824972787076
arc1_blank_test,structural_defect,lower_is_more_confident,168,168,200,0.84,8.0,0.047619047619047616,0.9523809523809523,0.8830971673646922,0.43884270364826705
arc1_blank_test,structural_defect,lower_is_more_confident,169,169,200,0.845,8.0,0.047337278106508875,0.9526627218934911,0.8832424892182049,0.4414722881782667
arc1_blank_test,structural_defect,lower_is_more_confident,170,170,200,0.85,8.0,0.047058823529411764,0.9529411764705882,0.8855389720134373,0.44408444514200296
arc1_blank_test,structural_defect,lower_is_more_confident,171,171,200,0.855,8.0,0.04678362573099415,0.9532163742690059,0.8991332419078659,0.44674554921665716
arc1_blank_test,structural_defect,lower_is_more_confident,172,172,200,0.86,8.0,0.046511627906976744,0.9534883720930233,0.8992269068644938,0.44937625478437715
arc1_blank_test,structural_defect,lower_is_more_confident,173,173,200,0.865,8.0,0.046242774566473986,0.953757225433526,0.9012022197523127,0.4519879655645386
arc1_blank_test,structural_defect,lower_is_more_confident,174,174,200,0.87,8.0,0.04597701149425287,0.9540229885057472,0.909593241233533,0.4546178809419466
arc1_blank_test,structural_defect,lower_is_more_confident,175,175,200,0.875,8.0,0.045714285714285714,0.9542857142857143,0.9103480417389367,0.457222053289358
arc1_blank_test,structural_defect,lower_is_more_confident,176,176,200,0.88,8.0,0.045454545454545456,0.9545454545454546,0.9143303299106901,0.4598192594065246
arc1_blank_test,structural_defect,lower_is_more_confident,177,177,200,0.885,8.0,0.04519774011299435,0.9548022598870056,0.9146514067298153,0.4623889325552438
arc1_blank_test,structural_defect,lower_is_more_confident,178,178,200,0.89,8.0,0.0449438202247191,0.9550561797752809,0.9162406929833973,0.46493866154641317
arc1_blank_test,structural_defect,lower_is_more_confident,179,179,200,0.895,8.0,0.0446927374301676,0.9553072625698324,0.9170251177873795,0.4674642842069772
arc1_blank_test,structural_defect,lower_is_more_confident,180,180,200,0.9,8.0,0.044444444444444446,0.9555555555555556,0.9181654701245824,0.4699681796842972
arc1_blank_test,structural_defect,lower_is_more_confident,181,181,200,0.905,8.0,0.04419889502762431,0.9558011049723757,0.9182891873676458,0.4724450913289566
arc1_blank_test,structural_defect,lower_is_more_confident,182,182,200,0.91,8.0,0.04395604395604396,0.9560439560439561,0.9217460353750084,0.4749137778347042
arc1_blank_test,structural_defect,lower_is_more_confident,183,183,200,0.915,8.0,0.04371584699453552,0.9562841530054644,0.9224499731290217,0.47735933081445453
arc1_blank_test,structural_defect,lower_is_more_confident,184,184,200,0.92,8.0,0.043478260869565216,0.9565217391304348,0.9225032906638879,0.4797785914658101
arc1_blank_test,structural_defect,lower_is_more_confident,185,185,200,0.925,8.0,0.043243243243243246,0.9567567567567568,0.92385360926885,0.48217899696744815
arc1_blank_test,structural_defect,lower_is_more_confident,186,186,200,0.93,8.0,0.043010752688172046,0.956989247311828,0.9250718779103072,0.48456014148864635
arc1_blank_test,structural_defect,lower_is_more_confident,187,187,200,0.935,8.0,0.0427807486631016,0.9572192513368984,0.9274999556440632,0.4869288035964293
arc1_blank_test,structural_defect,lower_is_more_confident,188,188,200,0.94,8.0,0.0425531914893617,0.9574468085106383,0.9286541412608729,0.4892784064563466
arc1_blank_test,structural_defect,lower_is_more_confident,189,189,200,0.945,8.0,0.042328042328042326,0.9576719576719577,0.929730044718525,0.4916088384048237
arc1_blank_test,structural_defect,lower_is_more_confident,190,190,200,0.95,8.0,0.042105263157894736,0.9578947368421052,0.9340611850505098,0.4939375349661168
arc1_blank_test,structural_defect,lower_is_more_confident,191,191,200,0.955,8.0,0.041884816753926704,0.9581151832460733,0.9453490613744452,0.4963009460991447
arc1_blank_test,structural_defect,lower_is_more_confident,192,192,200,0.96,8.0,0.041666666666666664,0.9583333333333334,0.9461558654788323,0.4986439404709139
arc1_blank_test,structural_defect,lower_is_more_confident,193,193,200,0.965,8.0,0.04145077720207254,0.9585492227979274,0.9473391345813551,0.5009687860362529
arc1_blank_test,structural_defect,lower_is_more_confident,194,194,200,0.97,8.0,0.041237113402061855,0.9587628865979382,0.9486488601723839,0.5032764152843774
arc1_blank_test,structural_defect,lower_is_more_confident,195,195,200,0.975,8.0,0.041025641025641026,0.958974358974359,0.9489274178360643,0.5055618050410526
arc1_blank_test,structural_defect,lower_is_more_confident,196,196,200,0.98,8.0,0.04081632653061224,0.9591836734693877,0.9504453422041549,0.5078316190061705
arc1_blank_test,structural_defect,lower_is_more_confident,197,197,200,0.985,8.0,0.04060913705583756,0.9593908629441624,0.955819654760721,0.510105669949087
arc1_blank_test,structural_defect,lower_is_more_confident,198,198,200,0.99,8.0,0.04040404040404041,0.9595959595959596,0.9646271482686015,0.5124012329709027
arc1_blank_test,structural_defect,lower_is_more_confident,199,199,200,0.995,8.0,0.04020100502512563,0.9597989949748744,0.966492160241693,0.5146830969270374
arc1_blank_test,structural_defect,lower_is_more_confident,200,200,200,1.0,8.0,0.04,0.96,0.9740411823386972,0.5169798873540956
arc1_blank_test,vote_share,higher_is_more_confident,1,1,200,0.005,1.0,1.0,0.0,1.0,1.0
arc1_blank_test,vote_share,higher_is_more_confident,2,2,200,0.01,2.0,1.0,0.0,0.8251748251748252,0.9125874125874126
arc1_blank_test,vote_share,higher_is_more_confident,3,3,200,0.015,2.0,0.6666666666666666,0.33333333333333337,0.7887112887112887,0.8712953712953713
arc1_blank_test,vote_share,higher_is_more_confident,4,4,200,0.02,2.0,0.5,0.5,0.7572427572427572,0.8427822177822177
arc1_blank_test,vote_share,higher_is_more_confident,5,5,200,0.025,2.0,0.4,0.6,0.7312687312687313,0.8204795204795203
arc1_blank_test,vote_share,higher_is_more_confident,6,6,200,0.03,2.0,0.3333333333333333,0.6666666666666667,0.7252747252747253,0.8046120546120545
arc1_blank_test,vote_share,higher_is_more_confident,7,7,200,0.035,2.0,0.2857142857142857,0.7142857142857143,0.7242757242757243,0.7931354359925787
arc1_blank_test,vote_share,higher_is_more_confident,8,8,200,0.04,2.0,0.25,0.75,0.6653346653346653,0.7771603396603396
arc1_blank_test,vote_share,higher_is_more_confident,9,9,200,0.045,3.0,0.3333333333333333,0.6666666666666667,0.6093906093906094,0.7585192585192585
arc1_blank_test,vote_share,higher_is_more_confident,10,10,200,0.05,3.0,0.3,0.7,0.5694305694305695,0.7396103896103895
arc1_blank_test,vote_share,higher_is_more_confident,11,11,200,0.055,3.0,0.2727272727272727,0.7272727272727273,0.5,0.717827626918536
arc1_blank_test,vote_share,higher_is_more_confident,12,12,200,0.06,4.0,0.3333333333333333,0.6666666666666667,0.45854145854145856,0.6962204462204462
arc1_blank_test,vote_share,higher_is_more_confident,13,13,200,0.065,4.0,0.3076923076923077,0.6923076923076923,0.4205794205794206,0.6750172904019057
arc1_blank_test,vote_share,higher_is_more_confident,14,14,200,0.07,4.0,0.2857142857142857,0.7142857142857143,0.3888888888888889,0.6545795474366903
arc1_blank_test,vote_share,higher_is_more_confident,15,15,200,0.075,4.0,0.26666666666666666,0.7333333333333334,0.3696303696303696,0.6355829355829355
arc1_blank_test,vote_share,higher_is_more_confident,16,16,200,0.08,4.0,0.25,0.75,0.3516483516483517,0.6178370240870241
arc1_blank_test,vote_share,higher_is_more_confident,17,17,200,0.085,4.0,0.23529411764705882,0.7647058823529411,0.28125,0.5980377873760228
arc1_blank_test,vote_share,higher_is_more_confident,18,18,200,0.09,4.0,0.2222222222222222,0.7777777777777778,0.25,0.5787023547440214
arc1_blank_test,vote_share,higher_is_more_confident,19,19,200,0.095,4.0,0.21052631578947367,0.7894736842105263,0.24913194444444445,0.5613565436756227
arc1_blank_test,vote_share,higher_is_more_confident,20,20,200,0.1,4.0,0.2,0.8,0.24275724275724275,0.5454265786297037
arc1_blank_test,vote_share,higher_is_more_confident,21,21,200,0.105,4.0,0.19047619047619047,0.8095238095238095,0.23576423576423577,0.5306807527789671
arc1_blank_test,vote_share,higher_is_more_confident,22,22,200,0.11,4.0,0.18181818181818182,0.8181818181818181,0.22477522477522477,0.5167759560515243
arc1_blank_test,vote_share,higher_is_more_confident,23,23,200,0.115,4.0,0.17391304347826086,0.8260869565217391,0.22277722277722278,0.5039934024309025
arc1_blank_test,vote_share,higher_is_more_confident,24,24,200,0.12,4.0,0.16666666666666666,0.8333333333333334,0.2222222222222222,0.49225293658887415
arc1_blank_test,vote_share,higher_is_more_confident,25,25,200,0.125,4.0,0.16,0.84,0.2177822177822178,0.4812741078366079
arc1_blank_test,vote_share,higher_is_more_confident,26,26,200,0.13,4.0,0.15384615384615385,0.8461538461538461,0.2127872127872128,0.47094768879624654
arc1_blank_test,vote_share,higher_is_more_confident,27,27,200,0.135,4.0,0.14814814814814814,0.8518518518518519,0.2107892107892108,0.4613121896108008
arc1_blank_test,vote_share,higher_is_more_confident,28,28,200,0.14,4.0,0.14285714285714285,0.8571428571428572,0.20833333333333334,0.4522772304580341
arc1_blank_test,vote_share,higher_is_more_confident,29,29,200,0.145,4.0,0.13793103448275862,0.8620689655172413,0.2057942057942058,0.4437778158144538
arc1_blank_test,vote_share,higher_is_more_confident,30,30,200,0.15,4.0,0.13333333333333333,0.8666666666666667,0.18581418581418582,0.4351790281477782
arc1_blank_test,vote_share,higher_is_more_confident,31,31,200,0.155,4.0,0.12903225806451613,0.8709677419354839,0.17382617382617382,0.4267482909115974
arc1_blank_test,vote_share,higher_is_more_confident,32,32,200,0.16,4.0,0.125,0.875,0.15484515484515485,0.4182513179095211
arc1_blank_test,vote_share,higher_is_more_confident,33,33,200,0.165,4.0,0.12121212121212122,0.8787878787878788,0.1527777777777778,0.41020666517825616
arc1_blank_test,vote_share,higher_is_more_confident,34,34,200,0.17,4.0,0.11764705882352941,0.8823529411764706,0.15084915084915085,0.402578502992106
arc1_blank_test,vote_share,higher_is_more_confident,35,35,200,0.175,4.0,0.11428571428571428,0.8857142857142857,0.14485514485514486,0.39521497847390713
arc1_blank_test,vote_share,higher_is_more_confident,36,36,200,0.18,4.0,0.1111111111111111,0.8888888888888888,0.14485514485514486,0.3882605386511637
arc1_blank_test,vote_share,higher_is_more_confident,37,37,200,0.185,4.0,0.10810810810810811,0.8918918918918919,0.1388888888888889,0.3815207643332644
arc1_blank_test,vote_share,higher_is_more_confident,38,38,200,0.19,4.0,0.10526315789473684,0.8947368421052632,0.13186813186813187,0.3749509582157609
arc1_blank_test,vote_share,higher_is_more_confident,39,39,200,0.195,4.0,0.10256410256410256,0.8974358974358975,0.1273726273726274,0.3686027958864498
arc1_blank_test,vote_share,higher_is_more_confident,40,40,200,0.2,4.0,0.1,0.9,0.125,0.3625127259892885
arc1_blank_test,vote_share,higher_is_more_confident,41,41,200,0.205,4.0,0.0975609756097561,0.9024390243902439,0.11688311688311688,0.35652175991352825
arc1_blank_test,vote_share,higher_is_more_confident,42,42,200,0.21,4.0,0.09523809523809523,0.9047619047619048,0.11488511488511488,0.35076850646047075
arc1_blank_test,vote_share,higher_is_more_confident,43,43,200,0.215,4.0,0.09302325581395349,0.9069767441860466,0.1143856143856144,0.3452712299005904
arc1_blank_test,vote_share,higher_is_more_confident,44,44,200,0.22,4.0,0.09090909090909091,0.9090909090909091,0.1111111111111111,0.33994940901901133
arc1_blank_test,vote_share,higher_is_more_confident,45,45,200,0.225,4.0,0.08888888888888889,0.9111111111111111,0.11038961038961038,0.33484808016058015
arc1_blank_test,vote_share,higher_is_more_confident,46,46,200,0.23,4.0,0.08695652173913043,0.9130434782608696,0.10989010989010989,0.32995768950252646
arc1_blank_test,vote_share,higher_is_more_confident,47,47,200,0.235,4.0,0.0851063829787234,0.9148936170212766,0.1028971028971029,0.3251266131917728
arc1_blank_test,vote_share,higher_is_more_confident,48,48,200,0.24,4.0,0.08333333333333333,0.9166666666666666,0.0999000999000999,0.3204343941648629
arc1_blank_test,vote_share,higher_is_more_confident,49,49,200,0.245,4.0,0.08163265306122448,0.9183673469387755,0.0969030969030969,0.3158725309554391
arc1_blank_test,vote_share,higher_is_more_confident,50,50,200,0.25,4.0,0.08,0.92,0.0959040959040959,0.31147316225441224
arc1_blank_test,vote_share,higher_is_more_confident,51,51,200,0.255,4.0,0.0784313725490196,0.9215686274509804,0.09290709290709291,0.3071875530515236
arc1_blank_test,vote_share,higher_is_more_confident,52,52,200,0.26,4.0,0.07692307692307693,0.9230769230769231,0.09090909090909091,0.30302835185647686
arc1_blank_test,vote_share,higher_is_more_confident,53,53,200,0.265,4.0,0.07547169811320754,0.9245283018867925,0.09027777777777778,0.29901419008140706
arc1_blank_test,vote_share,higher_is_more_confident,54,54,200,0.27,4.0,0.07407407407407407,0.9259259259259259,0.08691308691308691,0.29508639187458635
arc1_blank_test,vote_share,higher_is_more_confident,55,55,200,0.275,4.0,0.07272727272727272,0.9272727272727272,0.08333333333333333,0.2912363362647454
arc1_blank_test,vote_share,higher_is_more_confident,56,56,200,0.28,4.0,0.07142857142857142,0.9285714285714286,0.08333333333333333,0.2875237826409701
arc1_blank_test,vote_share,higher_is_more_confident,57,57,200,0.285,4.0,0.07017543859649122,0.9298245614035088,0.08091908091908091,0.28389913875111245
arc1_blank_test,vote_share,higher_is_more_confident,58,58,200,0.29,5.0,0.08620689655172414,0.9137931034482758,0.08091908091908091,0.28039948258159464
arc1_blank_test,vote_share,higher_is_more_confident,59,59,200,0.295,6.0,0.1016949152542373,0.8983050847457628,0.07892107892107893,0.27698459438395884
arc1_blank_test,vote_share,higher_is_more_confident,60,60,200,0.3,6.0,0.1,0.9,0.078125,0.2736702678108928
arc1_blank_test,vote_share,higher_is_more_confident,61,61,200,0.305,6.0,0.09836065573770492,0.9016393442622951,0.07792207792207792,0.27046128109140405
arc1_blank_test,vote_share,higher_is_more_confident,62,62,200,0.31,6.0,0.0967741935483871,0.9032258064516129,0.07392607392607392,0.2672913583951891
arc1_blank_test,vote_share,higher_is_more_confident,63,63,200,0.315,6.0,0.09523809523809523,0.9047619047619048,0.07292707292707293,0.26420621100680625
arc1_blank_test,vote_share,higher_is_more_confident,64,64,200,0.32,6.0,0.09375,0.90625,0.07292707292707293,0.26121747447431043
arc1_blank_test,vote_share,higher_is_more_confident,65,65,200,0.325,6.0,0.09230769230769231,0.9076923076923077,0.07092907092907093,0.2582899605736145
arc1_blank_test,vote_share,higher_is_more_confident,66,66,200,0.33,6.0,0.09090909090909091,0.9090909090909091,0.07042957042957043,0.2554435910259774
arc1_blank_test,vote_share,higher_is_more_confident,67,67,200,0.335,6.0,0.08955223880597014,0.9104477611940298,0.06944444444444445,0.2526674843605814
arc1_blank_test,vote_share,higher_is_more_confident,68,68,200,0.34,6.0,0.08823529411764706,0.9117647058823529,0.06944444444444445,0.2499730278912264
arc1_blank_test,vote_share,higher_is_more_confident,69,69,200,0.345,6.0,0.08695652173913043,0.9130434782608696,0.06770833333333333,0.24733151057879316
arc1_blank_test,vote_share,higher_is_more_confident,70,70,200,0.35,6.0,0.08571428571428572,0.9142857142857143,0.06693306693306693,0.2447543899552828
arc1_blank_test,vote_share,higher_is_more_confident,71,71,200,0.355,6.0,0.08450704225352113,0.9154929577464789,0.06493506493506493,0.24222172340570225
arc1_blank_test,vote_share,higher_is_more_confident,72,72,200,0.36,6.0,0.08333333333333333,0.9166666666666666,0.06393606393606394,0.23974553369084617
arc1_blank_test,vote_share,higher_is_more_confident,73,73,200,0.365,6.0,0.0821917808219178,0.9178082191780822,0.06293706293706294,0.23732349984490395
arc1_blank_test,vote_share,higher_is_more_confident,74,74,200,0.37,6.0,0.08108108108108109,0.9189189189189189,0.060939060939060936,0.23493992634617633
arc1_blank_test,vote_share,higher_is_more_confident,75,75,200,0.375,6.0,0.08,0.92,0.055944055944055944,0.23255331474081473
arc1_blank_test,vote_share,higher_is_more_confident,76,76,200,0.38,6.0,0.07894736842105263,0.9210526315789473,0.055944055944055944,0.2302295087040153
arc1_blank_test,vote_share,higher_is_more_confident,77,77,200,0.385,6.0,0.07792207792207792,0.922077922077922,0.055944055944055944,0.22796606126557425
arc1_blank_test,vote_share,higher_is_more_confident,78,78,200,0.39,6.0,0.07692307692307693,0.9230769230769231,0.05555555555555555,0.22575567016672787
arc1_blank_test,vote_share,higher_is_more_confident,79,79,200,0.395,6.0,0.0759493670886076,0.9240506329113924,0.054945054945054944,0.2235935104803776
arc1_blank_test,vote_share,higher_is_more_confident,80,80,200,0.4,6.0,0.075,0.925,0.054945054945054944,0.22148540478618606
arc1_blank_test,vote_share,higher_is_more_confident,81,81,200,0.405,6.0,0.07407407407407407,0.9259259259259259,0.053946053946053944,0.219417017738777
arc1_blank_test,vote_share,higher_is_more_confident,82,82,200,0.41,6.0,0.07317073170731707,0.926829268292683,0.05381944444444445,0.21739753513762658
arc1_blank_test,vote_share,higher_is_more_confident,83,83,200,0.415,6.0,0.07228915662650602,0.927710843373494,0.05194805194805195,0.21540416787028233
arc1_blank_test,vote_share,higher_is_more_confident,84,84,200,0.42,6.0,0.07142857142857142,0.9285714285714286,0.04895104895104895,0.21342258312124385
arc1_blank_test,vote_share,higher_is_more_confident,85,85,200,0.425,6.0,0.07058823529411765,0.9294117647058824,0.04861111111111111,0.21148362462700698
arc1_blank_test,vote_share,higher_is_more_confident,86,86,200,0.43,6.0,0.06976744186046512,0.9302325581395349,0.04295704295704296,0.20952401321223996
arc1_blank_test,vote_share,higher_is_more_confident,87,87,200,0.435,6.0,0.06896551724137931,0.9310344827586207,0.04295704295704296,0.2076094503357434
arc1_blank_test,vote_share,higher_is_more_confident,88,88,200,0.44,6.0,0.06818181818181818,0.9318181818181819,0.04295704295704296,0.20573840025189452
arc1_blank_test,vote_share,higher_is_more_confident,89,89,200,0.445,6.0,0.06741573033707865,0.9325842696629214,0.04295704295704296,0.20390939623734564
arc1_blank_test,vote_share,higher_is_more_confident,90,90,200,0.45,6.0,0.06666666666666667,0.9333333333333333,0.04295704295704296,0.20212103675645338
arc1_blank_test,vote_share,higher_is_more_confident,91,91,200,0.455,6.0,0.06593406593406594,0.9340659340659341,0.04195804195804196,0.20036100384658073
arc1_blank_test,vote_share,higher_is_more_confident,92,92,200,0.46,6.0,0.06521739130434782,0.9347826086956522,0.041666666666666664,0.19863606539897297
arc1_blank_test,vote_share,higher_is_more_confident,93,93,200,0.465,6.0,0.06451612903225806,0.935483870967742,0.041666666666666664,0.19694822240185142
arc1_blank_test,vote_share,higher_is_more_confident,94,94,200,0.47,6.0,0.06382978723404255,0.9361702127659575,0.041666666666666664,0.1952962909578601
arc1_blank_test,vote_share,higher_is_more_confident,95,95,200,0.475,6.0,0.06315789473684211,0.9368421052631579,0.041666666666666664,0.1936791370179528
arc1_blank_test,vote_share,higher_is_more_confident,96,96,200,0.48,6.0,0.0625,0.9375,0.041666666666666664,0.19209567378512693
arc1_blank_test,vote_share,higher_is_more_confident,97,97,200,0.485,6.0,0.061855670103092786,0.9381443298969072,0.041666666666666664,0.19054485927875106
arc1_blank_test,vote_share,higher_is_more_confident,98,98,200,0.49,6.0,0.061224489795918366,0.9387755102040817,0.041666666666666664,0.18902569404801553
arc1_blank_test,vote_share,higher_is_more_confident,99,99,200,0.495,6.0,0.06060606060606061,0.9393939393939394,0.04095904095904096,0.18753007128954102
arc1_blank_test,vote_share,higher_is_more_confident,100,100,200,0.5,6.0,0.06,0.94,0.03996003996003996,0.18605437097624603
arc1_blank_test,vote_share,higher_is_more_confident,101,101,200,0.505,6.0,0.0594059405940594,0.9405940594059405,0.03996003996003996,0.18460789245133308
arc1_blank_test,vote_share,higher_is_more_confident,102,102,200,0.51,6.0,0.058823529411764705,0.9411764705882353,0.03996003996003996,0.18318977625043806
arc1_blank_test,vote_share,higher_is_more_confident,103,103,200,0.515,6.0,0.05825242718446602,0.941747572815534,0.03796203796203796,0.1817797982088031
arc1_blank_test,vote_share,higher_is_more_confident,104,104,200,0.52,6.0,0.057692307692307696,0.9423076923076923,0.03696303696303696,0.18038732935067076
arc1_blank_test,vote_share,higher_is_more_confident,105,105,200,0.525,6.0,0.05714285714285714,0.9428571428571428,0.03696303696303696,0.17902138370888376
arc1_blank_test,vote_share,higher_is_more_confident,106,106,200,0.53,6.0,0.05660377358490566,0.9433962264150944,0.036463536463536464,0.17767649835751256
arc1_blank_test,vote_share,higher_is_more_confident,107,107,200,0.535,6.0,0.056074766355140186,0.9439252336448598,0.03596403596403597,0.1763520828211249
arc1_blank_test,vote_share,higher_is_more_confident,108,108,200,0.54,6.0,0.05555555555555555,0.9444444444444444,0.03496503496503497,0.17504294348912405
arc1_blank_test,vote_share,higher_is_more_confident,109,109,200,0.545,6.0,0.05504587155963303,0.944954128440367,0.03496503496503497,0.17375782506229753
arc1_blank_test,vote_share,higher_is_more_confident,110,110,200,0.55,6.0,0.05454545454545454,0.9454545454545454,0.03396603396603397,0.17248699059778608
arc1_blank_test,vote_share,higher_is_more_confident,111,111,200,0.555,6.0,0.05405405405405406,0.9459459459459459,0.03196803196803197,0.17122105403355403
arc1_blank_test,vote_share,higher_is_more_confident,112,112,200,0.56,6.0,0.05357142857142857,0.9464285714285714,0.03196803196803197,0.16997772347939757
arc1_blank_test,vote_share,higher_is_more_confident,113,113,200,0.565,6.0,0.05309734513274336,0.9469026548672567,0.030969030969030968,0.16874755805895186
arc1_blank_test,vote_share,higher_is_more_confident,114,114,200,0.57,6.0,0.05263157894736842,0.9473684210526316,0.029470529470529472,0.1675258297380008
arc1_blank_test,vote_share,higher_is_more_confident,115,115,200,0.575,6.0,0.05217391304347826,0.9478260869565217,0.028971028971028972,0.1663210053835054
arc1_blank_test,vote_share,higher_is_more_confident,116,116,200,0.58,6.0,0.05172413793103448,0.9482758620689655,0.028971028971028972,0.16513695386270816
arc1_blank_test,vote_share,higher_is_more_confident,117,117,200,0.585,6.0,0.05128205128205128,0.9487179487179487,0.027972027972027972,0.16396460406877073
arc1_blank_test,vote_share,higher_is_more_confident,118,118,200,0.59,6.0,0.05084745762711865,0.9491525423728814,0.027777777777777776,0.1628104784222369
arc1_blank_test,vote_share,higher_is_more_confident,119,119,200,0.595,6.0,0.05042016806722689,0.9495798319327731,0.026973026973026972,0.16166898723358808
arc1_blank_test,vote_share,higher_is_more_confident,120,120,200,0.6,6.0,0.05,0.95,0.025974025974025976,0.1605381958897584
arc1_blank_test,vote_share,higher_is_more_confident,121,121,200,0.605,6.0,0.049586776859504134,0.9504132231404958,0.025974025974025976,0.15942609531194243
arc1_blank_test,vote_share,higher_is_more_confident,122,122,200,0.61,6.0,0.04918032786885246,0.9508196721311475,0.025974025974025976,0.15833222589113982
arc1_blank_test,vote_share,higher_is_more_confident,123,123,200,0.615,6.0,0.04878048780487805,0.9512195121951219,0.024975024975024976,0.15724802100564295
arc1_blank_test,vote_share,higher_is_more_confident,124,124,200,0.62,6.0,0.04838709677419355,0.9516129032258065,0.024975024975024976,0.1561813032957186
arc1_blank_test,vote_share,higher_is_more_confident,125,125,200,0.625,6.0,0.048,0.952,0.024975024975024976,0.15513165306915305
arc1_blank_test,vote_share,higher_is_more_confident,126,126,200,0.63,6.0,0.047619047619047616,0.9523809523809523,0.024975024975024976,0.1540986639572949
arc1_blank_test,vote_share,higher_is_more_confident,127,127,200,0.635,6.0,0.047244094488188976,0.952755905511811,0.023976023976023976,0.1530740762409069
arc1_blank_test,vote_share,higher_is_more_confident,128,128,200,0.64,6.0,0.046875,0.953125,0.023976023976023976,0.1520654977075875
arc1_blank_test,vote_share,higher_is_more_confident,129,129,200,0.645,6.0,0.046511627906976744,0.9534883720930233,0.023976023976023976,0.15107255605075368
arc1_blank_test,vote_share,higher_is_more_confident,130,130,200,0.65,6.0,0.046153846153846156,0.9538461538461538,0.022977022977022976,0.15008720579634036
arc1_blank_test,vote_share,higher_is_more_confident,131,131,200,0.655,6.0,0.04580152671755725,0.9541984732824428,0.022977022977022976,0.1491168990572616
arc1_blank_test,vote_share,higher_is_more_confident,132,132,200,0.66,6.0,0.045454545454545456,0.9545454545454546,0.022977022977022976,0.14816129393544164
arc1_blank_test,vote_share,higher_is_more_confident,133,133,200,0.665,6.0,0.045112781954887216,0.9548872180451128,0.022977022977022976,0.14722005881545353
arc1_blank_test,vote_share,higher_is_more_confident,134,134,200,0.67,6.0,0.04477611940298507,0.9552238805970149,0.02197802197802198,0.14628541674950254
arc1_blank_test,vote_share,higher_is_more_confident,135,135,200,0.675,7.0,0.05185185185185185,0.9481481481481482,0.02197802197802198,0.14536462123267677
arc1_blank_test,vote_share,higher_is_more_confident,136,136,200,0.68,7.0,0.051470588235294115,0.9485294117647058,0.02097902097902098,0.14445002123081163
arc1_blank_test,vote_share,higher_is_more_confident,137,137,200,0.685,7.0,0.051094890510948905,0.948905109489051,0.02097902097902098,0.14354877305379127
arc1_blank_test,vote_share,higher_is_more_confident,138,138,200,0.69,7.0,0.050724637681159424,0.9492753623188406,0.01998001998001998,0.1426533473068799
arc1_blank_test,vote_share,higher_is_more_confident,139,139,200,0.695,7.0,0.050359712230215826,0.9496402877697842,0.01898101898101898,0.1417636183261183
arc1_blank_test,vote_share,higher_is_more_confident,140,140,200,0.7,7.0,0.05,0.95,0.01898101898101898,0.1408865997593676
arc1_blank_test,vote_share,higher_is_more_confident,141,141,200,0.705,7.0,0.04964539007092199,0.950354609929078,0.016983016983016984,0.14000785094535093
arc1_blank_test,vote_share,higher_is_more_confident,142,142,200,0.71,7.0,0.04929577464788732,0.9507042253521126,0.016983016983016984,0.13914147887519362
arc1_blank_test,vote_share,higher_is_more_confident,143,143,200,0.715,7.0,0.04895104895104895,0.951048951048951,0.015984015984015984,0.13828023787595461
arc1_blank_test,vote_share,higher_is_more_confident,144,144,200,0.72,7.0,0.04861111111111111,0.9513888888888888,0.015984015984015984,0.13743095855726062
arc1_blank_test,vote_share,higher_is_more_confident,145,145,200,0.725,7.0,0.04827586206896552,0.9517241379310345,0.015984015984015984,0.13659339343606583
arc1_blank_test,vote_share,higher_is_more_confident,146,146,200,0.73,7.0,0.04794520547945205,0.952054794520548,0.015984015984015984,0.13576730180968194
arc1_blank_test,vote_share,higher_is_more_confident,147,147,200,0.735,7.0,0.047619047619047616,0.9523809523809523,0.015625,0.13495000723954806
arc1_blank_test,vote_share,higher_is_more_confident,148,148,200,0.74,7.0,0.0472972972972973,0.9527027027027027,0.014985014985014986,0.13413943296755795
arc1_blank_test,vote_share,higher_is_more_confident,149,149,200,0.745,7.0,0.04697986577181208,0.9530201342281879,0.014985014985014986,0.1333397388871382
arc1_blank_test,vote_share,higher_is_more_confident,150,150,200,0.75,7.0,0.04666666666666667,0.9533333333333334,0.013986013986013986,0.13254404738779738
arc1_blank_test,vote_share,higher_is_more_confident,151,151,200,0.755,7.0,0.046357615894039736,0.9536423841059603,0.013986013986013986,0.13175889484871273
arc1_blank_test,vote_share,higher_is_more_confident,152,152,200,0.76,7.0,0.046052631578947366,0.9539473684210527,0.013888888888888888,0.13098343428318757
arc1_blank_test,vote_share,higher_is_more_confident,153,153,200,0.765,7.0,0.0457516339869281,0.954248366013072,0.012987012987012988,0.13021221584334328
arc1_blank_test,vote_share,higher_is_more_confident,154,154,200,0.77,7.0,0.045454545454545456,0.9545454545454546,0.012987012987012988,0.12945101322739308
arc1_blank_test,vote_share,higher_is_more_confident,155,155,200,0.775,7.0,0.04516129032258064,0.9548387096774194,0.012987012987012988,0.12869963258068093
arc1_blank_test,vote_share,higher_is_more_confident,156,156,200,0.78,7.0,0.04487179487179487,0.9551282051282052,0.012487512487512488,0.12795468309290423
arc1_blank_test,vote_share,higher_is_more_confident,157,157,200,0.785,7.0,0.044585987261146494,0.9554140127388535,0.011988011988011988,0.12721604187567562
arc1_blank_test,vote_share,higher_is_more_confident,158,158,200,0.79,7.0,0.04430379746835443,0.9556962025316456,0.011988011988011988,0.12648675054727268
arc1_blank_test,vote_share,higher_is_more_confident,159,159,200,0.795,7.0,0.0440251572327044,0.9559748427672956,0.011988011988011988,0.12576663269469873
arc1_blank_test,vote_share,higher_is_more_confident,160,160,200,0.8,7.0,0.04375,0.95625,0.011988011988011988,0.12505551631528194
arc1_blank_test,vote_share,higher_is_more_confident,161,161,200,0.805,7.0,0.043478260869565216,0.9565217391304348,0.01098901098901099,0.12434702870455976
arc1_blank_test,vote_share,higher_is_more_confident,162,162,200,0.81,7.0,0.043209876543209874,0.9567901234567902,0.00999000999000999,0.12364112118163043
arc1_blank_test,vote_share,higher_is_more_confident,163,163,200,0.815,7.0,0.04294478527607362,0.9570552147239264,0.00999000999000999,0.12294387510070023
arc1_blank_test,vote_share,higher_is_more_confident,164,164,200,0.82,7.0,0.042682926829268296,0.9573170731707317,0.00999000999000999,0.122255132020757
arc1_blank_test,vote_share,higher_is_more_confident,165,165,200,0.825,7.0,0.04242424242424243,0.9575757575757575,0.008991008991008992,0.12156868279027369
arc1_blank_test,vote_share,higher_is_more_confident,166,166,200,0.83,7.0,0.04216867469879518,0.9578313253012049,0.008991008991008992,0.12089050403244679
arc1_blank_test,vote_share,higher_is_more_confident,167,167,200,0.835,7.0,0.041916167664670656,0.9580838323353293,0.008680555555555556,0.12021858817330375
arc1_blank_test,vote_share,higher_is_more_confident,168,168,200,0.84,7.0,0.041666666666666664,0.9583333333333334,0.007992007992007992,0.11955057281508175
arc1_blank_test,vote_share,higher_is_more_confident,169,169,200,0.845,7.0,0.04142011834319527,0.9585798816568047,0.007992007992007992,0.11889046296405766
arc1_blank_test,vote_share,higher_is_more_confident,170,170,200,0.85,7.0,0.041176470588235294,0.9588235294117647,0.007992007992007992,0.11823811911128089
arc1_blank_test,vote_share,higher_is_more_confident,171,171,200,0.855,7.0,0.04093567251461988,0.9590643274853801,0.007992007992007992,0.11759340501116819
arc1_blank_test,vote_share,higher_is_more_confident,172,172,200,0.86,8.0,0.046511627906976744,0.9534883720930233,0.006993006993006993,0.11695037944129516
arc1_blank_test,vote_share,higher_is_more_confident,173,173,200,0.865,8.0,0.046242774566473986,0.953757225433526,0.006993006993006993,0.11631478769303916
arc1_blank_test,vote_share,higher_is_more_confident,174,174,200,0.87,8.0,0.04597701149425287,0.9540229885057472,0.006944444444444444,0.11568622250195526
arc1_blank_test,vote_share,higher_is_more_confident,175,175,200,0.875,8.0,0.045714285714285714,0.9542857142857143,0.005994005994005994,0.11505940983619554
arc1_blank_test,vote_share,higher_is_more_confident,176,176,200,0.88,8.0,0.045454545454545456,0.9545454545454546,0.005994005994005994,0.11443972004163765
arc1_blank_test,vote_share,higher_is_more_confident,177,177,200,0.885,8.0,0.04519774011299435,0.9548022598870056,0.005994005994005994,0.11382703239165101
arc1_blank_test,vote_share,higher_is_more_confident,178,178,200,0.89,8.0,0.0449438202247191,0.9550561797752809,0.005994005994005994,0.11322122887256311
arc1_blank_test,vote_share,higher_is_more_confident,179,179,200,0.895,8.0,0.0446927374301676,0.9553072625698324,0.004995004995004995,0.11261661309671084
arc1_blank_test,vote_share,higher_is_more_confident,180,180,200,0.9,8.0,0.044444444444444446,0.9555555555555556,0.004995004995004995,0.1120187152739236
arc1_blank_test,vote_share,higher_is_more_confident,181,181,200,0.905,8.0,0.04419889502762431,0.9558011049723757,0.004995004995004995,0.111427424056913
arc1_blank_test,vote_share,higher_is_more_confident,182,182,200,0.91,8.0,0.04395604395604396,0.9560439560439561,0.004995004995004995,0.11084263054558384
arc1_blank_test,vote_share,higher_is_more_confident,183,183,200,0.915,8.0,0.04371584699453552,0.9562841530054644,0.003996003996003996,0.11025876919831838
arc1_blank_test,vote_share,higher_is_more_confident,184,184,200,0.92,8.0,0.043478260869565216,0.9565217391304348,0.003996003996003996,0.10968125417004494
arc1_blank_test,vote_share,higher_is_more_confident,185,185,200,0.925,8.0,0.043243243243243246,0.9567567567567568,0.003996003996003996,0.10910998254748255
arc1_blank_test,vote_share,higher_is_more_confident,186,186,200,0.93,8.0,0.043010752688172046,0.956989247311828,0.003996003996003996,0.10854485363053913
arc1_blank_test,vote_share,higher_is_more_confident,187,187,200,0.935,8.0,0.0427807486631016,0.9572192513368984,0.003472222222222222,0.10798296790108287
arc1_blank_test,vote_share,higher_is_more_confident,188,188,200,0.94,8.0,0.0425531914893617,0.9574468085106383,0.002997002997002997,0.10742453191755054
arc1_blank_test,vote_share,higher_is_more_confident,189,189,200,0.945,8.0,0.042328042328042326,0.9576719576719577,0.002997002997002997,0.1068720053095053
arc1_blank_test,vote_share,higher_is_more_confident,190,190,200,0.95,8.0,0.042105263157894736,0.9578947368421052,0.002997002997002997,0.10632529477101844
arc1_blank_test,vote_share,higher_is_more_confident,191,191,200,0.955,8.0,0.041884816753926704,0.9581151832460733,0.002997002997002997,0.10578430895021208
arc1_blank_test,vote_share,higher_is_more_confident,192,192,200,0.96,8.0,0.041666666666666664,0.9583333333333334,0.001998001998001998,0.10524375526816931
arc1_blank_test,vote_share,higher_is_more_confident,193,193,200,0.965,8.0,0.04145077720207254,0.9585492227979274,0.001998001998001998,0.10470880317868657
arc1_blank_test,vote_share,higher_is_more_confident,194,194,200,0.97,8.0,0.041237113402061855,0.9587628865979382,0.001998001998001998,0.1041793660591985
arc1_blank_test,vote_share,higher_is_more_confident,195,195,200,0.975,8.0,0.041025641025641026,0.958974358974359,0.001998001998001998,0.10365535906401287
arc1_blank_test,vote_share,higher_is_more_confident,196,196,200,0.98,8.0,0.04081632653061224,0.9591836734693877,0.001998001998001998,0.1031366990789822
arc1_blank_test,vote_share,higher_is_more_confident,197,197,200,0.985,8.0,0.04060913705583756,0.9593908629441624,0.001998001998001998,0.10262330467755588
arc1_blank_test,vote_share,higher_is_more_confident,198,198,200,0.99,8.0,0.04040404040404041,0.9595959595959596,0.000999000999000999,0.1021100506185733
arc1_blank_test,vote_share,higher_is_more_confident,199,199,200,0.995,8.0,0.04020100502512563,0.9597989949748744,0.000999000999000999,0.10160195489184178
arc1_blank_test,vote_share,higher_is_more_confident,200,200,200,1.0,8.0,0.04,0.96,0.000999000999000999,0.10109894012237758
arc1_blank_test,vote_margin,higher_is_more_confident,1,1,200,0.005,1.0,1.0,0.0,1.0,1.0
arc1_blank_test,vote_margin,higher_is_more_confident,2,2,200,0.01,2.0,1.0,0.0,0.7942057942057942,0.8971028971028971
arc1_blank_test,vote_margin,higher_is_more_confident,3,3,200,0.015,2.0,0.6666666666666666,0.33333333333333337,0.7467532467532467,0.846986346986347
arc1_blank_test,vote_margin,higher_is_more_confident,4,4,200,0.02,2.0,0.5,0.5,0.7162837162837162,0.8143106893106893
arc1_blank_test,vote_margin,higher_is_more_confident,5,5,200,0.025,2.0,0.4,0.6,0.7152847152847153,0.7945054945054946
arc1_blank_test,vote_margin,higher_is_more_confident,6,6,200,0.03,2.0,0.3333333333333333,0.6666666666666667,0.7122877122877123,0.7808025308025308
arc1_blank_test,vote_margin,higher_is_more_confident,7,7,200,0.035,2.0,0.2857142857142857,0.7142857142857143,0.6803196803196803,0.7664478378764094
arc1_blank_test,vote_margin,higher_is_more_confident,8,8,200,0.04,2.0,0.25,0.75,0.6333666333666333,0.7498126873126874
arc1_blank_test,vote_margin,higher_is_more_confident,9,9,200,0.045,2.0,0.2222222222222222,0.7777777777777778,0.5524475524475524,0.7278832278832279
arc1_blank_test,vote_margin,higher_is_more_confident,10,10,200,0.05,3.0,0.3,0.7,0.5234765234765235,0.7074425574425576
arc1_blank_test,vote_margin,higher_is_more_confident,11,11,200,0.055,4.0,0.36363636363636365,0.6363636363636364,0.4025974025974026,0.6797293615475435
arc1_blank_test,vote_margin,higher_is_more_confident,12,12,200,0.06,4.0,0.3333333333333333,0.6666666666666667,0.3611111111111111,0.6531778406778407
arc1_blank_test,vote_margin,higher_is_more_confident,13,13,200,0.065,4.0,0.3076923076923077,0.6923076923076923,0.34065934065934067,0.6291379560610331
arc1_blank_test,vote_margin,higher_is_more_confident,14,14,200,0.07,4.0,0.2857142857142857,0.7142857142857143,0.3156843156843157,0.606748410319839
arc1_blank_test,vote_margin,higher_is_more_confident,15,15,200,0.075,4.0,0.26666666666666666,0.7333333333333334,0.23776223776223776,0.5821493321493322
arc1_blank_test,vote_margin,higher_is_more_confident,16,16,200,0.08,4.0,0.25,0.75,0.2326388888888889,0.5603049294455545
arc1_blank_test,vote_margin,higher_is_more_confident,17,17,200,0.085,4.0,0.23529411764705882,0.7647058823529411,0.21578421578421578,0.5400390051125347
arc1_blank_test,vote_margin,higher_is_more_confident,18,18,200,0.09,4.0,0.2222222222222222,0.7777777777777778,0.21180555555555555,0.5218038134704802
arc1_blank_test,vote_margin,higher_is_more_confident,19,19,200,0.095,4.0,0.21052631578947367,0.7894736842105263,0.2057942057942058,0.5051717288559395
arc1_blank_test,vote_margin,higher_is_more_confident,20,20,200,0.1,4.0,0.2,0.8,0.20572916666666666,0.49019960074647584
arc1_blank_test,vote_margin,higher_is_more_confident,21,21,200,0.105,4.0,0.19047619047619047,0.8095238095238095,0.1928071928071928,0.4760380575112719
arc1_blank_test,vote_margin,higher_is_more_confident,22,22,200,0.11,4.0,0.18181818181818182,0.8181818181818181,0.1878121878121878,0.46293688161585894
arc1_blank_test,vote_margin,higher_is_more_confident,23,23,200,0.115,4.0,0.17391304347826086,0.8260869565217391,0.16666666666666666,0.4500555679224158
arc1_blank_test,vote_margin,higher_is_more_confident,24,24,200,0.12,4.0,0.16666666666666666,0.8333333333333334,0.15784215784215785,0.4378800091690717
arc1_blank_test,vote_margin,higher_is_more_confident,25,25,200,0.125,4.0,0.16,0.84,0.15084915084915085,0.42639877483627486
arc1_blank_test,vote_margin,higher_is_more_confident,26,26,200,0.13,4.0,0.15384615384615385,0.8461538461538461,0.1388888888888889,0.41534070229983694
arc1_blank_test,vote_margin,higher_is_more_confident,27,27,200,0.135,4.0,0.14814814814814814,0.8518518518518519,0.13586413586413587,0.404989718357774
arc1_blank_test,vote_margin,higher_is_more_confident,28,28,200,0.14,4.0,0.14285714285714285,0.8571428571428572,0.13436563436563437,0.39532457250091185
arc1_blank_test,vote_margin,higher_is_more_confident,29,29,200,0.145,4.0,0.13793103448275862,0.8620689655172413,0.13086913086913088,0.38620541934119523
arc1_blank_test,vote_margin,higher_is_more_confident,30,30,200,0.15,4.0,0.13333333333333333,0.8666666666666667,0.125,0.37749857202982207
arc1_blank_test,vote_margin,higher_is_more_confident,31,31,200,0.155,4.0,0.12903225806451613,0.8709677419354839,0.11788211788211789,0.3691238477024768
arc1_blank_test,vote_margin,higher_is_more_confident,32,32,200,0.16,4.0,0.125,0.875,0.11288711288711288,0.3611164497394967
arc1_blank_test,vote_margin,higher_is_more_confident,33,33,200,0.165,4.0,0.12121212121212122,0.8787878787878788,0.09722222222222222,0.3531196549662459
arc1_blank_test,vote_margin,higher_is_more_confident,34,34,200,0.17,4.0,0.11764705882352941,0.8823529411764706,0.0959040959040959,0.34555449146441797
arc1_blank_test,vote_margin,higher_is_more_confident,35,35,200,0.175,4.0,0.11428571428571428,0.8857142857142857,0.09090909090909091,0.3382789085914087
arc1_blank_test,vote_margin,higher_is_more_confident,36,36,200,0.18,4.0,0.1111111111111111,0.8888888888888888,0.0879120879120879,0.3313242746836498
arc1_blank_test,vote_margin,higher_is_more_confident,37,37,200,0.185,4.0,0.10810810810810811,0.8918918918918919,0.08591408591408592,0.3246915668790669
arc1_blank_test,vote_margin,higher_is_more_confident,38,38,200,0.19,4.0,0.10526315789473684,0.8947368421052632,0.08333333333333333,0.3183400344173371
arc1_blank_test,vote_margin,higher_is_more_confident,39,39,200,0.195,4.0,0.10256410256410256,0.8974358974358975,0.07292707292707293,0.3120473943791252
arc1_blank_test,vote_margin,higher_is_more_confident,40,40,200,0.2,4.0,0.1,0.9,0.07192807192807193,0.3060444113178489
arc1_blank_test,vote_margin,higher_is_more_confident,41,41,200,0.205,4.0,0.0975609756097561,0.9024390243902439,0.07192807192807193,0.30033425669858604
arc1_blank_test,vote_margin,higher_is_more_confident,42,42,200,0.21,4.0,0.09523809523809523,0.9047619047619048,0.07092907092907093,0.2948722284659785
arc1_blank_test,vote_margin,higher_is_more_confident,43,43,200,0.215,4.0,0.09302325581395349,0.9069767441860466,0.06944444444444445,0.2896297218608266
arc1_blank_test,vote_margin,higher_is_more_confident,44,44,200,0.22,4.0,0.09090909090909091,0.9090909090909091,0.061938061938061936,0.2844549114080364
arc1_blank_test,vote_margin,higher_is_more_confident,45,45,200,0.225,4.0,0.08888888888888889,0.9111111111111111,0.057942057942057944,0.27942129244212577
arc1_blank_test,vote_margin,higher_is_more_confident,46,46,200,0.23,4.0,0.08695652173913043,0.9130434782608696,0.055944055944055944,0.27456309164868953
arc1_blank_test,vote_margin,higher_is_more_confident,47,47,200,0.235,4.0,0.0851063829787234,0.9148936170212766,0.05555555555555555,0.2699033568381973
arc1_blank_test,vote_margin,higher_is_more_confident,48,48,200,0.24,4.0,0.08333333333333333,0.9166666666666666,0.05555555555555555,0.2654377776448089
arc1_blank_test,vote_margin,higher_is_more_confident,49,49,200,0.245,4.0,0.08163265306122448,0.9183673469387755,0.04995004995004995,0.26104006891634446
arc1_blank_test,vote_margin,higher_is_more_confident,50,50,200,0.25,5.0,0.1,0.9,0.04995004995004995,0.25681826853701856
arc1_blank_test,vote_margin,higher_is_more_confident,51,51,200,0.255,5.0,0.09803921568627451,0.9019607843137255,0.04895104895104895,0.2527424407019995
arc1_blank_test,vote_margin,higher_is_more_confident,52,52,200,0.26,5.0,0.09615384615384616,0.9038461538461539,0.04595404595404595,0.24876574080300043
arc1_blank_test,vote_margin,higher_is_more_confident,53,53,200,0.265,5.0,0.09433962264150944,0.9056603773584906,0.04595404595404595,0.24493910505113337
arc1_blank_test,vote_margin,higher_is_more_confident,54,54,200,0.27,5.0,0.09259259259259259,0.9074074074074074,0.043402777777777776,0.24120695084236754
arc1_blank_test,vote_margin,higher_is_more_confident,55,55,200,0.275,5.0,0.09090909090909091,0.9090909090909091,0.04195804195804196,0.23758424340810708
arc1_blank_test,vote_margin,higher_is_more_confident,56,56,200,0.28,6.0,0.10714285714285714,0.8928571428571429,0.03796203796203796,0.23401956116799869
arc1_blank_test,vote_margin,higher_is_more_confident,57,57,200,0.285,6.0,0.10526315789473684,0.8947368421052632,0.03696303696303696,0.23056242916440287
arc1_blank_test,vote_margin,higher_is_more_confident,58,58,200,0.29,6.0,0.10344827586206896,0.896551724137931,0.03696303696303696,0.2272245086092069
arc1_blank_test,vote_margin,higher_is_more_confident,59,59,200,0.295,6.0,0.1016949152542373,0.8983050847457628,0.03496503496503497,0.2239658734626955
arc1_blank_test,vote_margin,higher_is_more_confident,60,60,200,0.3,6.0,0.1,0.9,0.034722222222222224,0.22081181260868762
arc1_blank_test,vote_margin,higher_is_more_confident,61,61,200,0.305,6.0,0.09836065573770492,0.9016393442622951,0.03396603396603397,0.21774876705716872
arc1_blank_test,vote_margin,higher_is_more_confident,62,62,200,0.31,6.0,0.0967741935483871,0.9032258064516129,0.03396603396603397,0.21478452942666656
arc1_blank_test,vote_margin,higher_is_more_confident,63,63,200,0.315,6.0,0.09523809523809523,0.9047619047619048,0.03196803196803197,0.2118826802606565
arc1_blank_test,vote_margin,higher_is_more_confident,64,64,200,0.32,6.0,0.09375,0.90625,0.029970029970029972,0.20904029509986546
arc1_blank_test,vote_margin,higher_is_more_confident,65,65,200,0.325,6.0,0.09230769230769231,0.9076923076923077,0.029513888888888888,0.20627835038892736
arc1_blank_test,vote_margin,higher_is_more_confident,66,66,200,0.33,6.0,0.09090909090909091,0.9090909090909091,0.028971028971028972,0.2035918758219895
arc1_blank_test,vote_margin,higher_is_more_confident,67,67,200,0.335,6.0,0.08955223880597014,0.9104477611940298,0.028971028971028972,0.2009855945257065
arc1_blank_test,vote_margin,higher_is_more_confident,68,68,200,0.34,6.0,0.08823529411764706,0.9117647058823529,0.028971028971028972,0.19845596856166714
arc1_blank_test,vote_margin,higher_is_more_confident,69,69,200,0.345,6.0,0.08695652173913043,0.9130434782608696,0.027972027972027972,0.1959851868139912
arc1_blank_test,vote_margin,higher_is_more_confident,70,70,200,0.35,6.0,0.08571428571428572,0.9142857142857143,0.027972027972027972,0.1935849988305346
arc1_blank_test,vote_margin,higher_is_more_confident,71,71,200,0.355,6.0,0.08450704225352113,0.9154929577464789,0.027777777777777776,0.19124968585796057
arc1_blank_test,vote_margin,higher_is_more_confident,72,72,200,0.36,6.0,0.08333333333333333,0.9166666666666666,0.027777777777777776,0.18897924269018027
arc1_blank_test,vote_margin,higher_is_more_confident,73,73,200,0.365,6.0,0.0821917808219178,0.9178082191780822,0.027777777777777776,0.18677100344480488
arc1_blank_test,vote_margin,higher_is_more_confident,74,74,200,0.37,6.0,0.08108108108108109,0.9189189189189189,0.026041666666666668,0.18459898538023545
arc1_blank_test,vote_margin,higher_is_more_confident,75,75,200,0.375,6.0,0.08,0.92,0.025974025974025976,0.18248398592148599
arc1_blank_test,vote_margin,higher_is_more_confident,76,76,200,0.38,6.0,0.07894736842105263,0.9210526315789473,0.024975024975024976,0.18041149959324307
arc1_blank_test,vote_margin,higher_is_more_confident,77,77,200,0.385,6.0,0.07792207792207792,0.922077922077922,0.024305555555555556,0.1783841496706757
arc1_blank_test,vote_margin,higher_is_more_confident,78,78,200,0.39,6.0,0.07692307692307693,0.9230769230769231,0.023976023976023976,0.17640455831561605
arc1_blank_test,vote_margin,higher_is_more_confident,79,79,200,0.395,6.0,0.0759493670886076,0.9240506329113924,0.023976023976023976,0.17447508319739338
arc1_blank_test,vote_margin,higher_is_more_confident,80,80,200,0.4,6.0,0.075,0.925,0.02197802197802198,0.17256886993215123
arc1_blank_test,vote_margin,higher_is_more_confident,81,81,200,0.405,6.0,0.07407407407407407,0.9259259259259259,0.02197802197802198,0.1707097236611126
arc1_blank_test,vote_margin,higher_is_more_confident,82,82,200,0.41,6.0,0.07317073170731707,0.926829268292683,0.01898101898101898,0.1688593736040383
arc1_blank_test,vote_margin,higher_is_more_confident,83,83,200,0.415,6.0,0.07228915662650602,0.927710843373494,0.01898101898101898,0.16705361029532723
arc1_blank_test,vote_margin,higher_is_more_confident,84,84,200,0.42,6.0,0.07142857142857142,0.9285714285714286,0.01848151848151848,0.1652848949165914
arc1_blank_test,vote_margin,higher_is_more_confident,85,85,200,0.425,6.0,0.07058823529411765,0.9294117647058824,0.017982017982017984,0.16355191989383172
arc1_blank_test,vote_margin,higher_is_more_confident,86,86,200,0.43,6.0,0.06976744186046512,0.9302325581395349,0.017982017982017984,0.16185924661578738
arc1_blank_test,vote_margin,higher_is_more_confident,87,87,200,0.435,6.0,0.06896551724137931,0.9310344827586207,0.017982017982017984,0.16020548536712334
arc1_blank_test,vote_margin,higher_is_more_confident,88,88,200,0.44,6.0,0.06818181818181818,0.9318181818181819,0.017982017982017984,0.1585893096013835
arc1_blank_test,vote_margin,higher_is_more_confident,89,89,200,0.445,6.0,0.06741573033707865,0.9325842696629214,0.016983016983016984,0.15699822766185131
arc1_blank_test,vote_margin,higher_is_more_confident,90,90,200,0.45,6.0,0.06666666666666667,0.9333333333333333,0.016983016983016984,0.15544250309875315
arc1_blank_test,vote_margin,higher_is_more_confident,91,91,200,0.455,6.0,0.06593406593406594,0.9340659340659341,0.016983016983016984,0.15392097028429452
arc1_blank_test,vote_margin,higher_is_more_confident,92,92,200,0.46,7.0,0.07608695652173914,0.9239130434782609,0.016983016983016984,0.1524325142701502
arc1_blank_test,vote_margin,higher_is_more_confident,93,93,200,0.465,7.0,0.07526881720430108,0.9247311827956989,0.015984015984015984,0.15096532611653585
arc1_blank_test,vote_margin,higher_is_more_confident,94,94,200,0.47,7.0,0.07446808510638298,0.925531914893617,0.015984015984015984,0.14952935473214735
arc1_blank_test,vote_margin,higher_is_more_confident,95,95,200,0.475,7.0,0.07368421052631578,0.9263157894736842,0.015984015984015984,0.14812361432427226
arc1_blank_test,vote_margin,higher_is_more_confident,96,96,200,0.48,7.0,0.07291666666666667,0.9270833333333334,0.015984015984015984,0.1467471601748946
arc1_blank_test,vote_margin,higher_is_more_confident,97,97,200,0.485,7.0,0.07216494845360824,0.9278350515463918,0.015984015984015984,0.14539908652344222
arc1_blank_test,vote_margin,higher_is_more_confident,98,98,200,0.49,7.0,0.07142857142857142,0.9285714285714286,0.013986013986013986,0.14405813680367255
arc1_blank_test,vote_margin,higher_is_more_confident,99,99,200,0.495,7.0,0.0707070707070707,0.9292929292929293,0.013888888888888888,0.1427432959156444
arc1_blank_test,vote_margin,higher_is_more_confident,100,100,200,0.5,7.0,0.07,0.9299999999999999,0.013888888888888888,0.14145475184537687
arc1_blank_test,vote_margin,higher_is_more_confident,101,101,200,0.505,7.0,0.06930693069306931,0.9306930693069306,0.013888888888888888,0.14019172349927303
arc1_blank_test,vote_margin,higher_is_more_confident,102,102,200,0.51,7.0,0.06862745098039216,0.9313725490196079,0.013486513486513488,0.13894951555797147
arc1_blank_test,vote_margin,higher_is_more_confident,103,103,200,0.515,7.0,0.06796116504854369,0.9320388349514563,0.012987012987012988,0.13772657863980683
arc1_blank_test,vote_margin,higher_is_more_confident,104,104,200,0.52,7.0,0.0673076923076923,0.9326923076923077,0.012987012987012988,0.13652715973929921
arc1_blank_test,vote_margin,higher_is_more_confident,105,105,200,0.525,7.0,0.06666666666666667,0.9333333333333333,0.012987012987012988,0.13535058691308696
arc1_blank_test,vote_margin,higher_is_more_confident,106,106,200,0.53,7.0,0.0660377358490566,0.9339622641509434,0.01098901098901099,0.13417736449870887
arc1_blank_test,vote_margin,higher_is_more_confident,107,107,200,0.535,7.0,0.06542056074766354,0.9345794392523364,0.00999000999000999,0.13301673501731917
arc1_blank_test,vote_margin,higher_is_more_confident,108,108,200,0.54,7.0,0.06481481481481481,0.9351851851851852,0.00999000999000999,0.13187759867447374
arc1_blank_test,vote_margin,higher_is_more_confident,109,109,200,0.545,7.0,0.06422018348623854,0.9357798165137614,0.00999000999000999,0.13075936391590068
arc1_blank_test,vote_margin,higher_is_more_confident,110,110,200,0.55,7.0,0.06363636363636363,0.9363636363636364,0.009490509490509492,0.12965691978476077
arc1_blank_test,vote_margin,higher_is_more_confident,111,111,200,0.555,7.0,0.06306306306306306,0.9369369369369369,0.008991008991008992,0.12856983950733958
arc1_blank_test,vote_margin,higher_is_more_confident,112,112,200,0.56,7.0,0.0625,0.9375,0.008991008991008992,0.12750217137772948
arc1_blank_test,vote_margin,higher_is_more_confident,113,113,200,0.565,7.0,0.061946902654867256,0.9380530973451328,0.008991008991008992,0.12645340002917443
arc1_blank_test,vote_margin,higher_is_more_confident,114,114,200,0.57,7.0,0.06140350877192982,0.9385964912280702,0.008991008991008992,0.12542302817796244
arc1_blank_test,vote_margin,higher_is_more_confident,115,115,200,0.575,7.0,0.06086956521739131,0.9391304347826087,0.008991008991008992,0.12441057583720633
arc1_blank_test,vote_margin,higher_is_more_confident,116,116,200,0.58,7.0,0.0603448275862069,0.9396551724137931,0.007992007992007992,0.12340696749371324
arc1_blank_test,vote_margin,higher_is_more_confident,117,117,200,0.585,7.0,0.05982905982905983,0.9401709401709402,0.006993006993006994,0.12241197637832259
arc1_blank_test,vote_margin,higher_is_more_confident,118,118,200,0.59,7.0,0.059322033898305086,0.940677966101695,0.006993006993006993,0.12143384951912499
arc1_blank_test,vote_margin,higher_is_more_confident,119,119,200,0.595,7.0,0.058823529411764705,0.9411764705882353,0.006993006993006993,0.12047216176680467
arc1_blank_test,vote_margin,higher_is_more_confident,120,120,200,0.6,7.0,0.058333333333333334,0.9416666666666667,0.006993006993006993,0.11952650214368969
arc1_blank_test,vote_margin,higher_is_more_confident,121,121,200,0.605,7.0,0.05785123966942149,0.9421487603305785,0.006993006993006993,0.11859647325814686
arc1_blank_test,vote_margin,higher_is_more_confident,122,122,200,0.61,7.0,0.05737704918032787,0.9426229508196722,0.006993006993006993,0.11768169074777685
arc1_blank_test,vote_margin,higher_is_more_confident,123,123,200,0.615,7.0,0.056910569105691054,0.943089430894309,0.006993006993006993,0.1167817827497706
arc1_blank_test,vote_margin,higher_is_more_confident,124,124,200,0.62,7.0,0.056451612903225805,0.9435483870967742,0.006944444444444444,0.11589599776343731
arc1_blank_test,vote_margin,higher_is_more_confident,125,125,200,0.625,7.0,0.056,0.944,0.005994005994005994,0.11501678182928186
arc1_blank_test,vote_margin,higher_is_more_confident,126,126,200,0.63,7.0,0.05555555555555555,0.9444444444444444,0.005994005994005994,0.11415152170360508
arc1_blank_test,vote_margin,higher_is_more_confident,127,127,200,0.635,7.0,0.05511811023622047,0.9448818897637795,0.005994005994005994,0.11329988772163974
arc1_blank_test,vote_margin,higher_is_more_confident,128,128,200,0.64,7.0,0.0546875,0.9453125,0.005994005994005994,0.1124615605206426
arc1_blank_test,vote_margin,higher_is_more_confident,129,129,200,0.645,7.0,0.05426356589147287,0.9457364341085271,0.005994005994005994,0.11163623064059115
arc1_blank_test,vote_margin,higher_is_more_confident,130,130,200,0.65,7.0,0.05384615384615385,0.9461538461538461,0.005994005994005994,0.11082359814330973
arc1_blank_test,vote_margin,higher_is_more_confident,131,131,200,0.655,7.0,0.05343511450381679,0.9465648854961832,0.004995004995004995,0.1100157462872158
arc1_blank_test,vote_margin,higher_is_more_confident,132,132,200,0.66,7.0,0.05303030303030303,0.946969696969697,0.004995004995004995,0.10922013461075966
arc1_blank_test,vote_margin,higher_is_more_confident,133,133,200,0.665,7.0,0.05263157894736842,0.9473684210526316,0.004995004995004995,0.10843648701966375
arc1_blank_test,vote_margin,higher_is_more_confident,134,134,200,0.67,7.0,0.05223880597014925,0.9477611940298507,0.004995004995004995,0.10766453566127078
arc1_blank_test,vote_margin,higher_is_more_confident,135,135,200,0.675,7.0,0.05185185185185185,0.9481481481481482,0.003996003996003996,0.10689662061189843
arc1_blank_test,vote_margin,higher_is_more_confident,136,136,200,0.68,7.0,0.051470588235294115,0.9485294117647058,0.003996003996003996,0.1061399984308992
arc1_blank_test,vote_margin,higher_is_more_confident,137,137,200,0.685,7.0,0.051094890510948905,0.948905109489051,0.003996003996003996,0.10539442182918465
arc1_blank_test,vote_margin,higher_is_more_confident,138,138,200,0.69,7.0,0.050724637681159424,0.9492753623188406,0.003996003996003996,0.10465965068546595
arc1_blank_test,vote_margin,higher_is_more_confident,139,139,200,0.695,7.0,0.050359712230215826,0.9496402877697842,0.003996003996003996,0.10393545178841947
arc1_blank_test,vote_margin,higher_is_more_confident,140,140,200,0.7,7.0,0.05,0.95,0.003996003996003996,0.10322159858990221
arc1_blank_test,vote_margin,higher_is_more_confident,141,141,200,0.705,7.0,0.04964539007092199,0.950354609929078,0.003996003996003996,0.10251787096866889
arc1_blank_test,vote_margin,higher_is_more_confident,142,142,200,0.71,7.0,0.04929577464788732,0.9507042253521126,0.003472222222222222,0.10182036640003193
arc1_blank_test,vote_margin,higher_is_more_confident,143,143,200,0.715,7.0,0.04895104895104895,0.951048951048951,0.002997002997002997,0.10112929392868208
arc1_blank_test,vote_margin,higher_is_more_confident,144,144,200,0.72,7.0,0.04861111111111111,0.9513888888888888,0.002997002997002997,0.10044781968610098
arc1_blank_test,vote_margin,higher_is_more_confident,145,145,200,0.725,7.0,0.04827586206896552,0.9517241379310345,0.002997002997002997,0.09977574508824512
arc1_blank_test,vote_margin,higher_is_more_confident,146,146,200,0.73,7.0,0.04794520547945205,0.952054794520548,0.002997002997002997,0.09911287699172976
arc1_blank_test,vote_margin,higher_is_more_confident,147,147,200,0.735,7.0,0.047619047619047616,0.9523809523809523,0.002997002997002997,0.09845902750877243
arc1_blank_test,vote_margin,higher_is_more_confident,148,148,200,0.74,7.0,0.0472972972972973,0.9527027027027027,0.002997002997002997,0.09781401382963885
arc1_blank_test,vote_margin,higher_is_more_confident,149,149,200,0.745,8.0,0.053691275167785234,0.9463087248322147,0.001998001998001998,0.09717095334754733
arc1_blank_test,vote_margin,higher_is_more_confident,150,150,200,0.75,8.0,0.05333333333333334,0.9466666666666667,0.001998001998001998,0.09653646700521702
arc1_blank_test,vote_margin,higher_is_more_confident,151,151,200,0.755,8.0,0.052980132450331126,0.9470198675496688,0.001998001998001998,0.09591038445550037
arc1_blank_test,vote_margin,higher_is_more_confident,152,152,200,0.76,8.0,0.05263157894736842,0.9473684210526316,0.001998001998001998,0.09529253983406946
arc1_blank_test,vote_margin,higher_is_more_confident,153,153,200,0.765,8.0,0.05228758169934641,0.9477124183006536,0.001998001998001998,0.09468277161291869
arc1_blank_test,vote_margin,higher_is_more_confident,154,154,200,0.77,8.0,0.05194805194805195,0.948051948051948,0.001998001998001998,0.09408092245957508
arc1_blank_test,vote_margin,higher_is_more_confident,155,155,200,0.775,8.0,0.05161290322580645,0.9483870967741935,0.001998001998001998,0.09348683910175848
arc1_blank_test,vote_margin,higher_is_more_confident,156,156,200,0.78,8.0,0.05128205128205128,0.9487179487179487,0.001998001998001998,0.09290037219724723
arc1_blank_test,vote_margin,higher_is_more_confident,157,157,200,0.785,8.0,0.050955414012738856,0.9490445859872612,0.001998001998001998,0.092321376208717
arc1_blank_test,vote_margin,higher_is_more_confident,158,158,200,0.79,8.0,0.05063291139240506,0.9493670886075949,0.001998001998001998,0.09174970928333273
arc1_blank_test,vote_margin,higher_is_more_confident,159,159,200,0.795,8.0,0.050314465408805034,0.949685534591195,0.001998001998001998,0.0911852331368841
arc1_blank_test,vote_margin,higher_is_more_confident,160,160,200,0.8,8.0,0.05,0.95,0.001998001998001998,0.0906278129422661
arc1_blank_test,vote_margin,higher_is_more_confident,161,161,200,0.805,8.0,0.049689440993788817,0.9503105590062112,0.001998001998001998,0.09007731722211539
arc1_blank_test,vote_margin,higher_is_more_confident,162,162,200,0.81,8.0,0.04938271604938271,0.9506172839506173,0.001998001998001998,0.08953361774542333
arc1_blank_test,vote_margin,higher_is_more_confident,163,163,200,0.815,8.0,0.049079754601226995,0.950920245398773,0.001998001998001998,0.08899658942795449
arc1_blank_test,vote_margin,higher_is_more_confident,164,164,200,0.82,8.0,0.04878048780487805,0.9512195121951219,0.001736111111111111,0.08846451334065666
arc1_blank_test,vote_margin,higher_is_more_confident,165,165,200,0.825,8.0,0.048484848484848485,0.9515151515151515,0.001736111111111111,0.0879388866604776
arc1_blank_test,vote_margin,higher_is_more_confident,166,166,200,0.83,8.0,0.04819277108433735,0.9518072289156626,0.000999000999000999,0.08741515240950484
arc1_blank_test,vote_margin,higher_is_more_confident,167,167,200,0.835,8.0,0.04790419161676647,0.9520958083832335,0.000999000999000999,0.0868976904250108
arc1_blank_test,vote_margin,higher_is_more_confident,168,168,200,0.84,8.0,0.047619047619047616,0.9523809523809523,0.000999000999000999,0.08638638870223693
arc1_blank_test,vote_margin,higher_is_more_confident,169,169,200,0.845,8.0,0.047337278106508875,0.9526627218934911,0.000999000999000999,0.08588113788742488
arc1_blank_test,vote_margin,higher_is_more_confident,170,170,200,0.85,8.0,0.047058823529411764,0.9529411764705882,0.000999000999000999,0.08538183119984591
arc1_blank_test,vote_margin,higher_is_more_confident,171,171,200,0.855,8.0,0.04678362573099415,0.9532163742690059,0.000999000999000999,0.0848883643565661
arc1_blank_test,vote_margin,higher_is_more_confident,172,172,200,0.86,8.0,0.046511627906976744,0.9534883720930233,0.000999000999000999,0.08440063549983608
arc1_blank_test,vote_margin,higher_is_more_confident,173,173,200,0.865,8.0,0.046242774566473986,0.953757225433526,0.000999000999000999,0.08391854512699887
arc1_blank_test,vote_margin,higher_is_more_confident,174,174,200,0.87,8.0,0.04597701149425287,0.9540229885057472,0.000999000999000999,0.08344199602281498
arc1_blank_test,vote_margin,higher_is_more_confident,175,175,200,0.875,8.0,0.045714285714285714,0.9542857142857143,0.000999000999000999,0.08297089319410746
arc1_blank_test,vote_margin,higher_is_more_confident,176,176,200,0.88,8.0,0.045454545454545456,0.9545454545454546,0.000999000999000999,0.08250514380663526
arc1_blank_test,vote_margin,higher_is_more_confident,177,177,200,0.885,8.0,0.04519774011299435,0.9548022598870056,0.000999000999000999,0.08204465712410625
arc1_blank_test,vote_margin,higher_is_more_confident,178,178,200,0.89,8.0,0.0449438202247191,0.9550561797752809,0.000999000999000999,0.08158934444924609
arc1_blank_test,vote_margin,higher_is_more_confident,179,179,200,0.895,8.0,0.0446927374301676,0.9553072625698324,0.0,0.08113353805567489
arc1_blank_test,vote_margin,higher_is_more_confident,180,180,200,0.9,8.0,0.044444444444444446,0.9555555555555556,0.0,0.0806827961775878
arc1_blank_test,vote_margin,higher_is_more_confident,181,181,200,0.905,8.0,0.04419889502762431,0.9558011049723757,0.0,0.08023703487273925
arc1_blank_test,vote_margin,higher_is_more_confident,182,182,200,0.91,8.0,0.04395604395604396,0.9560439560439561,0.0,0.07979617204376817
arc1_blank_test,vote_margin,higher_is_more_confident,183,183,200,0.915,8.0,0.04371584699453552,0.9562841530054644,0.0,0.07936012738779129
arc1_blank_test,vote_margin,higher_is_more_confident,184,184,200,0.92,8.0,0.043478260869565216,0.9565217391304348,0.0,0.07892882234764025
arc1_blank_test,vote_margin,higher_is_more_confident,185,185,200,0.925,8.0,0.043243243243243246,0.9567567567567568,0.0,0.07850218006468003
arc1_blank_test,vote_margin,higher_is_more_confident,186,186,200,0.93,8.0,0.043010752688172046,0.956989247311828,0.0,0.0780801253331495
arc1_blank_test,vote_margin,higher_is_more_confident,187,187,200,0.935,8.0,0.0427807486631016,0.9572192513368984,0.0,0.07766258455596688
arc1_blank_test,vote_margin,higher_is_more_confident,188,188,200,0.94,8.0,0.0425531914893617,0.9574468085106383,0.0,0.07724948570194577
arc1_blank_test,vote_margin,higher_is_more_confident,189,189,200,0.945,8.0,0.042328042328042326,0.9576719576719577,0.0,0.07684075826436934
arc1_blank_test,vote_margin,higher_is_more_confident,190,190,200,0.95,8.0,0.042105263157894736,0.9578947368421052,0.0,0.07643633322087266
arc1_blank_test,vote_margin,higher_is_more_confident,191,191,200,0.955,8.0,0.041884816753926704,0.9581151832460733,0.0,0.07603614299458537
arc1_blank_test,vote_margin,higher_is_more_confident,192,192,200,0.96,8.0,0.041666666666666664,0.9583333333333334,0.0,0.07564012141648857
arc1_blank_test,vote_margin,higher_is_more_confident,193,193,200,0.965,8.0,0.04145077720207254,0.9585492227979274,0.0,0.075248203688942
arc1_blank_test,vote_margin,higher_is_more_confident,194,194,200,0.97,8.0,0.041237113402061855,0.9587628865979382,0.0,0.0748603263503392
arc1_blank_test,vote_margin,higher_is_more_confident,195,195,200,0.975,8.0,0.041025641025641026,0.958974358974359,0.0,0.07447642724085028
arc1_blank_test,vote_margin,higher_is_more_confident,196,196,200,0.98,8.0,0.04081632653061224,0.9591836734693877,0.0,0.07409644546921329
arc1_blank_test,vote_margin,higher_is_more_confident,197,197,200,0.985,8.0,0.04060913705583756,0.9593908629441624,0.0,0.07372032138053708
arc1_blank_test,vote_margin,higher_is_more_confident,198,198,200,0.99,8.0,0.04040404040404041,0.9595959595959596,0.0,0.07334799652507983
arc1_blank_test,vote_margin,higher_is_more_confident,199,199,200,0.995,8.0,0.04020100502512563,0.9597989949748744,0.0,0.07297941362796888
arc1_blank_test,vote_margin,higher_is_more_confident,200,200,200,1.0,8.0,0.04,0.96,0.0,0.07261451655982903
arc1_blank_test,vote_entropy,lower_is_more_confident,1,1,200,0.005,1.0,1.0,0.0,0.0,0.0
arc1_blank_test,vote_entropy,lower_is_more_confident,2,2,200,0.01,1.0,0.5,0.5,1.0512638263787826,0.5256319131893913
arc1_blank_test,vote_entropy,lower_is_more_confident,3,3,200,0.015,2.0,0.6666666666666666,0.33333333333333337,1.1246235081534004,0.7252957781773942
arc1_blank_test,vote_entropy,lower_is_more_confident,4,4,200,0.02,2.0,0.5,0.5,1.155908081331284,0.8329488539658667
arc1_blank_test,vote_entropy,lower_is_more_confident,5,5,200,0.025,2.0,0.4,0.6,1.425555373005352,0.9514701577737638
arc1_blank_test,vote_entropy,lower_is_more_confident,6,6,200,0.03,2.0,0.3333333333333333,0.6666666666666667,1.8137640588421027,1.0951858079518202
arc1_blank_test,vote_entropy,lower_is_more_confident,7,7,200,0.035,2.0,0.2857142857142857,0.7142857142857143,1.8579954083392,1.2041586080071602
arc1_blank_test,vote_entropy,lower_is_more_confident,8,8,200,0.04,2.0,0.25,0.75,1.9088129456467833,1.292240400212113
arc1_blank_test,vote_entropy,lower_is_more_confident,9,9,200,0.045,2.0,0.2222222222222222,0.7777777777777778,1.9524586412137621,1.3655979825456295
arc1_blank_test,vote_entropy,lower_is_more_confident,10,10,200,0.05,3.0,0.3,0.7,2.081555984355755,1.437193782726642
arc1_blank_test,vote_entropy,lower_is_more_confident,11,11,200,0.055,3.0,0.2727272727272727,0.7272727272727273,2.373565292074808,1.5223184653946573
arc1_blank_test,vote_entropy,lower_is_more_confident,12,12,200,0.06,3.0,0.25,0.75,2.5910197494945075,1.6113769057363114
arc1_blank_test,vote_entropy,lower_is_more_confident,13,13,200,0.065,3.0,0.23076923076923078,0.7692307692307692,2.9107325583106705,1.7113273405497236
arc1_blank_test,vote_entropy,lower_is_more_confident,14,14,200,0.07,4.0,0.2857142857142857,0.7142857142857143,2.9502539345616565,1.7998220972648618
arc1_blank_test,vote_entropy,lower_is_more_confident,15,15,200,0.075,4.0,0.26666666666666666,0.7333333333333334,2.963543587241219,1.8774035299299523
arc1_blank_test,vote_entropy,lower_is_more_confident,16,16,200,0.08,4.0,0.25,0.75,3.0730973884136725,1.9521343960851847
arc1_blank_test,vote_entropy,lower_is_more_confident,17,17,200,0.085,4.0,0.23529411764705882,0.7647058823529411,3.0770161126802287,2.0183039088260695
arc1_blank_test,vote_entropy,lower_is_more_confident,18,18,200,0.09,4.0,0.2222222222222222,0.7777777777777778,3.1879696633437473,2.0832853396326074
arc1_blank_test,vote_entropy,lower_is_more_confident,19,19,200,0.095,4.0,0.21052631578947367,0.7894736842105263,3.774551999022682,2.172299374337348
arc1_blank_test,vote_entropy,lower_is_more_confident,20,20,200,0.1,4.0,0.2,0.8,3.796350284280552,2.253501919834508
arc1_blank_test,vote_entropy,lower_is_more_confident,21,21,200,0.105,4.0,0.19047619047619047,0.8095238095238095,3.8065117225428895,2.3274547675825263
arc1_blank_test,vote_entropy,lower_is_more_confident,22,22,200,0.11,4.0,0.18181818181818182,0.8181818181818181,3.835032177746854,2.3959810134990867
arc1_blank_test,vote_entropy,lower_is_more_confident,23,23,200,0.115,4.0,0.17391304347826086,0.8260869565217391,3.9216385745814653,2.462313950937451
arc1_blank_test,vote_entropy,lower_is_more_confident,24,24,200,0.12,4.0,0.16666666666666666,0.8333333333333334,3.931750859235722,2.5235404887832122
arc1_blank_test,vote_entropy,lower_is_more_confident,25,25,200,0.125,4.0,0.16,0.84,3.9567992753647947,2.5808708402464755
arc1_blank_test,vote_entropy,lower_is_more_confident,26,26,200,0.13,4.0,0.15384615384615385,0.8461538461538461,3.980538986890598,2.6347042305020185
arc1_blank_test,vote_entropy,lower_is_more_confident,27,27,200,0.135,4.0,0.14814814814814814,0.8518518518518519,3.982758958500139,2.6846321833908378
arc1_blank_test,vote_entropy,lower_is_more_confident,28,28,200,0.14,4.0,0.14285714285714285,0.8571428571428572,4.007108882131631,2.731863494060152
arc1_blank_test,vote_entropy,lower_is_more_confident,29,29,200,0.145,4.0,0.13793103448275862,0.8620689655172413,4.04656017726545,2.7771978624465414
arc1_blank_test,vote_entropy,lower_is_more_confident,30,30,200,0.15,4.0,0.13333333333333333,0.8666666666666667,4.069590564867054,2.820277619193892
arc1_blank_test,vote_entropy,lower_is_more_confident,31,31,200,0.155,4.0,0.12903225806451613,0.8709677419354839,4.099869996942517,2.861554792669654
arc1_blank_test,vote_entropy,lower_is_more_confident,32,32,200,0.16,4.0,0.125,0.875,4.108630629695,2.900525912576696
arc1_blank_test,vote_entropy,lower_is_more_confident,33,33,200,0.165,4.0,0.12121212121212122,0.8787878787878788,4.197711773726326,2.9398345750357757
arc1_blank_test,vote_entropy,lower_is_more_confident,34,34,200,0.17,4.0,0.11764705882352941,0.8823529411764706,4.204791925587337,2.9770392029931743
arc1_blank_test,vote_entropy,lower_is_more_confident,35,35,200,0.175,4.0,0.11428571428571428,0.8857142857142857,4.218964858883351,3.012522793161465
arc1_blank_test,vote_entropy,lower_is_more_confident,36,36,200,0.18,4.0,0.1111111111111111,0.8888888888888888,4.2308906069882175,3.0463663435455413
arc1_blank_test,vote_entropy,lower_is_more_confident,37,37,200,0.185,4.0,0.10810810810810811,0.8918918918918919,4.2344768993194135,3.0784774396475383
arc1_blank_test,vote_entropy,lower_is_more_confident,38,38,200,0.19,4.0,0.10526315789473684,0.8947368421052632,4.252812857138476,3.109381003265721
arc1_blank_test,vote_entropy,lower_is_more_confident,39,39,200,0.195,4.0,0.10256410256410256,0.8974358974358975,4.256171251817522,3.1387858814337157
arc1_blank_test,vote_entropy,lower_is_more_confident,40,40,200,0.2,4.0,0.1,0.9,4.2987777591864464,3.167785678377534
arc1_blank_test,vote_entropy,lower_is_more_confident,41,41,200,0.205,4.0,0.0975609756097561,0.9024390243902439,4.345683607391285,3.1965148961583574
arc1_blank_test,vote_entropy,lower_is_more_confident,42,42,200,0.21,4.0,0.09523809523809523,0.9047619047619048,4.3558143757371,3.2241172647197565
arc1_blank_test,vote_entropy,lower_is_more_confident,43,43,200,0.215,4.0,0.09302325581395349,0.9069767441860466,4.369478450596119,3.250753571368044
arc1_blank_test,vote_entropy,lower_is_more_confident,44,44,200,0.22,4.0,0.09090909090909091,0.9090909090909091,4.449475369623425,3.2779972486011206
arc1_blank_test,vote_entropy,lower_is_more_confident,45,45,200,0.225,4.0,0.08888888888888889,0.9111111111111111,4.4605186115797615,3.3042755011117575
arc1_blank_test,vote_entropy,lower_is_more_confident,46,46,200,0.23,4.0,0.08695652173913043,0.9130434782608696,4.514496796466841,3.330584659706433
arc1_blank_test,vote_entropy,lower_is_more_confident,47,47,200,0.235,4.0,0.0851063829787234,0.9148936170212766,4.5292058293200945,3.3560872377833193
arc1_blank_test,vote_entropy,lower_is_more_confident,48,48,200,0.24,4.0,0.08333333333333333,0.9166666666666666,4.5965411220127095,3.3819300270380985
arc1_blank_test,vote_entropy,lower_is_more_confident,49,49,200,0.245,4.0,0.08163265306122448,0.9183673469387755,4.61679284311757,3.407131308998904
arc1_blank_test,vote_entropy,lower_is_more_confident,50,50,200,0.25,4.0,0.08,0.92,4.848237465084583,3.435953432120618
arc1_blank_test,vote_entropy,lower_is_more_confident,51,51,200,0.255,4.0,0.0784313725490196,0.9215686274509804,4.885874782082668,3.464383262512031
arc1_blank_test,vote_entropy,lower_is_more_confident,52,52,200,0.26,4.0,0.07692307692307693,0.9230769230769231,4.923719297842999,3.4924474170376265
arc1_blank_test,vote_entropy,lower_is_more_confident,53,53,200,0.265,4.0,0.07547169811320754,0.9245283018867925,4.963104514668277,3.5201956641627334
arc1_blank_test,vote_entropy,lower_is_more_confident,54,54,200,0.27,4.0,0.07407407407407407,0.9259259259259259,4.9760253369030485,3.5471554729171832
arc1_blank_test,vote_entropy,lower_is_more_confident,55,55,200,0.275,4.0,0.07272727272727272,0.9272727272727272,4.984198558822073,3.573283529024545
arc1_blank_test,vote_entropy,lower_is_more_confident,56,56,200,0.28,4.0,0.07142857142857142,0.9285714285714286,5.045873802623568,3.5995797839102415
arc1_blank_test,vote_entropy,lower_is_more_confident,57,57,200,0.285,4.0,0.07017543859649122,0.9298245614035088,5.08274267729054,3.625600185548492
arc1_blank_test,vote_entropy,lower_is_more_confident,58,58,200,0.29,4.0,0.06896551724137931,0.9310344827586207,5.090543585986602,3.6508578303836323
arc1_blank_test,vote_entropy,lower_is_more_confident,59,59,200,0.295,4.0,0.06779661016949153,0.9322033898305084,5.101061709338104,3.6754375571455724
arc1_blank_test,vote_entropy,lower_is_more_confident,60,60,200,0.3,4.0,0.06666666666666667,0.9333333333333333,5.14563329377755,3.6999408194227716
arc1_blank_test,vote_entropy,lower_is_more_confident,61,61,200,0.305,4.0,0.06557377049180328,0.9344262295081968,5.150504081781751,3.723720545035214
arc1_blank_test,vote_entropy,lower_is_more_confident,62,62,200,0.31,4.0,0.06451612903225806,0.935483870967742,5.175609814169296,3.7471381138922153
arc1_blank_test,vote_entropy,lower_is_more_confident,63,63,200,0.315,4.0,0.06349206349206349,0.9365079365079365,5.224999996987072,3.770596239020705
arc1_blank_test,vote_entropy,lower_is_more_confident,64,64,200,0.32,4.0,0.0625,0.9375,5.251496914173288,3.793735312069964
arc1_blank_test,vote_entropy,lower_is_more_confident,65,65,200,0.325,4.0,0.06153846153846154,0.9384615384615385,5.2604465157517195,3.816300099818914
arc1_blank_test,vote_entropy,lower_is_more_confident,66,66,200,0.33,4.0,0.06060606060606061,0.9393939393939394,5.28854445515714,3.838606832475554
arc1_blank_test,vote_entropy,lower_is_more_confident,67,67,200,0.335,4.0,0.05970149253731343,0.9402985074626866,5.291846331927184,3.860296974258414
arc1_blank_test,vote_entropy,lower_is_more_confident,68,68,200,0.34,4.0,0.058823529411764705,0.9411764705882353,5.2927237414030515,3.8813620737752466
arc1_blank_test,vote_entropy,lower_is_more_confident,69,69,200,0.345,4.0,0.057971014492753624,0.9420289855072463,5.293802711044359,3.9018322279385673
arc1_blank_test,vote_entropy,lower_is_more_confident,70,70,200,0.35,4.0,0.05714285714285714,0.9428571428571428,5.30995004940482,3.9219481968166567
arc1_blank_test,vote_entropy,lower_is_more_confident,71,71,200,0.355,4.0,0.056338028169014086,0.9436619718309859,5.3103002620918245,3.941502451257152
arc1_blank_test,vote_entropy,lower_is_more_confident,72,72,200,0.36,4.0,0.05555555555555555,0.9444444444444444,5.310693901105749,3.960518999171716
arc1_blank_test,vote_entropy,lower_is_more_confident,73,73,200,0.365,4.0,0.0547945205479452,0.9452054794520548,5.35763042204923,3.9796575118138735
arc1_blank_test,vote_entropy,lower_is_more_confident,74,74,200,0.37,4.0,0.05405405405405406,0.9459459459459459,5.364641665559651,3.998373513891519
arc1_blank_test,vote_entropy,lower_is_more_confident,75,75,200,0.375,4.0,0.05333333333333334,0.9466666666666667,5.406187226611101,4.017144363394447
arc1_blank_test,vote_entropy,lower_is_more_confident,76,76,200,0.38,4.0,0.05263157894736842,0.9473684210526316,5.461443008042512,4.0361482929292904
arc1_blank_test,vote_entropy,lower_is_more_confident,77,77,200,0.385,4.0,0.05194805194805195,0.948051948051948,5.478120058559028,4.054875198976429
arc1_blank_test,vote_entropy,lower_is_more_confident,78,78,200,0.39,4.0,0.05128205128205128,0.9487179487179487,5.480793122727521,4.073156197998879
arc1_blank_test,vote_entropy,lower_is_more_confident,79,79,200,0.395,4.0,0.05063291139240506,0.9493670886075949,5.509363721778659,4.09133604007204
arc1_blank_test,vote_entropy,lower_is_more_confident,80,80,200,0.4,4.0,0.05,0.95,5.5810365002547115,4.109957295824324
arc1_blank_test,vote_entropy,lower_is_more_confident,81,81,200,0.405,4.0,0.04938271604938271,0.9506172839506173,5.63132462601506,4.128739608542728
arc1_blank_test,vote_entropy,lower_is_more_confident,82,82,200,0.41,5.0,0.06097560975609756,0.9390243902439024,5.6595811756013275,4.147408408141003
arc1_blank_test,vote_entropy,lower_is_more_confident,83,83,200,0.415,5.0,0.060240963855421686,0.9397590361445783,5.660659992491231,4.165640354940403
arc1_blank_test,vote_entropy,lower_is_more_confident,84,84,200,0.42,5.0,0.05952380952380952,0.9404761904761905,5.67693724921369,4.1836319846341326
arc1_blank_test,vote_entropy,lower_is_more_confident,85,85,200,0.425,5.0,0.058823529411764705,0.9411764705882353,5.690214222675806,4.20135648155227
arc1_blank_test,vote_entropy,lower_is_more_confident,86,86,200,0.43,6.0,0.06976744186046512,0.9302325581395349,5.734363554469845,4.219182145190846
arc1_blank_test,vote_entropy,lower_is_more_confident,87,87,200,0.435,6.0,0.06896551724137931,0.9310344827586207,5.8116248208023045,4.237486083990978
arc1_blank_test,vote_entropy,lower_is_more_confident,88,88,200,0.44,6.0,0.06818181818181818,0.9318181818181819,5.8228175613358175,4.255501214415351
arc1_blank_test,vote_entropy,lower_is_more_confident,89,89,200,0.445,6.0,0.06741573033707865,0.9325842696629214,5.844429646437977,4.273354342865043
arc1_blank_test,vote_entropy,lower_is_more_confident,90,90,200,0.45,6.0,0.06666666666666667,0.9333333333333333,5.848066799933994,4.290851147943587
arc1_blank_test,vote_entropy,lower_is_more_confident,91,91,200,0.455,6.0,0.06593406593406594,0.9340659340659341,5.947769620874231,4.309059043250517
arc1_blank_test,vote_entropy,lower_is_more_confident,92,92,200,0.46,6.0,0.06521739130434782,0.9347826086956522,5.952224259226229,4.326919534728514
arc1_blank_test,vote_entropy,lower_is_more_confident,93,93,200,0.465,6.0,0.06451612903225806,0.935483870967742,5.96286988744789,4.344510398736249
arc1_blank_test,vote_entropy,lower_is_more_confident,94,94,200,0.47,6.0,0.06382978723404255,0.9361702127659575,5.996566618402092,4.362085464902907
arc1_blank_test,vote_entropy,lower_is_more_confident,95,95,200,0.475,6.0,0.06315789473684211,0.9368421052631579,6.033405486322765,4.379678307233642
arc1_blank_test,vote_entropy,lower_is_more_confident,96,96,200,0.48,6.0,0.0625,0.9375,6.083062405416783,4.397421891589716
arc1_blank_test,vote_entropy,lower_is_more_confident,97,97,200,0.485,6.0,0.061855670103092786,0.9381443298969072,6.0907513946639655,4.414878896776049
arc1_blank_test,vote_entropy,lower_is_more_confident,98,98,200,0.49,6.0,0.061224489795918366,0.9387755102040817,6.124621324044046,4.432325248074702
arc1_blank_test,vote_entropy,lower_is_more_confident,99,99,200,0.495,6.0,0.06060606060606061,0.9393939393939394,6.131573109740561,4.449489367889509
arc1_blank_test,vote_entropy,lower_is_more_confident,100,100,200,0.5,6.0,0.06,0.94,6.1355068320662,4.466349542531275
arc1_blank_test,vote_entropy,lower_is_more_confident,101,101,200,0.505,6.0,0.0594059405940594,0.9405940594059405,6.136631662901964,4.482886989267619
arc1_blank_test,vote_entropy,lower_is_more_confident,102,102,200,0.51,6.0,0.058823529411764705,0.9411764705882353,6.146624580360791,4.4991981421214735
arc1_blank_test,vote_entropy,lower_is_more_confident,103,103,200,0.515,6.0,0.05825242718446602,0.941747572815534,6.183845800931074,4.5155539446341875
arc1_blank_test,vote_entropy,lower_is_more_confident,104,104,200,0.52,6.0,0.057692307692307696,0.9423076923076923,6.203866047492236,4.5317877148539765
arc1_blank_test,vote_entropy,lower_is_more_confident,105,105,200,0.525,6.0,0.05714285714285714,0.9428571428571428,6.20522784922794,4.547725239943252
arc1_blank_test,vote_entropy,lower_is_more_confident,106,106,200,0.53,6.0,0.05660377358490566,0.9433962264150944,6.233481652819734,4.56362860232888
arc1_blank_test,vote_entropy,lower_is_more_confident,107,107,200,0.535,6.0,0.056074766355140186,0.9439252336448598,6.256342493575849,4.579448358321842
arc1_blank_test,vote_entropy,lower_is_more_confident,108,108,200,0.54,6.0,0.05555555555555555,0.9444444444444444,6.2593816917063805,4.595003296593921
arc1_blank_test,vote_entropy,lower_is_more_confident,109,109,200,0.545,6.0,0.05504587155963303,0.944954128440367,6.259790277541009,4.610276571648481
arc1_blank_test,vote_entropy,lower_is_more_confident,110,110,200,0.55,6.0,0.05454545454545454,0.9454545454545454,6.2614868244232085,4.625287573946434
arc1_blank_test,vote_entropy,lower_is_more_confident,111,111,200,0.555,6.0,0.05405405405405406,0.9459459459459459,6.265624525622342,4.6400653843218915
arc1_blank_test,vote_entropy,lower_is_more_confident,112,112,200,0.56,6.0,0.05357142857142857,0.9464285714285714,6.275849306315472,4.65467059791112
arc1_blank_test,vote_entropy,lower_is_more_confident,113,113,200,0.565,6.0,0.05309734513274336,0.9469026548672567,6.277030937769234,4.669027769060307
arc1_blank_test,vote_entropy,lower_is_more_confident,114,114,200,0.57,6.0,0.05263157894736842,0.9473684210526316,6.285372337383944,4.683206230185953
arc1_blank_test,vote_entropy,lower_is_more_confident,115,115,200,0.575,6.0,0.05217391304347826,0.9478260869565217,6.294970333329738,4.69722157021329
arc1_blank_test,vote_entropy,lower_is_more_confident,116,116,200,0.58,6.0,0.05172413793103448,0.9482758620689655,6.314125801334259,4.711160399791919
arc1_blank_test,vote_entropy,lower_is_more_confident,117,117,200,0.585,6.0,0.05128205128205128,0.9487179487179487,6.319775192760652,4.724909244176267
arc1_blank_test,vote_entropy,lower_is_more_confident,118,118,200,0.59,6.0,0.05084745762711865,0.9491525423728814,6.336693389693314,4.73856843185014
arc1_blank_test,vote_entropy,lower_is_more_confident,119,119,200,0.595,6.0,0.05042016806722689,0.9495798319327731,6.336853572347003,4.751999399417341
arc1_blank_test,vote_entropy,lower_is_more_confident,120,120,200,0.6,6.0,0.05,0.95,6.3448824737776945,4.765273425037011
arc1_blank_test,vote_entropy,lower_is_more_confident,121,121,200,0.605,6.0,0.049586776859504134,0.9504132231404958,6.348887377565058,4.778361143652945
arc1_blank_test,vote_entropy,lower_is_more_confident,122,122,200,0.61,6.0,0.04918032786885246,0.9508196721311475,6.38398567758113,4.791522000488421
arc1_blank_test,vote_entropy,lower_is_more_confident,123,123,200,0.615,6.0,0.04878048780487805,0.9512195121951219,6.385236350245445,4.804479027722218
arc1_blank_test,vote_entropy,lower_is_more_confident,124,124,200,0.62,6.0,0.04838709677419355,0.9516129032258065,6.389974529828706,4.817265281771464
arc1_blank_test,vote_entropy,lower_is_more_confident,125,125,200,0.625,6.0,0.048,0.952,6.402057332023681,4.829943618173481
arc1_blank_test,vote_entropy,lower_is_more_confident,126,126,200,0.63,6.0,0.047619047619047616,0.9523809523809523,6.417619554437705,4.842544220842245
arc1_blank_test,vote_entropy,lower_is_more_confident,127,127,200,0.635,6.0,0.047244094488188976,0.952755905511811,6.4183169824594035,4.854951880382537
arc1_blank_test,vote_entropy,lower_is_more_confident,128,128,200,0.64,6.0,0.046875,0.953125,6.423479884224703,4.867206005412554
arc1_blank_test,vote_entropy,lower_is_more_confident,129,129,200,0.645,6.0,0.046511627906976744,0.9534883720930233,6.4268133581590625,4.879295984891209
arc1_blank_test,vote_entropy,lower_is_more_confident,130,130,200,0.65,6.0,0.046153846153846156,0.9538461538461538,6.432051532260747,4.891240258332513
arc1_blank_test,vote_entropy,lower_is_more_confident,131,131,200,0.655,6.0,0.04580152671755725,0.9541984732824428,6.432330023198533,4.9030043023391245
arc1_blank_test,vote_entropy,lower_is_more_confident,132,132,200,0.66,6.0,0.045454545454545456,0.9545454545454546,6.440438114428565,4.914651528188287
arc1_blank_test,vote_entropy,lower_is_more_confident,133,133,200,0.665,6.0,0.045112781954887216,0.9548872180451128,6.449492498386016,4.926191685858947
arc1_blank_test,vote_entropy,lower_is_more_confident,134,134,200,0.67,6.0,0.04477611940298507,0.9552238805970149,6.457040793448568,4.937615932930511
arc1_blank_test,vote_entropy,lower_is_more_confident,135,135,200,0.675,6.0,0.044444444444444446,0.9555555555555556,6.466191901143469,4.948938717880237
arc1_blank_test,vote_entropy,lower_is_more_confident,136,136,200,0.68,6.0,0.04411764705882353,0.9558823529411765,6.482295184274358,4.960213397780193
arc1_blank_test,vote_entropy,lower_is_more_confident,137,137,200,0.685,6.0,0.043795620437956206,0.9562043795620438,6.485111491111454,4.971344040797209
arc1_blank_test,vote_entropy,lower_is_more_confident,138,138,200,0.69,6.0,0.043478260869565216,0.9565217391304348,6.511713331936772,4.982506137109815
arc1_blank_test,vote_entropy,lower_is_more_confident,139,139,200,0.695,6.0,0.04316546762589928,0.9568345323741008,6.513816038620829,4.993522755106297
arc1_blank_test,vote_entropy,lower_is_more_confident,140,140,200,0.7,6.0,0.04285714285714286,0.9571428571428572,6.526789341428533,5.004474659294313
arc1_blank_test,vote_entropy,lower_is_more_confident,141,141,200,0.705,6.0,0.0425531914893617,0.9574468085106383,6.535007791618726,5.015329504204415
arc1_blank_test,vote_entropy,lower_is_more_confident,142,142,200,0.71,6.0,0.04225352112676056,0.9577464788732395,6.539016471091943,5.026059694112074
arc1_blank_test,vote_entropy,lower_is_more_confident,143,143,200,0.715,6.0,0.04195804195804196,0.958041958041958,6.552342798996198,5.0367330025378365
arc1_blank_test,vote_entropy,lower_is_more_confident,144,144,200,0.72,6.0,0.041666666666666664,0.9583333333333334,6.5540200079087185,5.047269717852911
arc1_blank_test,vote_entropy,lower_is_more_confident,145,145,200,0.725,6.0,0.041379310344827586,0.9586206896551724,6.555246664975676,5.057669558867551
arc1_blank_test,vote_entropy,lower_is_more_confident,146,146,200,0.73,6.0,0.0410958904109589,0.9589041095890412,6.5701695663636706,5.068029147959991
arc1_blank_test,vote_entropy,lower_is_more_confident,147,147,200,0.735,6.0,0.04081632653061224,0.9591836734693877,6.6143350262102665,5.078548235567135
arc1_blank_test,vote_entropy,lower_is_more_confident,148,148,200,0.74,6.0,0.04054054054054054,0.9594594594594594,6.614852305682655,5.088928668473321
arc1_blank_test,vote_entropy,lower_is_more_confident,149,149,200,0.745,6.0,0.040268456375838924,0.9597315436241611,6.619293076124356,5.099199570538094
arc1_blank_test,vote_entropy,lower_is_more_confident,150,150,200,0.75,6.0,0.04,0.96,6.632082827990507,5.109418792254443
arc1_blank_test,vote_entropy,lower_is_more_confident,151,151,200,0.755,6.0,0.039735099337748346,0.9602649006622517,6.63555189591623,5.1195256340005475
arc1_blank_test,vote_entropy,lower_is_more_confident,152,152,200,0.76,6.0,0.039473684210526314,0.9605263157894737,6.666842024941056,5.129705347098841
arc1_blank_test,vote_entropy,lower_is_more_confident,153,153,200,0.765,6.0,0.0392156862745098,0.9607843137254902,6.669319247469247,5.139768183048974
arc1_blank_test,vote_entropy,lower_is_more_confident,154,154,200,0.77,6.0,0.03896103896103896,0.961038961038961,6.671052747254198,5.149711589310047
arc1_blank_test,vote_entropy,lower_is_more_confident,155,155,200,0.775,6.0,0.03870967741935484,0.9612903225806452,6.677871935485742,5.159570688317632
arc1_blank_test,vote_entropy,lower_is_more_confident,156,156,200,0.78,6.0,0.038461538461538464,0.9615384615384616,6.681723582340999,5.169328078663936
arc1_blank_test,vote_entropy,lower_is_more_confident,157,157,200,0.785,6.0,0.03821656050955414,0.9617834394904459,6.7005382097975845,5.179081009435488
arc1_blank_test,vote_entropy,lower_is_more_confident,158,158,200,0.79,6.0,0.0379746835443038,0.9620253164556962,6.703470523481176,5.1887290443345115
arc1_blank_test,vote_entropy,lower_is_more_confident,159,159,200,0.795,6.0,0.03773584905660377,0.9622641509433962,6.704533861496024,5.1982624079644575
arc1_blank_test,vote_entropy,lower_is_more_confident,160,160,200,0.8,6.0,0.0375,0.9625,6.721001368019308,5.2077795264648
arc1_blank_test,vote_entropy,lower_is_more_confident,161,161,200,0.805,6.0,0.037267080745341616,0.9627329192546584,6.7398045255762415,5.2172952096890945
arc1_blank_test,vote_entropy,lower_is_more_confident,162,162,200,0.81,7.0,0.043209876543209874,0.9567901234567902,6.757628985931728,5.226803442875778
arc1_blank_test,vote_entropy,lower_is_more_confident,163,163,200,0.815,7.0,0.04294478527607362,0.9570552147239264,6.761109645350623,5.236216364363354
arc1_blank_test,vote_entropy,lower_is_more_confident,164,164,200,0.82,7.0,0.042682926829268296,0.9573170731707317,6.761375545871298,5.245516115470109
arc1_blank_test,vote_entropy,lower_is_more_confident,165,165,200,0.825,7.0,0.04242424242424243,0.9575757575757575,6.765036579964935,5.254725330406441
arc1_blank_test,vote_entropy,lower_is_more_confident,166,166,200,0.83,7.0,0.04216867469879518,0.9578313253012049,6.77785811082308,5.26390082908365
arc1_blank_test,vote_entropy,lower_is_more_confident,167,167,200,0.835,7.0,0.041916167664670656,0.9580838323353293,6.782109066486575,5.272991896373488
arc1_blank_test,vote_entropy,lower_is_more_confident,168,168,200,0.84,7.0,0.041666666666666664,0.9583333333333334,6.790643867324914,5.282025539057723
arc1_blank_test,vote_entropy,lower_is_more_confident,169,169,200,0.845,7.0,0.04142011834319527,0.9585798816568047,6.790844797507919,5.290953463663937
arc1_blank_test,vote_entropy,lower_is_more_confident,170,170,200,0.85,7.0,0.041176470588235294,0.9588235294117647,6.818175721616855,5.2999371240048365
arc1_blank_test,vote_entropy,lower_is_more_confident,171,171,200,0.855,7.0,0.04093567251461988,0.9590643274853801,6.822610899199929,5.308841649005977
arc1_blank_test,vote_entropy,lower_is_more_confident,172,172,200,0.86,7.0,0.040697674418604654,0.9593023255813954,6.824092035960087,5.3176512442789665
arc1_blank_test,vote_entropy,lower_is_more_confident,173,173,200,0.865,7.0,0.04046242774566474,0.9595375722543352,6.828363275197632,5.326383683764045
arc1_blank_test,vote_entropy,lower_is_more_confident,174,174,200,0.87,7.0,0.040229885057471264,0.9597701149425287,6.828602084784863,5.335017122850372
arc1_blank_test,vote_entropy,lower_is_more_confident,175,175,200,0.875,7.0,0.04,0.96,6.833167449394928,5.343577981859198
arc1_blank_test,vote_entropy,lower_is_more_confident,176,176,200,0.88,7.0,0.03977272727272727,0.9602272727272727,6.833713198345418,5.352044659225597
arc1_blank_test,vote_entropy,lower_is_more_confident,177,177,200,0.885,7.0,0.03954802259887006,0.96045197740113,6.841843439711678,5.36046160148823
arc1_blank_test,vote_entropy,lower_is_more_confident,178,178,200,0.89,8.0,0.0449438202247191,0.9550561797752809,6.845194048466566,5.36880279501058
arc1_blank_test,vote_entropy,lower_is_more_confident,179,179,200,0.895,8.0,0.0446927374301676,0.9553072625698324,6.85101508045501,5.377083310571722
arc1_blank_test,vote_entropy,lower_is_more_confident,180,180,200,0.9,8.0,0.044444444444444446,0.9555555555555556,6.855944953348456,5.385299208587148
arc1_blank_test,vote_entropy,lower_is_more_confident,181,181,200,0.905,8.0,0.04419889502762431,0.9558011049723757,6.864777135476812,5.393473119785434
arc1_blank_test,vote_entropy,lower_is_more_confident,182,182,200,0.91,8.0,0.04395604395604396,0.9560439560439561,6.866162044928481,5.401564817176331
arc1_blank_test,vote_entropy,lower_is_more_confident,183,183,200,0.915,8.0,0.04371584699453552,0.9562841530054644,6.876988901421731,5.409627243866196
arc1_blank_test,vote_entropy,lower_is_more_confident,184,184,200,0.92,8.0,0.043478260869565216,0.9565217391304348,6.8780053771967475,5.41760755980821
arc1_blank_test,vote_entropy,lower_is_more_confident,185,185,200,0.925,8.0,0.043243243243243246,0.9567567567567568,6.881918774315177,5.425522755562302
arc1_blank_test,vote_entropy,lower_is_more_confident,186,186,200,0.93,8.0,0.043010752688172046,0.956989247311828,6.8827809583485,5.433357477082657
arc1_blank_test,vote_entropy,lower_is_more_confident,187,187,200,0.935,8.0,0.0427807486631016,0.9572192513368984,6.8876146039334545,5.441134253162073
arc1_blank_test,vote_entropy,lower_is_more_confident,188,188,200,0.94,8.0,0.0425531914893617,0.9574468085106383,6.891613140476855,5.448849566392472
arc1_blank_test,vote_entropy,lower_is_more_confident,189,189,200,0.945,8.0,0.042328042328042326,0.9576719576719577,6.894653265678441,5.456499321415149
arc1_blank_test,vote_entropy,lower_is_more_confident,190,190,200,0.95,8.0,0.042105263157894736,0.9578947368421052,6.895767868831859,5.464074419033131
arc1_blank_test,vote_entropy,lower_is_more_confident,191,191,200,0.955,8.0,0.041884816753926704,0.9581151832460733,6.90044532260521,5.47159468554398
arc1_blank_test,vote_entropy,lower_is_more_confident,192,192,200,0.96,8.0,0.041666666666666664,0.9583333333333334,6.901830232056878,5.479043829015402
arc1_blank_test,vote_entropy,lower_is_more_confident,193,193,200,0.965,8.0,0.04145077720207254,0.9585492227979274,6.9032151415085465,5.486422954986868
arc1_blank_test,vote_entropy,lower_is_more_confident,194,194,200,0.97,8.0,0.041237113402061855,0.9587628865979382,6.904600050960214,5.493733146203226
arc1_blank_test,vote_entropy,lower_is_more_confident,195,195,200,0.975,8.0,0.041025641025641026,0.958974358974359,6.907369869863551,5.50098256529892
arc1_blank_test,vote_entropy,lower_is_more_confident,196,196,200,0.98,8.0,0.04081632653061224,0.9591836734693877,6.907369869863551,5.508158010730372
arc1_blank_test,vote_entropy,lower_is_more_confident,197,197,200,0.985,8.0,0.04060913705583756,0.9593908629441624,6.907369869863551,5.515260609000083
arc1_blank_test,vote_entropy,lower_is_more_confident,198,198,200,0.99,8.0,0.04040404040404041,0.9595959595959596,6.908754779315219,5.522298458345109
arc1_blank_test,vote_entropy,lower_is_more_confident,199,199,200,0.995,8.0,0.04020100502512563,0.9597989949748744,6.908754779315219,5.529265575535913
arc1_blank_test,vote_entropy,lower_is_more_confident,200,200,200,1.0,8.0,0.04,0.96,6.908754779315219,5.536163021554809
arc1_blank_test,winner_mean_q,higher_is_more_confident,1,1,200,0.005,1.0,1.0,0.0,0.998194917396351,0.998194917396351
arc1_blank_test,winner_mean_q,higher_is_more_confident,2,2,200,0.01,1.0,0.5,0.5,0.9649494883212794,0.9815722028588152
arc1_blank_test,winner_mean_q,higher_is_more_confident,3,3,200,0.015,2.0,0.6666666666666666,0.33333333333333337,0.9646521134541052,0.9759321730572452
arc1_blank_test,winner_mean_q,higher_is_more_confident,4,4,200,0.02,2.0,0.5,0.5,0.9597317731237268,0.9718820730738656
arc1_blank_test,winner_mean_q,higher_is_more_confident,5,5,200,0.025,3.0,0.6,0.4,0.9577685528331332,0.9690593690257192
arc1_blank_test,winner_mean_q,higher_is_more_confident,6,6,200,0.03,3.0,0.5,0.5,0.9458436268457951,0.9651900786623985
arc1_blank_test,winner_mean_q,higher_is_more_confident,7,7,200,0.035,3.0,0.42857142857142855,0.5714285714285714,0.8665773143822496,0.9511025409080914
arc1_blank_test,winner_mean_q,higher_is_more_confident,8,8,200,0.04,3.0,0.375,0.625,0.8588241140047709,0.9395677375451764
arc1_blank_test,winner_mean_q,higher_is_more_confident,9,9,200,0.045,3.0,0.3333333333333333,0.6666666666666667,0.8150502608730159,0.9257324623593808
arc1_blank_test,winner_mean_q,higher_is_more_confident,10,10,200,0.05,3.0,0.3,0.7,0.7638689533427909,0.9095461114577219
arc1_blank_test,winner_mean_q,higher_is_more_confident,11,11,200,0.055,4.0,0.36363636363636365,0.6363636363636364,0.762405430830893,0.896169685946192
arc1_blank_test,winner_mean_q,higher_is_more_confident,12,12,200,0.06,4.0,0.3333333333333333,0.6666666666666667,0.7376749254763126,0.8829617892403686
arc1_blank_test,winner_mean_q,higher_is_more_confident,13,13,200,0.065,4.0,0.3076923076923077,0.6923076923076923,0.7350608797251493,0.8715847962007364
arc1_blank_test,winner_mean_q,higher_is_more_confident,14,14,200,0.07,5.0,0.35714285714285715,0.6428571428571428,0.7162477389166627,0.8604892921090167
arc1_blank_test,winner_mean_q,higher_is_more_confident,15,15,200,0.075,5.0,0.3333333333333333,0.6666666666666667,0.7025308664639791,0.8499587303993476
arc1_blank_test,winner_mean_q,higher_is_more_confident,16,16,200,0.08,5.0,0.3125,0.6875,0.6914556826325668,0.8400522899139238
arc1_blank_test,winner_mean_q,higher_is_more_confident,17,17,200,0.085,5.0,0.29411764705882354,0.7058823529411764,0.6886697212855021,0.8311474329357813
arc1_blank_test,winner_mean_q,higher_is_more_confident,18,18,200,0.09,5.0,0.2777777777777778,0.7222222222222222,0.6868836171925068,0.8231327765055994
arc1_blank_test,winner_mean_q,higher_is_more_confident,19,19,200,0.095,5.0,0.2631578947368421,0.736842105263158,0.683420194374336,0.8157794827092171
arc1_blank_test,winner_mean_q,higher_is_more_confident,20,20,200,0.1,5.0,0.25,0.75,0.6776058485365322,0.8088708010005827
arc1_blank_test,winner_mean_q,higher_is_more_confident,21,21,200,0.105,5.0,0.23809523809523808,0.7619047619047619,0.6698865294456482,0.8022525023551097
arc1_blank_test,winner_mean_q,higher_is_more_confident,22,22,200,0.11,5.0,0.22727272727272727,0.7727272727272727,0.6680823827491087,0.796153860554837
arc1_blank_test,winner_mean_q,higher_is_more_confident,23,23,200,0.115,5.0,0.21739130434782608,0.782608695652174,0.6673553584566615,0.7905539256810031
arc1_blank_test,winner_mean_q,higher_is_more_confident,24,24,200,0.12,5.0,0.20833333333333334,0.7916666666666666,0.64670390901821,0.7845601749867201
arc1_blank_test,winner_mean_q,higher_is_more_confident,25,25,200,0.125,5.0,0.2,0.8,0.6444767318287138,0.7789568372603999
arc1_blank_test,winner_mean_q,higher_is_more_confident,26,26,200,0.13,5.0,0.19230769230769232,0.8076923076923077,0.6424505998756712,0.7737065973609873
arc1_blank_test,winner_mean_q,higher_is_more_confident,27,27,200,0.135,5.0,0.18518518518518517,0.8148148148148149,0.6397866850549524,0.768746600608912
arc1_blank_test,winner_mean_q,higher_is_more_confident,28,28,200,0.14,5.0,0.17857142857142858,0.8214285714285714,0.6208790114947728,0.7634656152834071
arc1_blank_test,winner_mean_q,higher_is_more_confident,29,29,200,0.145,5.0,0.1724137931034483,0.8275862068965517,0.6068116140862306,0.7580637531731595
arc1_blank_test,winner_mean_q,higher_is_more_confident,30,30,200,0.15,5.0,0.16666666666666666,0.8333333333333334,0.6008074700832366,0.752821877070162
arc1_blank_test,winner_mean_q,higher_is_more_confident,31,31,200,0.155,5.0,0.16129032258064516,0.8387096774193549,0.5997429425651962,0.7478838469248406
arc1_blank_test,winner_mean_q,higher_is_more_confident,32,32,200,0.16,5.0,0.15625,0.84375,0.5981786487527856,0.7432055594819639
arc1_blank_test,winner_mean_q,higher_is_more_confident,33,33,200,0.165,6.0,0.18181818181818182,0.8181818181818181,0.5872386517849836,0.7384792895517523
arc1_blank_test,winner_mean_q,higher_is_more_confident,34,34,200,0.17,6.0,0.17647058823529413,0.8235294117647058,0.5720245815813542,0.7335835628467405
arc1_blank_test,winner_mean_q,higher_is_more_confident,35,35,200,0.175,6.0,0.17142857142857143,0.8285714285714285,0.570458120313184,0.7289228359172104
arc1_blank_test,winner_mean_q,higher_is_more_confident,36,36,200,0.18,6.0,0.16666666666666666,0.8333333333333334,0.5657185688614845,0.7243893840545513
arc1_blank_test,winner_mean_q,higher_is_more_confident,37,37,200,0.185,6.0,0.16216216216216217,0.8378378378378378,0.5653009124814647,0.7200896956336571
arc1_blank_test,winner_mean_q,higher_is_more_confident,38,38,200,0.19,6.0,0.15789473684210525,0.8421052631578947,0.5524829030036926,0.7156789905644475
arc1_blank_test,winner_mean_q,higher_is_more_confident,39,39,200,0.195,6.0,0.15384615384615385,0.8461538461538461,0.5366520682970682,0.7110885566601558
arc1_blank_test,winner_mean_q,higher_is_more_confident,40,40,200,0.2,6.0,0.15,0.85,0.5322314942112336,0.7066171300989328
arc1_blank_test,winner_mean_q,higher_is_more_confident,41,41,200,0.205,6.0,0.14634146341463414,0.8536585365853658,0.5315869831761648,0.7023481021252067
arc1_blank_test,winner_mean_q,higher_is_more_confident,42,42,200,0.21,6.0,0.14285714285714285,0.8571428571428572,0.5244178175926208,0.6981116667791928
arc1_blank_test,winner_mean_q,higher_is_more_confident,43,43,200,0.215,6.0,0.13953488372093023,0.8604651162790697,0.5100083380047955,0.6937371707611835
arc1_blank_test,winner_mean_q,higher_is_more_confident,44,44,200,0.22,6.0,0.13636363636363635,0.8636363636363636,0.5093895867466927,0.6895474529426724
arc1_blank_test,winner_mean_q,higher_is_more_confident,45,45,200,0.225,6.0,0.13333333333333333,0.8666666666666667,0.505838183256296,0.6854650247274195
arc1_blank_test,winner_mean_q,higher_is_more_confident,46,46,200,0.23,6.0,0.13043478260869565,0.8695652173913043,0.5055479183793068,0.6815537832850692
arc1_blank_test,winner_mean_q,higher_is_more_confident,47,47,200,0.235,6.0,0.1276595744680851,0.8723404255319149,0.500873347123464,0.6777095186858861
arc1_blank_test,winner_mean_q,higher_is_more_confident,48,48,200,0.24,6.0,0.125,0.875,0.49750968949887897,0.6739553555778235
arc1_blank_test,winner_mean_q,higher_is_more_confident,49,49,200,0.245,6.0,0.12244897959183673,0.8775510204081632,0.49682148832541245,0.6703403786951212
arc1_blank_test,winner_mean_q,higher_is_more_confident,50,50,200,0.25,6.0,0.12,0.88,0.49597427367486735,0.666853056594716
arc1_blank_test,winner_mean_q,higher_is_more_confident,51,51,200,0.255,6.0,0.11764705882352941,0.8823529411764706,0.49305787682533264,0.663445307971787
arc1_blank_test,winner_mean_q,higher_is_more_confident,52,52,200,0.26,6.0,0.11538461538461539,0.8846153846153846,0.4899611676994123,0.6601090745050106
arc1_blank_test,winner_mean_q,higher_is_more_confident,53,53,200,0.265,6.0,0.11320754716981132,0.8867924528301887,0.4889956741571063,0.6568805197814653
arc1_blank_test,winner_mean_q,higher_is_more_confident,54,54,200,0.27,6.0,0.1111111111111111,0.8888888888888888,0.48819907541785923,0.6537567893302874
arc1_blank_test,winner_mean_q,higher_is_more_confident,55,55,200,0.275,6.0,0.10909090909090909,0.8909090909090909,0.4881749153137207,0.6507462098027135
arc1_blank_test,winner_mean_q,higher_is_more_confident,56,56,200,0.28,6.0,0.10714285714285714,0.8928571428571429,0.47933872044086456,0.6476853617783948
arc1_blank_test,winner_mean_q,higher_is_more_confident,57,57,200,0.285,6.0,0.10526315789473684,0.8947368421052632,0.4763108023575374,0.6446787905604849
arc1_blank_test,winner_mean_q,higher_is_more_confident,58,58,200,0.29,6.0,0.10344827586206896,0.896551724137931,0.4762717086461283,0.6417752201826513
arc1_blank_test,winner_mean_q,higher_is_more_confident,59,59,200,0.295,6.0,0.1016949152542373,0.8983050847457628,0.47426994144916534,0.6389361476617448
arc1_blank_test,winner_mean_q,higher_is_more_confident,60,60,200,0.3,6.0,0.1,0.9,0.47346627712249756,0.6361783164860906
arc1_blank_test,winner_mean_q,higher_is_more_confident,61,61,200,0.305,6.0,0.09836065573770492,0.9016393442622951,0.46395912435319686,0.6333550510412891
arc1_blank_test,winner_mean_q,higher_is_more_confident,62,62,200,0.31,6.0,0.0967741935483871,0.9032258064516129,0.45953860878944397,0.630551560037227
arc1_blank_test,winner_mean_q,higher_is_more_confident,63,63,200,0.315,6.0,0.09523809523809523,0.9047619047619048,0.4549712696394255,0.6277645713007539
arc1_blank_test,winner_mean_q,higher_is_more_confident,64,64,200,0.32,6.0,0.09375,0.90625,0.44898425228893757,0.6249711288161943
arc1_blank_test,winner_mean_q,higher_is_more_confident,65,65,200,0.325,6.0,0.09230769230769231,0.9076923076923077,0.4308290798665604,0.6219843280631231
arc1_blank_test,winner_mean_q,higher_is_more_confident,66,66,200,0.33,6.0,0.09090909090909091,0.9090909090909091,0.43037846812637903,0.6190812089731724
arc1_blank_test,winner_mean_q,higher_is_more_confident,67,67,200,0.335,6.0,0.08955223880597014,0.9104477611940298,0.4302297220418328,0.6162625300637493
arc1_blank_test,winner_mean_q,higher_is_more_confident,68,68,200,0.34,7.0,0.10294117647058823,0.8970588235294118,0.42998143938588507,0.6135231022596631
arc1_blank_test,winner_mean_q,higher_is_more_confident,69,69,200,0.345,7.0,0.10144927536231885,0.8985507246376812,0.4227158143185079,0.6107577792460231
arc1_blank_test,winner_mean_q,higher_is_more_confident,70,70,200,0.35,7.0,0.1,0.9,0.42022138967045713,0.6080358308235151
arc1_blank_test,winner_mean_q,higher_is_more_confident,71,71,200,0.355,7.0,0.09859154929577464,0.9014084507042254,0.4184325531125069,0.6053653621233601
arc1_blank_test,winner_mean_q,higher_is_more_confident,72,72,200,0.36,7.0,0.09722222222222222,0.9027777777777778,0.4162753678503491,0.6027391122029016
arc1_blank_test,winner_mean_q,higher_is_more_confident,73,73,200,0.365,7.0,0.0958904109589041,0.904109589041096,0.4069058696428935,0.6000564650445452
arc1_blank_test,winner_mean_q,higher_is_more_confident,74,74,200,0.37,7.0,0.0945945945945946,0.9054054054054054,0.4068042266450516,0.597444948309417
arc1_blank_test,winner_mean_q,higher_is_more_confident,75,75,200,0.375,7.0,0.09333333333333334,0.9066666666666666,0.4056287705898285,0.5948873992731558
arc1_blank_test,winner_mean_q,higher_is_more_confident,76,76,200,0.38,7.0,0.09210526315789473,0.9078947368421053,0.3954775209228198,0.5922635850843355
arc1_blank_test,winner_mean_q,higher_is_more_confident,77,77,200,0.385,7.0,0.09090909090909091,0.9090909090909091,0.3924124538898468,0.5896681158480435
arc1_blank_test,winner_mean_q,higher_is_more_confident,78,78,200,0.39,7.0,0.08974358974358974,0.9102564102564102,0.3902741865678267,0.587111783421374
arc1_blank_test,winner_mean_q,higher_is_more_confident,79,79,200,0.395,7.0,0.08860759493670886,0.9113924050632911,0.3878504511984912,0.5845894880767806
arc1_blank_test,winner_mean_q,higher_is_more_confident,80,80,200,0.4,7.0,0.0875,0.9125,0.37549970137036365,0.5819758657429503
arc1_blank_test,winner_mean_q,higher_is_more_confident,81,81,200,0.405,7.0,0.08641975308641975,0.9135802469135803,0.3753840960562229,0.5794253500678056
arc1_blank_test,winner_mean_q,higher_is_more_confident,82,82,200,0.41,7.0,0.08536585365853659,0.9146341463414634,0.3750504981726408,0.5769329738251816
arc1_blank_test,winner_mean_q,higher_is_more_confident,83,83,200,0.415,7.0,0.08433734939759036,0.9156626506024097,0.3661767256938901,0.5743937419199854
arc1_blank_test,winner_mean_q,higher_is_more_confident,84,84,200,0.42,7.0,0.08333333333333333,0.9166666666666666,0.36519993299787695,0.5719033394328173
arc1_blank_test,winner_mean_q,higher_is_more_confident,85,85,200,0.425,8.0,0.09411764705882353,0.9058823529411765,0.3572773316076824,0.5693783275760511
arc1_blank_test,winner_mean_q,higher_is_more_confident,86,86,200,0.43,8.0,0.09302325581395349,0.9069767441860466,0.355498921303522,0.5668913577356729
arc1_blank_test,winner_mean_q,higher_is_more_confident,87,87,200,0.435,8.0,0.09195402298850575,0.9080459770114943,0.3517350792884827,0.564418297063866
arc1_blank_test,winner_mean_q,higher_is_more_confident,88,88,200,0.44,8.0,0.09090909090909091,0.9090909090909091,0.3513954120713311,0.5619975824616782
arc1_blank_test,winner_mean_q,higher_is_more_confident,89,89,200,0.445,8.0,0.0898876404494382,0.9101123595505618,0.34960769915155004,0.5596111792784183
arc1_blank_test,winner_mean_q,higher_is_more_confident,90,90,200,0.45,8.0,0.08888888888888889,0.9111111111111111,0.34560816038827424,0.5572333679574167
arc1_blank_test,winner_mean_q,higher_is_more_confident,91,91,200,0.455,8.0,0.08791208791208792,0.9120879120879121,0.34342674890034636,0.5548838446710753
arc1_blank_test,winner_mean_q,higher_is_more_confident,92,92,200,0.46,8.0,0.08695652173913043,0.9130434782608696,0.3381685600165398,0.5525282437509172
arc1_blank_test,winner_mean_q,higher_is_more_confident,93,93,200,0.465,8.0,0.08602150537634409,0.9139784946236559,0.33780720829963684,0.5502194154127314
arc1_blank_test,winner_mean_q,higher_is_more_confident,94,94,200,0.47,8.0,0.0851063829787234,0.9148936170212766,0.33612122138341266,0.5479417750507175
arc1_blank_test,winner_mean_q,higher_is_more_confident,95,95,200,0.475,8.0,0.08421052631578947,0.9157894736842105,0.3348502225227261,0.5456987060767386
arc1_blank_test,winner_mean_q,higher_is_more_confident,96,96,200,0.48,8.0,0.08333333333333333,0.9166666666666666,0.33445119217038155,0.5434982111402141
arc1_blank_test,winner_mean_q,higher_is_more_confident,97,97,200,0.485,8.0,0.08247422680412371,0.9175257731958762,0.3330347776412964,0.5413284850216685
arc1_blank_test,winner_mean_q,higher_is_more_confident,98,98,200,0.49,8.0,0.08163265306122448,0.9183673469387755,0.31502025201916695,0.5390192173379695
arc1_blank_test,winner_mean_q,higher_is_more_confident,99,99,200,0.495,8.0,0.08080808080808081,0.9191919191919192,0.3103416323661804,0.5367093427422949
arc1_blank_test,winner_mean_q,higher_is_more_confident,100,100,200,0.5,8.0,0.08,0.92,0.3050525927025339,0.5343927752418973
arc1_blank_test,winner_mean_q,higher_is_more_confident,101,101,200,0.505,8.0,0.07920792079207921,0.9207920792079208,0.3013701058096356,0.5320856200990036
arc1_blank_test,winner_mean_q,higher_is_more_confident,102,102,200,0.51,8.0,0.0784313725490196,0.9215686274509804,0.3010165495307822,0.5298202370542171
arc1_blank_test,winner_mean_q,higher_is_more_confident,103,103,200,0.515,8.0,0.07766990291262135,0.9223300970873787,0.2925388844540486,0.5275165346017883
arc1_blank_test,winner_mean_q,higher_is_more_confident,104,104,200,0.52,8.0,0.07692307692307693,0.9230769230769231,0.2923069888582596,0.5252549043542543
arc1_blank_test,winner_mean_q,higher_is_more_confident,105,105,200,0.525,8.0,0.0761904761904762,0.9238095238095239,0.2902421641452559,0.5230166877808353
arc1_blank_test,winner_mean_q,higher_is_more_confident,106,106,200,0.53,8.0,0.07547169811320754,0.9245283018867925,0.290177708101827,0.5208200936329201
arc1_blank_test,winner_mean_q,higher_is_more_confident,107,107,200,0.535,8.0,0.07476635514018691,0.9252336448598131,0.2859228849411011,0.5186247926171087
arc1_blank_test,winner_mean_q,higher_is_more_confident,108,108,200,0.54,8.0,0.07407407407407407,0.9259259259259259,0.28340071786087245,0.5164467919249214
arc1_blank_test,winner_mean_q,higher_is_more_confident,109,109,200,0.545,8.0,0.07339449541284404,0.926605504587156,0.28275000236251135,0.5143027846812295
arc1_blank_test,winner_mean_q,higher_is_more_confident,110,110,200,0.55,8.0,0.07272727272727272,0.9272727272727272,0.2768150418996811,0.5121438052013972
arc1_blank_test,winner_mean_q,higher_is_more_confident,111,111,200,0.555,8.0,0.07207207207207207,0.9279279279279279,0.27502109110355377,0.5100075645338491
arc1_blank_test,winner_mean_q,higher_is_more_confident,112,112,200,0.56,8.0,0.07142857142857142,0.9285714285714286,0.2718502740107971,0.507881160154179
arc1_blank_test,winner_mean_q,higher_is_more_confident,113,113,200,0.565,8.0,0.07079646017699115,0.9292035398230089,0.2705092852314313,0.5057805240929157
arc1_blank_test,winner_mean_q,higher_is_more_confident,114,114,200,0.57,8.0,0.07017543859649122,0.9298245614035088,0.2669283250967661,0.5036853293648793
arc1_blank_test,winner_mean_q,higher_is_more_confident,115,115,200,0.575,8.0,0.06956521739130435,0.9304347826086956,0.2649019658565521,0.5016089522908939
arc1_blank_test,winner_mean_q,higher_is_more_confident,116,116,200,0.58,8.0,0.06896551724137931,0.9310344827586207,0.2638120783699883,0.4995589792398516
arc1_blank_test,winner_mean_q,higher_is_more_confident,117,117,200,0.585,8.0,0.06837606837606838,0.9316239316239316,0.262378004193306,0.497531791418941
arc1_blank_test,winner_mean_q,higher_is_more_confident,118,118,200,0.59,8.0,0.06779661016949153,0.9322033898305084,0.26036546751856804,0.49552190731809037
arc1_blank_test,winner_mean_q,higher_is_more_confident,119,119,200,0.595,8.0,0.06722689075630252,0.9327731092436975,0.2583033666876814,0.4935284742035491
arc1_blank_test,winner_mean_q,higher_is_more_confident,120,120,200,0.6,8.0,0.06666666666666667,0.9333333333333333,0.25432046971370265,0.49153507416613373
arc1_blank_test,winner_mean_q,higher_is_more_confident,121,121,200,0.605,8.0,0.06611570247933884,0.9338842975206612,0.2522845257972849,0.48955779690688705
arc1_blank_test,winner_mean_q,higher_is_more_confident,122,122,200,0.61,8.0,0.06557377049180328,0.9344262295081968,0.250472587843736,0.4875980820785006
arc1_blank_test,winner_mean_q,higher_is_more_confident,123,123,200,0.615,8.0,0.06504065040650407,0.9349593495934959,0.24929859340190888,0.48566068786161776
arc1_blank_test,winner_mean_q,higher_is_more_confident,124,124,200,0.62,8.0,0.06451612903225806,0.935483870967742,0.24909068793058395,0.4837528652815288
arc1_blank_test,winner_mean_q,higher_is_more_confident,125,125,200,0.625,8.0,0.064,0.9359999999999999,0.24867410295539433,0.48187223518291966
arc1_blank_test,winner_mean_q,higher_is_more_confident,126,126,200,0.63,8.0,0.06349206349206349,0.9365079365079365,0.24849127233028412,0.48002000531900985
arc1_blank_test,winner_mean_q,higher_is_more_confident,127,127,200,0.635,8.0,0.06299212598425197,0.937007874015748,0.24478788211427885,0.4781677838764529
arc1_blank_test,winner_mean_q,higher_is_more_confident,128,128,200,0.64,8.0,0.0625,0.9375,0.24115829522672452,0.47631614724637694
arc1_blank_test,winner_mean_q,higher_is_more_confident,129,129,200,0.645,8.0,0.06201550387596899,0.937984496124031,0.23854863005025045,0.474472988198345
arc1_blank_test,winner_mean_q,higher_is_more_confident,130,130,200,0.65,8.0,0.06153846153846154,0.9384615384615385,0.23530044576641426,0.47263319941040705
arc1_blank_test,winner_mean_q,higher_is_more_confident,131,131,200,0.655,8.0,0.061068702290076333,0.9389312977099237,0.2342845139404138,0.4708137437961323
arc1_blank_test,winner_mean_q,higher_is_more_confident,132,132,200,0.66,8.0,0.06060606060606061,0.9393939393939394,0.23239528636137644,0.4690075433610205
arc1_blank_test,winner_mean_q,higher_is_more_confident,133,133,200,0.665,8.0,0.06015037593984962,0.9398496240601504,0.23021082711570404,0.4672120793291008
arc1_blank_test,winner_mean_q,higher_is_more_confident,134,134,200,0.67,8.0,0.05970149253731343,0.9402985074626866,0.22832667082548141,0.46542935239996935
arc1_blank_test,winner_mean_q,higher_is_more_confident,135,135,200,0.675,8.0,0.05925925925925926,0.9407407407407408,0.22789653026780418,0.4636698500138052
arc1_blank_test,winner_mean_q,higher_is_more_confident,136,136,200,0.68,8.0,0.058823529411764705,0.9411764705882353,0.2087053343653679,0.4617951109281549
arc1_blank_test,winner_mean_q,higher_is_more_confident,137,137,200,0.685,8.0,0.058394160583941604,0.9416058394160584,0.20862434804439545,0.45994714915528073
arc1_blank_test,winner_mean_q,higher_is_more_confident,138,138,200,0.69,8.0,0.057971014492753624,0.9420289855072463,0.207695705195268,0.4581192401410778
arc1_blank_test,winner_mean_q,higher_is_more_confident,139,139,200,0.695,8.0,0.05755395683453238,0.9424460431654677,0.20026962583263716,0.45626420694461417
arc1_blank_test,winner_mean_q,higher_is_more_confident,140,140,200,0.7,8.0,0.05714285714285714,0.9428571428571428,0.19944866058918145,0.45442981018493256
arc1_blank_test,winner_mean_q,higher_is_more_confident,141,141,200,0.705,8.0,0.05673758865248227,0.9432624113475178,0.19795005667854,0.4526108048409156
arc1_blank_test,winner_mean_q,higher_is_more_confident,142,142,200,0.71,8.0,0.056338028169014086,0.9436619718309859,0.1939902107860591,0.4507895330517969
arc1_blank_test,winner_mean_q,higher_is_more_confident,143,143,200,0.715,8.0,0.055944055944055944,0.9440559440559441,0.1910118437730349,0.44897290585404337
arc1_blank_test,winner_mean_q,higher_is_more_confident,144,144,200,0.72,8.0,0.05555555555555555,0.9444444444444444,0.185945812612772,0.44714632881764566
arc1_blank_test,winner_mean_q,higher_is_more_confident,145,145,200,0.725,8.0,0.05517241379310345,0.9448275862068966,0.18204386188433722,0.4453180359422435
arc1_blank_test,winner_mean_q,higher_is_more_confident,146,146,200,0.73,8.0,0.0547945205479452,0.9452054794520548,0.18132619473130204,0.44350987264627817
arc1_blank_test,winner_mean_q,higher_is_more_confident,147,147,200,0.735,8.0,0.05442176870748299,0.9455782312925171,0.17729219840839505,0.4416988680596259
arc1_blank_test,winner_mean_q,higher_is_more_confident,148,148,200,0.74,8.0,0.05405405405405406,0.9459459459459459,0.17475641003021827,0.4398952028026704
arc1_blank_test,winner_mean_q,higher_is_more_confident,149,149,200,0.745,8.0,0.053691275167785234,0.9463087248322147,0.17001460306346416,0.4380839236097898
arc1_blank_test,winner_mean_q,higher_is_more_confident,150,150,200,0.75,8.0,0.05333333333333334,0.9466666666666667,0.16971133010041328,0.43629477298639396
arc1_blank_test,winner_mean_q,higher_is_more_confident,151,151,200,0.755,8.0,0.052980132450331126,0.9470198675496688,0.16717563150450587,0.4345125270163152
arc1_blank_test,winner_mean_q,higher_is_more_confident,152,152,200,0.76,8.0,0.05263157894736842,0.9473684210526316,0.16559668821947915,0.43274334386633606
arc1_blank_test,winner_mean_q,higher_is_more_confident,153,153,200,0.765,8.0,0.05228758169934641,0.9477124183006536,0.16005402896553278,0.43096106076240925
arc1_blank_test,winner_mean_q,higher_is_more_confident,154,154,200,0.77,8.0,0.05194805194805195,0.948051948051948,0.15783028304576874,0.42918748428372977
arc1_blank_test,winner_mean_q,higher_is_more_confident,155,155,200,0.775,8.0,0.05161290322580645,0.9483870967741935,0.15760513358483358,0.4274353400856724
arc1_blank_test,winner_mean_q,higher_is_more_confident,156,156,200,0.78,8.0,0.05128205128205128,0.9487179487179487,0.15677252411842346,0.4257003220346003
arc1_blank_test,winner_mean_q,higher_is_more_confident,157,157,200,0.785,8.0,0.050955414012738856,0.9490445859872612,0.15072264671325683,0.42394887187331787
arc1_blank_test,winner_mean_q,higher_is_more_confident,158,158,200,0.79,8.0,0.05063291139240506,0.9493670886075949,0.15062285646796225,0.42221896038341056
arc1_blank_test,winner_mean_q,higher_is_more_confident,159,159,200,0.795,8.0,0.050314465408805034,0.949685534591195,0.14778421558606786,0.4204929556991506
arc1_blank_test,winner_mean_q,higher_is_more_confident,160,160,200,0.8,8.0,0.05,0.95,0.14543188534795293,0.4187738240094555
arc1_blank_test,winner_mean_q,higher_is_more_confident,161,161,200,0.805,8.0,0.049689440993788817,0.9503105590062112,0.14494316195664197,0.41707301244391015
arc1_blank_test,winner_mean_q,higher_is_more_confident,162,162,200,0.81,8.0,0.04938271604938271,0.9506172839506173,0.14136654635270438,0.415371120677915
arc1_blank_test,winner_mean_q,higher_is_more_confident,163,163,200,0.815,8.0,0.049079754601226995,0.950920245398773,0.134279428049922,0.41364663176608685
arc1_blank_test,winner_mean_q,higher_is_more_confident,164,164,200,0.82,8.0,0.04878048780487805,0.9512195121951219,0.13310040298451498,0.4119359840296138
arc1_blank_test,winner_mean_q,higher_is_more_confident,165,165,200,0.825,8.0,0.048484848484848485,0.9515151515151515,0.13051430694758892,0.41023039810790457
arc1_blank_test,winner_mean_q,higher_is_more_confident,166,166,200,0.83,8.0,0.04819277108433735,0.9518072289156626,0.1297071874141693,0.40854049924830377
arc1_blank_test,winner_mean_q,higher_is_more_confident,167,167,200,0.835,8.0,0.04790419161676647,0.9520958083832335,0.12891280165185098,0.4068660818974268
arc1_blank_test,winner_mean_q,higher_is_more_confident,168,168,200,0.84,8.0,0.047619047619047616,0.9523809523809523,0.12848509399703256,0.40520905220754344
arc1_blank_test,winner_mean_q,higher_is_more_confident,169,169,200,0.845,8.0,0.047337278106508875,0.9526627218934911,0.1253610998392105,0.40355314716394386
arc1_blank_test,winner_mean_q,higher_is_more_confident,170,170,200,0.85,8.0,0.047058823529411764,0.9529411764705882,0.12517390383614435,0.4019156222031921
arc1_blank_test,winner_mean_q,higher_is_more_confident,171,171,200,0.855,8.0,0.04678362573099415,0.9532163742690059,0.11322791029566101,0.4002273899698147
arc1_blank_test,winner_mean_q,higher_is_more_confident,172,172,200,0.86,8.0,0.046511627906976744,0.9534883720930233,0.11150840669870377,0.3985487912298664
arc1_blank_test,winner_mean_q,higher_is_more_confident,173,173,200,0.865,8.0,0.046242774566473986,0.953757225433526,0.09160652756690979,0.3967745584919302
arc1_blank_test,winner_mean_q,higher_is_more_confident,174,174,200,0.87,8.0,0.04597701149425287,0.9540229885057472,0.0897481688298285,0.39501003901111353
arc1_blank_test,winner_mean_q,higher_is_more_confident,175,175,200,0.875,8.0,0.045714285714285714,0.9542857142857143,0.08685598546186837,0.39324915870511784
arc1_blank_test,winner_mean_q,higher_is_more_confident,176,176,200,0.88,8.0,0.045454545454545456,0.9545454545454546,0.08254970144480467,0.3914838208797752
arc1_blank_test,winner_mean_q,higher_is_more_confident,177,177,200,0.885,8.0,0.04519774011299435,0.9548022598870056,0.0807172242188599,0.38972807739581516
arc1_blank_test,winner_mean_q,higher_is_more_confident,178,178,200,0.89,8.0,0.0449438202247191,0.9550561797752809,0.07217483756134989,0.38794407043045304
arc1_blank_test,winner_mean_q,higher_is_more_confident,179,179,200,0.895,8.0,0.0446927374301676,0.9553072625698324,0.0701064083725214,0.38616844103348136
arc1_blank_test,winner_mean_q,higher_is_more_confident,180,180,200,0.9,8.0,0.044444444444444446,0.9555555555555556,0.06534224636852741,0.38438607328534274
arc1_blank_test,winner_mean_q,higher_is_more_confident,181,181,200,0.905,8.0,0.04419889502762431,0.9558011049723757,0.062400866115902676,0.3826071494888265
arc1_blank_test,winner_mean_q,higher_is_more_confident,182,182,200,0.91,8.0,0.04395604395604396,0.9560439560439561,0.055851365838732035,0.38081178804019966
arc1_blank_test,winner_mean_q,higher_is_more_confident,183,183,200,0.915,8.0,0.04371584699453552,0.9562841530054644,0.05556708760559559,0.3790344945952018
arc1_blank_test,winner_mean_q,higher_is_more_confident,184,184,200,0.92,8.0,0.043478260869565216,0.9565217391304348,0.05403031346698602,0.3772681675238528
arc1_blank_test,winner_mean_q,higher_is_more_confident,185,185,200,0.925,8.0,0.043243243243243246,0.9567567567567568,0.05366190782076389,0.3755189444984307
arc1_blank_test,winner_mean_q,higher_is_more_confident,186,186,200,0.93,8.0,0.043010752688172046,0.956989247311828,0.05110691525042057,0.3737747938035489
arc1_blank_test,winner_mean_q,higher_is_more_confident,187,187,200,0.935,8.0,0.0427807486631016,0.9572192513368984,0.05044754972415311,0.37204577110793713
arc1_blank_test,winner_mean_q,higher_is_more_confident,188,188,200,0.94,8.0,0.0425531914893617,0.9574468085106383,0.046602632850408554,0.3703146905852907
arc1_blank_test,winner_mean_q,higher_is_more_confident,189,189,200,0.945,8.0,0.042328042328042326,0.9576719576719577,0.04569021466541393,0.3685971007656088
arc1_blank_test,winner_mean_q,higher_is_more_confident,190,190,200,0.95,8.0,0.042105263157894736,0.9578947368421052,0.04433764765659968,0.3668904720650351
arc1_blank_test,winner_mean_q,higher_is_more_confident,191,191,200,0.955,8.0,0.041884816753926704,0.9581151832460733,0.03979716863897112,0.36517794168060547
arc1_blank_test,winner_mean_q,higher_is_more_confident,192,192,200,0.96,8.0,0.041666666666666664,0.9583333333333334,0.037743481993675235,0.36347255386973604
arc1_blank_test,winner_mean_q,higher_is_more_confident,193,193,200,0.965,8.0,0.04145077720207254,0.9585492227979274,0.02452145691732971,0.36171633056946445
arc1_blank_test,winner_mean_q,higher_is_more_confident,194,194,200,0.97,8.0,0.041237113402061855,0.9587628865979382,0.024143391754478216,0.35997626387454185
arc1_blank_test,winner_mean_q,higher_is_more_confident,195,195,200,0.975,8.0,0.041025641025641026,0.958974358974359,0.02225603312253952,0.35824436525530085
arc1_blank_test,winner_mean_q,higher_is_more_confident,196,196,200,0.98,8.0,0.04081632653061224,0.9591836734693877,0.022006286308169365,0.35652886485250934
arc1_blank_test,winner_mean_q,higher_is_more_confident,197,197,200,0.985,8.0,0.04060913705583756,0.9593908629441624,0.02132951544337375,0.35482734531236143
arc1_blank_test,winner_mean_q,higher_is_more_confident,198,198,200,0.99,8.0,0.04040404040404041,0.9595959595959596,0.018740330785512925,0.35312993614808447
arc1_blank_test,winner_mean_q,higher_is_more_confident,199,199,200,0.995,8.0,0.04020100502512563,0.9597989949748744,0.015299797065381426,0.3514322972582216
arc1_blank_test,winner_mean_q,higher_is_more_confident,200,200,200,1.0,8.0,0.04,0.96,0.014243436547426077,0.34974635295466766
arc1_blank_test,structural_defect_reversed_sanity,higher_is_more_confident,1,1,200,0.005,0.0,0.0,1.0,0.9740411823386972,0.9740411823386972
arc1_blank_test,structural_defect_reversed_sanity,higher_is_more_confident,2,2,200,0.01,0.0,0.0,1.0,0.966492160241693,0.9702666712901951
arc1_blank_test,structural_defect_reversed_sanity,higher_is_more_confident,3,3,200,0.015,0.0,0.0,1.0,0.9646271482686015,0.9683868302829972
arc1_blank_test,structural_defect_reversed_sanity,higher_is_more_confident,4,4,200,0.02,0.0,0.0,1.0,0.955819654760721,0.9652450364024281
arc1_blank_test,structural_defect_reversed_sanity,higher_is_more_confident,5,5,200,0.025,0.0,0.0,1.0,0.9504453422041549,0.9622850975627735
arc1_blank_test,structural_defect_reversed_sanity,higher_is_more_confident,6,6,200,0.03,0.0,0.0,1.0,0.9489274178360643,0.9600588176083219
arc1_blank_test,structural_defect_reversed_sanity,higher_is_more_confident,7,7,200,0.035,0.0,0.0,1.0,0.9486488601723839,0.9584288236889021
arc1_blank_test,structural_defect_reversed_sanity,higher_is_more_confident,8,8,200,0.04,0.0,0.0,1.0,0.9473391345813551,0.9570426125504587
arc1_blank_test,structural_defect_reversed_sanity,higher_is_more_confident,9,9,200,0.045,0.0,0.0,1.0,0.9461558654788323,0.9558329739869448
arc1_blank_test,structural_defect_reversed_sanity,higher_is_more_confident,10,10,200,0.05,0.0,0.0,1.0,0.9453490613744452,0.9547845827256948
arc1_blank_test,structural_defect_reversed_sanity,higher_is_more_confident,11,11,200,0.055,0.0,0.0,1.0,0.9340611850505098,0.9529006374824962
arc1_blank_test,structural_defect_reversed_sanity,higher_is_more_confident,12,12,200,0.06,0.0,0.0,1.0,0.929730044718525,0.9509697547521653
arc1_blank_test,structural_defect_reversed_sanity,higher_is_more_confident,13,13,200,0.065,0.0,0.0,1.0,0.9286541412608729,0.9492531690989889
arc1_blank_test,structural_defect_reversed_sanity,higher_is_more_confident,14,14,200,0.07,0.0,0.0,1.0,0.9274999556440632,0.9476993681379228
arc1_blank_test,structural_defect_reversed_sanity,higher_is_more_confident,15,15,200,0.075,0.0,0.0,1.0,0.9250718779103072,0.946190868789415
arc1_blank_test,structural_defect_reversed_sanity,higher_is_more_confident,16,16,200,0.08,0.0,0.0,1.0,0.92385360926885,0.9447947900693797
arc1_blank_test,structural_defect_reversed_sanity,higher_is_more_confident,17,17,200,0.085,0.0,0.0,1.0,0.9225032906638879,0.9434835253984685
arc1_blank_test,structural_defect_reversed_sanity,higher_is_more_confident,18,18,200,0.09,0.0,0.0,1.0,0.9224499731290217,0.9423149947168326
arc1_blank_test,structural_defect_reversed_sanity,higher_is_more_confident,19,19,200,0.095,0.0,0.0,1.0,0.9217460353750084,0.9412324179093682
arc1_blank_test,structural_defect_reversed_sanity,higher_is_more_confident,20,20,200,0.1,0.0,0.0,1.0,0.9182891873676458,0.940085256382282
arc1_blank_test,structural_defect_reversed_sanity,higher_is_more_confident,21,21,200,0.105,0.0,0.0,1.0,0.9181654701245824,0.9390414570366772
arc1_blank_test,structural_defect_reversed_sanity,higher_is_more_confident,22,22,200,0.11,0.0,0.0,1.0,0.9170251177873795,0.9380407143435273
arc1_blank_test,structural_defect_reversed_sanity,higher_is_more_confident,23,23,200,0.115,0.0,0.0,1.0,0.9162406929833973,0.9370928873278694
arc1_blank_test,structural_defect_reversed_sanity,higher_is_more_confident,24,24,200,0.12,0.0,0.0,1.0,0.9146514067298153,0.9361578256362838
arc1_blank_test,structural_defect_reversed_sanity,higher_is_more_confident,25,25,200,0.125,0.0,0.0,1.0,0.9143303299106901,0.9352847258072601
arc1_blank_test,structural_defect_reversed_sanity,higher_is_more_confident,26,26,200,0.13,0.0,0.0,1.0,0.9103480417389367,0.9343256225738629
arc1_blank_test,structural_defect_reversed_sanity,higher_is_more_confident,27,27,200,0.135,0.0,0.0,1.0,0.909593241233533,0.933409608450147
arc1_blank_test,structural_defect_reversed_sanity,higher_is_more_confident,28,28,200,0.14,0.0,0.0,1.0,0.9012022197523127,0.9322593445680816
arc1_blank_test,structural_defect_reversed_sanity,higher_is_more_confident,29,29,200,0.145,0.0,0.0,1.0,0.8992269068644938,0.9311202949920958
arc1_blank_test,structural_defect_reversed_sanity,higher_is_more_confident,30,30,200,0.15,0.0,0.0,1.0,0.8991332419078659,0.9300540598892881
arc1_blank_test,structural_defect_reversed_sanity,higher_is_more_confident,31,31,200,0.155,0.0,0.0,1.0,0.8855389720134373,0.9286180893126478
arc1_blank_test,structural_defect_reversed_sanity,higher_is_more_confident,32,32,200,0.16,0.0,0.0,1.0,0.8832424892182049,0.9272001018096965
arc1_blank_test,structural_defect_reversed_sanity,higher_is_more_confident,33,33,200,0.165,0.0,0.0,1.0,0.8830971673646922,0.9258636492507569
arc1_blank_test,structural_defect_reversed_sanity,higher_is_more_confident,34,34,200,0.17,0.0,0.0,1.0,0.8785724447269683,0.9244727314706455
arc1_blank_test,structural_defect_reversed_sanity,higher_is_more_confident,35,35,200,0.175,0.0,0.0,1.0,0.8769521088860586,0.9231149993968001
arc1_blank_test,structural_defect_reversed_sanity,higher_is_more_confident,36,36,200,0.18,0.0,0.0,1.0,0.8717912226766408,0.9216893389323513
arc1_blank_test,structural_defect_reversed_sanity,higher_is_more_confident,37,37,200,0.185,0.0,0.0,1.0,0.8697300488603051,0.9202850337952689
arc1_blank_test,structural_defect_reversed_sanity,higher_is_more_confident,38,38,200,0.19,0.0,0.0,1.0,0.8693821211293291,0.9189454834619547
arc1_blank_test,structural_defect_reversed_sanity,higher_is_more_confident,39,39,200,0.195,0.0,0.0,1.0,0.8688055141000826,0.9176598432219066
arc1_blank_test,structural_defect_reversed_sanity,higher_is_more_confident,40,40,200,0.2,0.0,0.0,1.0,0.8668478671907245,0.916389543821127
arc1_blank_test,structural_defect_reversed_sanity,higher_is_more_confident,41,41,200,0.205,0.0,0.0,1.0,0.8595450860301731,0.9150030936311038
arc1_blank_test,structural_defect_reversed_sanity,higher_is_more_confident,42,42,200,0.21,0.0,0.0,1.0,0.8592751730710397,0.9136762383796737
arc1_blank_test,structural_defect_reversed_sanity,higher_is_more_confident,43,43,200,0.215,0.0,0.0,1.0,0.8584134897778084,0.9123910581796303
arc1_blank_test,structural_defect_reversed_sanity,higher_is_more_confident,44,44,200,0.22,0.0,0.0,1.0,0.8543964488916607,0.911072998877631
arc1_blank_test,structural_defect_reversed_sanity,higher_is_more_confident,45,45,200,0.225,0.0,0.0,1.0,0.8509519979425697,0.9097369766346298
arc1_blank_test,structural_defect_reversed_sanity,higher_is_more_confident,46,46,200,0.23,0.0,0.0,1.0,0.850950005487984,0.908458999001007
arc1_blank_test,structural_defect_reversed_sanity,higher_is_more_confident,47,47,200,0.235,0.0,0.0,1.0,0.849184674427149,0.90719784315901
arc1_blank_test,structural_defect_reversed_sanity,higher_is_more_confident,48,48,200,0.24,0.0,0.0,1.0,0.8491630445660875,0.9059887848549909
arc1_blank_test,structural_defect_reversed_sanity,higher_is_more_confident,49,49,200,0.245,0.0,0.0,1.0,0.8449426842678489,0.9047429460674982
arc1_blank_test,structural_defect_reversed_sanity,higher_is_more_confident,50,50,200,0.25,0.0,0.0,1.0,0.8413088257714441,0.903474263661577
arc1_blank_test,structural_defect_reversed_sanity,higher_is_more_confident,51,51,200,0.255,0.0,0.0,1.0,0.8403096486957468,0.902235741799502
arc1_blank_test,structural_defect_reversed_sanity,higher_is_more_confident,52,52,200,0.26,0.0,0.0,1.0,0.8385150621774866,0.9010103441144631
arc1_blank_test,structural_defect_reversed_sanity,higher_is_more_confident,53,53,200,0.265,0.0,0.0,1.0,0.8368222322837652,0.8997992476648273
arc1_blank_test,structural_defect_reversed_sanity,higher_is_more_confident,54,54,200,0.27,0.0,0.0,1.0,0.8332716400320366,0.8985672549308867
arc1_blank_test,structural_defect_reversed_sanity,higher_is_more_confident,55,55,200,0.275,0.0,0.0,1.0,0.830236416861801,0.8973248760569034
arc1_blank_test,structural_defect_reversed_sanity,higher_is_more_confident,56,56,200,0.28,0.0,0.0,1.0,0.8265071127312845,0.8960602731403745
arc1_blank_test,structural_defect_reversed_sanity,higher_is_more_confident,57,57,200,0.285,0.0,0.0,1.0,0.8248479839193714,0.8948109347329884
arc1_blank_test,structural_defect_reversed_sanity,higher_is_more_confident,58,58,200,0.29,0.0,0.0,1.0,0.8181639168691518,0.8934894344249913
arc1_blank_test,structural_defect_reversed_sanity,higher_is_more_confident,59,59,200,0.295,0.0,0.0,1.0,0.8161998770688086,0.8921794419274289
arc1_blank_test,structural_defect_reversed_sanity,higher_is_more_confident,60,60,200,0.3,0.0,0.0,1.0,0.8135312750567383,0.8908686391462507
arc1_blank_test,structural_defect_reversed_sanity,higher_is_more_confident,61,61,200,0.305,0.0,0.0,1.0,0.8108015817987633,0.8895560644356362
arc1_blank_test,structural_defect_reversed_sanity,higher_is_more_confident,62,62,200,0.31,0.0,0.0,1.0,0.8082425714813632,0.8882445564847609
arc1_blank_test,structural_defect_reversed_sanity,higher_is_more_confident,63,63,200,0.315,0.0,0.0,1.0,0.8057307423523427,0.8869348134032939
arc1_blank_test,structural_defect_reversed_sanity,higher_is_more_confident,64,64,200,0.32,0.0,0.0,1.0,0.8049979820288331,0.885654550413068
arc1_blank_test,structural_defect_reversed_sanity,higher_is_more_confident,65,65,200,0.325,0.0,0.0,1.0,0.799166908058565,0.8843239712999218
arc1_blank_test,structural_defect_reversed_sanity,higher_is_more_confident,66,66,200,0.33,0.0,0.0,1.0,0.7978191441269936,0.883013292100332
arc1_blank_test,structural_defect_reversed_sanity,higher_is_more_confident,67,67,200,0.335,0.0,0.0,1.0,0.7902895366487697,0.8816293554518012
arc1_blank_test,structural_defect_reversed_sanity,higher_is_more_confident,68,68,200,0.34,0.0,0.0,1.0,0.7870802111101477,0.8802389268585417
arc1_blank_test,structural_defect_reversed_sanity,higher_is_more_confident,69,69,200,0.345,0.0,0.0,1.0,0.7837172478910271,0.878840061945969
arc1_blank_test,structural_defect_reversed_sanity,higher_is_more_confident,70,70,200,0.35,0.0,0.0,1.0,0.7668550499327844,0.8772402760600664
arc1_blank_test,structural_defect_reversed_sanity,higher_is_more_confident,71,71,200,0.355,0.0,0.0,1.0,0.7659153649345061,0.8756723195653402
arc1_blank_test,structural_defect_reversed_sanity,higher_is_more_confident,72,72,200,0.36,0.0,0.0,1.0,0.7599963721544892,0.874065709184634
arc1_blank_test,structural_defect_reversed_sanity,higher_is_more_confident,73,73,200,0.365,0.0,0.0,1.0,0.7576005651168928,0.8724702962521992
arc1_blank_test,structural_defect_reversed_sanity,higher_is_more_confident,74,74,200,0.37,0.0,0.0,1.0,0.7568939609668586,0.8709084538834784
arc1_blank_test,structural_defect_reversed_sanity,higher_is_more_confident,75,75,200,0.375,0.0,0.0,1.0,0.7494059510537064,0.8692884205124147
arc1_blank_test,structural_defect_reversed_sanity,higher_is_more_confident,76,76,200,0.38,0.0,0.0,1.0,0.743332186819095,0.8676311016480289
arc1_blank_test,structural_defect_reversed_sanity,higher_is_more_confident,77,77,200,0.385,0.0,0.0,1.0,0.7217642705365827,0.8657367272180101
arc1_blank_test,structural_defect_reversed_sanity,higher_is_more_confident,78,78,200,0.39,0.0,0.0,1.0,0.7133941673641767,0.8637836174762942
arc1_blank_test,structural_defect_reversed_sanity,higher_is_more_confident,79,79,200,0.395,0.0,0.0,1.0,0.7090030893850826,0.8618243702852662
arc1_blank_test,structural_defect_reversed_sanity,higher_is_more_confident,80,80,200,0.4,0.0,0.0,1.0,0.7065412524131873,0.8598833313118652
arc1_blank_test,structural_defect_reversed_sanity,higher_is_more_confident,81,81,200,0.405,0.0,0.0,1.0,0.7056181658537917,0.8579788230963334
arc1_blank_test,structural_defect_reversed_sanity,higher_is_more_confident,82,82,200,0.41,0.0,0.0,1.0,0.7041383649769929,0.8561027199485367
arc1_blank_test,structural_defect_reversed_sanity,higher_is_more_confident,83,83,200,0.415,0.0,0.0,1.0,0.6965387298461096,0.8541802622364593
arc1_blank_test,structural_defect_reversed_sanity,higher_is_more_confident,84,84,200,0.42,0.0,0.0,1.0,0.6960632079936049,0.8522979163526158
arc1_blank_test,structural_defect_reversed_sanity,higher_is_more_confident,85,85,200,0.425,0.0,0.0,1.0,0.6860342774138208,0.8503418735415711
arc1_blank_test,structural_defect_reversed_sanity,higher_is_more_confident,86,86,200,0.43,0.0,0.0,1.0,0.6673939000829805,0.8482145715246108
arc1_blank_test,structural_defect_reversed_sanity,higher_is_more_confident,87,87,200,0.435,0.0,0.0,1.0,0.6646012329329176,0.8461040733798788
arc1_blank_test,structural_defect_reversed_sanity,higher_is_more_confident,88,88,200,0.44,0.0,0.0,1.0,0.6637550591274413,0.8440319254906465
arc1_blank_test,structural_defect_reversed_sanity,higher_is_more_confident,89,89,200,0.445,0.0,0.0,1.0,0.6601690212282791,0.8419660501618559
arc1_blank_test,structural_defect_reversed_sanity,higher_is_more_confident,90,90,200,0.45,0.0,0.0,1.0,0.6561956092370373,0.8399019341515801
arc1_blank_test,structural_defect_reversed_sanity,higher_is_more_confident,91,91,200,0.455,0.0,0.0,1.0,0.641811391894415,0.837725115005897
arc1_blank_test,structural_defect_reversed_sanity,higher_is_more_confident,92,92,200,0.46,0.0,0.0,1.0,0.6407042414289325,0.8355835837713649
arc1_blank_test,structural_defect_reversed_sanity,higher_is_more_confident,93,93,200,0.465,0.0,0.0,1.0,0.624387615394813,0.833312659380219
arc1_blank_test,structural_defect_reversed_sanity,higher_is_more_confident,94,94,200,0.47,0.0,0.0,1.0,0.6232693072793135,0.8310781556344647
arc1_blank_test,structural_defect_reversed_sanity,higher_is_more_confident,95,95,200,0.475,0.0,0.0,1.0,0.6181823391828032,0.8288371470402368
arc1_blank_test,structural_defect_reversed_sanity,higher_is_more_confident,96,96,200,0.48,0.0,0.0,1.0,0.6021763524047132,0.8264760970961168
arc1_blank_test,structural_defect_reversed_sanity,higher_is_more_confident,97,97,200,0.485,0.0,0.0,1.0,0.6018005464582439,0.8241598543060357
arc1_blank_test,structural_defect_reversed_sanity,higher_is_more_confident,98,98,200,0.49,0.0,0.0,1.0,0.6008374990168028,0.821881054762268
arc1_blank_test,structural_defect_reversed_sanity,higher_is_more_confident,99,99,200,0.495,0.0,0.0,1.0,0.5689752190785762,0.8193264503614227
arc1_blank_test,structural_defect_reversed_sanity,higher_is_more_confident,100,100,200,0.5,0.0,0.0,1.0,0.565977190692791,0.8167929577647364
arc1_blank_test,structural_defect_reversed_sanity,higher_is_more_confident,101,101,200,0.505,0.0,0.0,1.0,0.5577234207805284,0.8142279128441007
arc1_blank_test,structural_defect_reversed_sanity,higher_is_more_confident,102,102,200,0.51,0.0,0.0,1.0,0.5540712722519132,0.8116773575441774
arc1_blank_test,structural_defect_reversed_sanity,higher_is_more_confident,103,103,200,0.515,0.0,0.0,1.0,0.5529003741368204,0.8091649596470186
arc1_blank_test,structural_defect_reversed_sanity,higher_is_more_confident,104,104,200,0.52,0.0,0.0,1.0,0.5414017123154972,0.8065903130380616
arc1_blank_test,structural_defect_reversed_sanity,higher_is_more_confident,105,105,200,0.525,0.0,0.0,1.0,0.5283955863880251,0.8039408394509184
arc1_blank_test,structural_defect_reversed_sanity,higher_is_more_confident,106,106,200,0.53,0.0,0.0,1.0,0.5139901307483725,0.8012054554065547
arc1_blank_test,structural_defect_reversed_sanity,higher_is_more_confident,107,107,200,0.535,0.0,0.0,1.0,0.5031089388607779,0.7984195066537905
arc1_blank_test,structural_defect_reversed_sanity,higher_is_more_confident,108,108,200,0.54,1.0,0.009259259259259259,0.9907407407407407,0.48727863147143347,0.7955385726243243
arc1_blank_test,structural_defect_reversed_sanity,higher_is_more_confident,109,109,200,0.545,1.0,0.009174311926605505,0.9908256880733946,0.426702718282848,0.7921547574468796
arc1_blank_test,structural_defect_reversed_sanity,higher_is_more_confident,110,110,200,0.55,1.0,0.00909090909090909,0.990909090909091,0.42203426148286094,0.7887900256653885
arc1_blank_test,structural_defect_reversed_sanity,higher_is_more_confident,111,111,200,0.555,1.0,0.009009009009009009,0.990990990990991,0.4191100135429251,0.7854595751057266
arc1_blank_test,structural_defect_reversed_sanity,higher_is_more_confident,112,112,200,0.56,1.0,0.008928571428571428,0.9910714285714286,0.4068402796375181,0.7820790456819033
arc1_blank_test,structural_defect_reversed_sanity,higher_is_more_confident,113,113,200,0.565,1.0,0.008849557522123894,0.9911504424778761,0.3924430289497237,0.7786309393391407
arc1_blank_test,structural_defect_reversed_sanity,higher_is_more_confident,114,114,200,0.57,1.0,0.008771929824561403,0.9912280701754386,0.3818113101958859,0.7751500653992877
arc1_blank_test,structural_defect_reversed_sanity,higher_is_more_confident,115,115,200,0.575,1.0,0.008695652173913044,0.991304347826087,0.37975541559643167,0.7717118510531759
arc1_blank_test,structural_defect_reversed_sanity,higher_is_more_confident,116,116,200,0.58,1.0,0.008620689655172414,0.9913793103448276,0.37609297867100633,0.76830134353264
arc1_blank_test,structural_defect_reversed_sanity,higher_is_more_confident,117,117,200,0.585,1.0,0.008547008547008548,0.9914529914529915,0.367816069331941,0.7648783924710955
arc1_blank_test,structural_defect_reversed_sanity,higher_is_more_confident,118,118,200,0.59,1.0,0.00847457627118644,0.9915254237288136,0.3657911959949329,0.7614962975857043
arc1_blank_test,structural_defect_reversed_sanity,higher_is_more_confident,119,119,200,0.595,1.0,0.008403361344537815,0.9915966386554622,0.3579746704007951,0.7581053595421335
arc1_blank_test,structural_defect_reversed_sanity,higher_is_more_confident,120,120,200,0.6,1.0,0.008333333333333333,0.9916666666666667,0.3448102846580693,0.7546612339180997
arc1_blank_test,structural_defect_reversed_sanity,higher_is_more_confident,121,121,200,0.605,1.0,0.008264462809917356,0.9917355371900827,0.3273663980364043,0.7511298716380856
arc1_blank_test,structural_defect_reversed_sanity,higher_is_more_confident,122,122,200,0.61,1.0,0.00819672131147541,0.9918032786885246,0.3218362106272131,0.7476110711379965
arc1_blank_test,structural_defect_reversed_sanity,higher_is_more_confident,123,123,200,0.615,1.0,0.008130081300813009,0.991869918699187,0.32091500345376134,0.7441419974169865
arc1_blank_test,structural_defect_reversed_sanity,higher_is_more_confident,124,124,200,0.62,1.0,0.008064516129032258,0.9919354838709677,0.31943523302847376,0.7407169428654662
arc1_blank_test,structural_defect_reversed_sanity,higher_is_more_confident,125,125,200,0.625,1.0,0.008,0.992,0.31797102939935373,0.7373349755577374
arc1_blank_test,structural_defect_reversed_sanity,higher_is_more_confident,126,126,200,0.63,1.0,0.007936507936507936,0.9920634920634921,0.3134902307280788,0.7339711283765497
arc1_blank_test,structural_defect_reversed_sanity,higher_is_more_confident,127,127,200,0.635,2.0,0.015748031496062992,0.984251968503937,0.3039094032946028,0.7305848155806287
arc1_blank_test,structural_defect_reversed_sanity,higher_is_more_confident,128,128,200,0.64,2.0,0.015625,0.984375,0.30288894921509535,0.727243441624648
arc1_blank_test,structural_defect_reversed_sanity,higher_is_more_confident,129,129,200,0.645,2.0,0.015503875968992248,0.9844961240310077,0.30163436044308634,0.7239441464216902
arc1_blank_test,structural_defect_reversed_sanity,higher_is_more_confident,130,130,200,0.65,2.0,0.015384615384615385,0.9846153846153847,0.29473892895677045,0.7206425678258063
arc1_blank_test,structural_defect_reversed_sanity,higher_is_more_confident,131,131,200,0.655,2.0,0.015267175572519083,0.9847328244274809,0.28713524494377995,0.7173333516206
arc1_blank_test,structural_defect_reversed_sanity,higher_is_more_confident,132,132,200,0.66,2.0,0.015151515151515152,0.9848484848484849,0.2870796618025284,0.7140738539704631
arc1_blank_test,structural_defect_reversed_sanity,higher_is_more_confident,133,133,200,0.665,2.0,0.015037593984962405,0.9849624060150376,0.27943670551386857,0.710805905485827
arc1_blank_test,structural_defect_reversed_sanity,higher_is_more_confident,134,134,200,0.67,2.0,0.014925373134328358,0.9850746268656716,0.25885863713891755,0.7074331646772679
arc1_blank_test,structural_defect_reversed_sanity,higher_is_more_confident,135,135,200,0.675,2.0,0.014814814814814815,0.9851851851851852,0.2581149950769386,0.7041048819394877
arc1_blank_test,structural_defect_reversed_sanity,higher_is_more_confident,136,136,200,0.68,3.0,0.022058823529411766,0.9779411764705882,0.2470744441217757,0.7007443640143576
arc1_blank_test,structural_defect_reversed_sanity,higher_is_more_confident,137,137,200,0.685,3.0,0.021897810218978103,0.9781021897810219,0.24354334680600231,0.6974071303121068
arc1_blank_test,structural_defect_reversed_sanity,higher_is_more_confident,138,138,200,0.69,3.0,0.021739130434782608,0.9782608695652174,0.24237826555878017,0.6941098196979523
arc1_blank_test,structural_defect_reversed_sanity,higher_is_more_confident,139,139,200,0.695,3.0,0.02158273381294964,0.9784172661870504,0.2385493780428437,0.690832406448635
arc1_blank_test,structural_defect_reversed_sanity,higher_is_more_confident,140,140,200,0.7,3.0,0.02142857142857143,0.9785714285714285,0.22374088562432126,0.6874960384427471
arc1_blank_test,structural_defect_reversed_sanity,higher_is_more_confident,141,141,200,0.705,3.0,0.02127659574468085,0.9787234042553191,0.22067678268452784,0.6841852635792135
arc1_blank_test,structural_defect_reversed_sanity,higher_is_more_confident,142,142,200,0.71,3.0,0.02112676056338028,0.9788732394366197,0.21864424368077628,0.6809068056926048
arc1_blank_test,structural_defect_reversed_sanity,higher_is_more_confident,143,143,200,0.715,3.0,0.02097902097902098,0.9790209790209791,0.21159300663873482,0.6776248910139064
arc1_blank_test,structural_defect_reversed_sanity,higher_is_more_confident,144,144,200,0.72,3.0,0.020833333333333332,0.9791666666666666,0.2110627639196364,0.6743848762424185
arc1_blank_test,structural_defect_reversed_sanity,higher_is_more_confident,145,145,200,0.725,3.0,0.020689655172413793,0.9793103448275862,0.20113594248318856,0.6711210904923548
arc1_blank_test,structural_defect_reversed_sanity,higher_is_more_confident,146,146,200,0.73,3.0,0.02054794520547945,0.9794520547945206,0.19811581371080444,0.6678813283226182
arc1_blank_test,structural_defect_reversed_sanity,higher_is_more_confident,147,147,200,0.735,3.0,0.02040816326530612,0.9795918367346939,0.1956489477928205,0.664668863148946
arc1_blank_test,structural_defect_reversed_sanity,higher_is_more_confident,148,148,200,0.74,3.0,0.02027027027027027,0.9797297297297297,0.19541473584491376,0.6614982271536486
arc1_blank_test,structural_defect_reversed_sanity,higher_is_more_confident,149,149,200,0.745,3.0,0.020134228187919462,0.9798657718120806,0.1914269500871959,0.6583433863679676
arc1_blank_test,structural_defect_reversed_sanity,higher_is_more_confident,150,150,200,0.75,3.0,0.02,0.98,0.18688738507151204,0.6552003463593246
arc1_blank_test,structural_defect_reversed_sanity,higher_is_more_confident,151,151,200,0.755,3.0,0.019867549668874173,0.9801324503311258,0.17861786689833647,0.6520441709986559
arc1_blank_test,structural_defect_reversed_sanity,higher_is_more_confident,152,152,200,0.76,3.0,0.019736842105263157,0.9802631578947368,0.17530098695416396,0.6489077026825737
arc1_blank_test,structural_defect_reversed_sanity,higher_is_more_confident,153,153,200,0.765,4.0,0.026143790849673203,0.9738562091503268,0.17513414475834088,0.6458111434804545
arc1_blank_test,structural_defect_reversed_sanity,higher_is_more_confident,154,154,200,0.77,4.0,0.025974025974025976,0.974025974025974,0.16533071634124974,0.6426911407068233
arc1_blank_test,structural_defect_reversed_sanity,higher_is_more_confident,155,155,200,0.775,4.0,0.025806451612903226,0.9741935483870968,0.1610756644798601,0.6395839440860043
arc1_blank_test,structural_defect_reversed_sanity,higher_is_more_confident,156,156,200,0.78,4.0,0.02564102564102564,0.9743589743589743,0.15390190197087494,0.6364705976621893
arc1_blank_test,structural_defect_reversed_sanity,higher_is_more_confident,157,157,200,0.785,4.0,0.025477707006369428,0.9745222929936306,0.15290012253803753,0.6333905309416533
arc1_blank_test,structural_defect_reversed_sanity,higher_is_more_confident,158,158,200,0.79,4.0,0.02531645569620253,0.9746835443037974,0.15171130574681413,0.6303419282505467
arc1_blank_test,structural_defect_reversed_sanity,higher_is_more_confident,159,159,200,0.795,4.0,0.025157232704402517,0.9748427672955975,0.1473240849462577,0.6273040801794506
arc1_blank_test,structural_defect_reversed_sanity,higher_is_more_confident,160,160,200,0.8,4.0,0.025,0.975,0.14703458026166505,0.6243023958049644
arc1_blank_test,structural_defect_reversed_sanity,higher_is_more_confident,161,161,200,0.805,4.0,0.024844720496894408,0.9751552795031055,0.14259285144088107,0.6213104110573614
arc1_blank_test,structural_defect_reversed_sanity,higher_is_more_confident,162,162,200,0.81,4.0,0.024691358024691357,0.9753086419753086,0.14203536479639023,0.6183519231174789
arc1_blank_test,structural_defect_reversed_sanity,higher_is_more_confident,163,163,200,0.815,5.0,0.03067484662576687,0.9693251533742331,0.13763285425268934,0.615402726375977
arc1_blank_test,structural_defect_reversed_sanity,higher_is_more_confident,164,164,200,0.82,5.0,0.03048780487804878,0.9695121951219512,0.1359210528585688,0.6124790576350172
arc1_blank_test,structural_defect_reversed_sanity,higher_is_more_confident,165,165,200,0.825,6.0,0.03636363636363636,0.9636363636363636,0.13387645719301555,0.6095784358141566
arc1_blank_test,structural_defect_reversed_sanity,higher_is_more_confident,166,166,200,0.83,6.0,0.03614457831325301,0.963855421686747,0.13262596033782303,0.6067052281305642
arc1_blank_test,structural_defect_reversed_sanity,higher_is_more_confident,167,167,200,0.835,7.0,0.041916167664670656,0.9580838323353293,0.1323608399897782,0.6038648425728349
arc1_blank_test,structural_defect_reversed_sanity,higher_is_more_confident,168,168,200,0.84,7.0,0.041666666666666664,0.9583333333333334,0.13156456359922875,0.6010535313884682
arc1_blank_test,structural_defect_reversed_sanity,higher_is_more_confident,169,169,200,0.845,7.0,0.04142011834319527,0.9585798816568047,0.13081114897849389,0.5982710320842671
arc1_blank_test,structural_defect_reversed_sanity,higher_is_more_confident,170,170,200,0.85,7.0,0.041176470588235294,0.9588235294117647,0.13031114862619597,0.5955183268874549
arc1_blank_test,structural_defect_reversed_sanity,higher_is_more_confident,171,171,200,0.855,7.0,0.04093567251461988,0.9590643274853801,0.1258307962657063,0.5927716161820645
arc1_blank_test,structural_defect_reversed_sanity,higher_is_more_confident,172,172,200,0.86,7.0,0.040697674418604654,0.9593023255813954,0.12390850005382614,0.5900456678324818
arc1_blank_test,structural_defect_reversed_sanity,higher_is_more_confident,173,173,200,0.865,7.0,0.04046242774566474,0.9595375722543352,0.11706395595151775,0.5873116694979098
arc1_blank_test,structural_defect_reversed_sanity,higher_is_more_confident,174,174,200,0.87,7.0,0.040229885057471264,0.9597701149425287,0.1168852026063828,0.5846080691134757
arc1_blank_test,structural_defect_reversed_sanity,higher_is_more_confident,175,175,200,0.875,7.0,0.04,0.96,0.11649287726183355,0.5819331251600378
arc1_blank_test,structural_defect_reversed_sanity,higher_is_more_confident,176,176,200,0.88,7.0,0.03977272727272727,0.9602272727272727,0.11209511356094803,0.5792635910032248
arc1_blank_test,structural_defect_reversed_sanity,higher_is_more_confident,177,177,200,0.885,7.0,0.03954802259887006,0.96045197740113,0.10601675805383759,0.5765898800826068
arc1_blank_test,structural_defect_reversed_sanity,higher_is_more_confident,178,178,200,0.89,7.0,0.03932584269662921,0.9606741573033708,0.09798344294317074,0.5739010798739583
arc1_blank_test,structural_defect_reversed_sanity,higher_is_more_confident,179,179,200,0.895,7.0,0.03910614525139665,0.9608938547486033,0.09109471862724372,0.5712038376323566
arc1_blank_test,structural_defect_reversed_sanity,higher_is_more_confident,180,180,200,0.9,7.0,0.03888888888888889,0.9611111111111111,0.0873771947740295,0.5685159118386992
arc1_blank_test,structural_defect_reversed_sanity,higher_is_more_confident,181,181,200,0.905,7.0,0.03867403314917127,0.9613259668508287,0.08715239638623629,0.5658564449024978
arc1_blank_test,structural_defect_reversed_sanity,higher_is_more_confident,182,182,200,0.91,7.0,0.038461538461538464,0.9615384615384616,0.08616972577523674,0.5632208035886117
arc1_blank_test,structural_defect_reversed_sanity,higher_is_more_confident,183,183,200,0.915,7.0,0.03825136612021858,0.9617486338797814,0.0830686563921551,0.5605970213634944
arc1_blank_test,structural_defect_reversed_sanity,higher_is_more_confident,184,184,200,0.92,7.0,0.03804347826086957,0.9619565217391304,0.07716049506217582,0.5579696489379438
arc1_blank_test,structural_defect_reversed_sanity,higher_is_more_confident,185,185,200,0.925,7.0,0.03783783783783784,0.9621621621621621,0.07282910142499499,0.5553472676000359
arc1_blank_test,structural_defect_reversed_sanity,higher_is_more_confident,186,186,200,0.93,7.0,0.03763440860215054,0.9623655913978495,0.0727985285130548,0.5527529195404286
arc1_blank_test,structural_defect_reversed_sanity,higher_is_more_confident,187,187,200,0.935,7.0,0.0374331550802139,0.9625668449197861,0.07107679876317485,0.5501771114079299
arc1_blank_test,structural_defect_reversed_sanity,higher_is_more_confident,188,188,200,0.94,7.0,0.03723404255319149,0.9627659574468085,0.07037542557384935,0.5476249747811528
arc1_blank_test,structural_defect_reversed_sanity,higher_is_more_confident,189,189,200,0.945,7.0,0.037037037037037035,0.962962962962963,0.06517502714657808,0.545072329555573
arc1_blank_test,structural_defect_reversed_sanity,higher_is_more_confident,190,190,200,0.95,7.0,0.03684210526315789,0.9631578947368421,0.061335393088585155,0.542526345679431
arc1_blank_test,structural_defect_reversed_sanity,higher_is_more_confident,191,191,200,0.955,7.0,0.03664921465968586,0.9633507853403142,0.0601161343536345,0.5400006377667306
arc1_blank_test,structural_defect_reversed_sanity,higher_is_more_confident,192,192,200,0.96,7.0,0.036458333333333336,0.9635416666666666,0.05666862219502378,0.5374832835189612
arc1_blank_test,structural_defect_reversed_sanity,higher_is_more_confident,193,193,200,0.965,7.0,0.03626943005181347,0.9637305699481865,0.044989798211197085,0.5349315038023407
arc1_blank_test,structural_defect_reversed_sanity,higher_is_more_confident,194,194,200,0.97,7.0,0.03608247422680412,0.9639175257731959,0.04331531281759793,0.5323973997250997
arc1_blank_test,structural_defect_reversed_sanity,higher_is_more_confident,195,195,200,0.975,7.0,0.035897435897435895,0.9641025641025641,0.03330292213234842,0.5298379408656497
arc1_blank_test,structural_defect_reversed_sanity,higher_is_more_confident,196,196,200,0.98,7.0,0.03571428571428571,0.9642857142857143,0.024328511557494936,0.5272588111242815
arc1_blank_test,structural_defect_reversed_sanity,higher_is_more_confident,197,197,200,0.985,7.0,0.03553299492385787,0.9644670050761421,0.02393450197093805,0.5247038653925388
arc1_blank_test,structural_defect_reversed_sanity,higher_is_more_confident,198,198,200,0.99,7.0,0.03535353535353535,0.9646464646464646,0.01936289346197606,0.5221516382615763
arc1_blank_test,structural_defect_reversed_sanity,higher_is_more_confident,199,199,200,0.995,7.0,0.035175879396984924,0.964824120603015,0.00995309502711883,0.5195777762352725
arc1_blank_test,structural_defect_reversed_sanity,higher_is_more_confident,200,200,200,1.0,8.0,0.04,0.96,0.0,0.5169798873540961
